date,region,product,units,revenue,cost,returns
2025-01-01,North,Laptop Pro,15,21938.22,15476.42,0
2025-01-01,North,Laptop Air,12,11587.89,8546.05,1
2025-01-01,North,Tablet,20,11927.4,7696.46,0
2025-01-01,North,Smartwatch,33,9274.85,5877.38,2
2025-01-01,North,Headphones,44,6363.2,3523.37,1
2025-01-01,South,Laptop Pro,12,17874.15,12575.33,0
2025-01-01,South,Laptop Air,21,20205.46,15020.13,0
2025-01-01,South,Tablet,24,13578.31,9467.66,0
2025-01-01,South,Smartwatch,32,9236.71,5694.01,2
2025-01-01,South,Headphones,41,5673.43,3243.58,1
2025-01-01,East,Laptop Pro,7,9767.8,7453.71,1
2025-01-01,East,Laptop Air,14,13423.42,10079.81,1
2025-01-01,East,Tablet,19,10542.26,8081.36,1
2025-01-01,East,Smartwatch,19,5330.01,3397.27,2
2025-01-01,East,Headphones,34,4949.75,2743.82,1
2025-01-01,West,Laptop Pro,11,15481.74,11478.38,0
2025-01-01,West,Laptop Air,20,19190.64,14303.71,0
2025-01-01,West,Tablet,26,14927.19,10724.97,1
2025-01-01,West,Smartwatch,27,7762.64,4956.96,1
2025-01-01,West,Headphones,47,6596.73,3628.05,1
2025-01-02,North,Laptop Pro,9,12507.94,9256.74,0
2025-01-02,North,Laptop Air,22,21437.65,15796.84,1
2025-01-02,North,Tablet,25,14229.69,9896.58,0
2025-01-02,North,Smartwatch,30,8547.55,5237.1,0
2025-01-02,North,Headphones,37,5155.95,2966.86,2
2025-01-02,South,Laptop Pro,13,18802.35,13137.27,0
2025-01-02,South,Laptop Air,17,16741.38,12271.03,0
2025-01-02,South,Tablet,22,12985.54,8928.48,0
2025-01-02,South,Smartwatch,29,8664.31,5311.11,1
2025-01-02,South,Headphones,36,5356.49,2871.69,0
2025-01-02,East,Laptop Pro,14,20493.95,15144.18,0
2025-01-02,East,Laptop Air,8,7934.36,5798.2,0
2025-01-02,East,Tablet,16,8931.0,6508.27,1
2025-01-02,East,Smartwatch,27,7865.41,4788.44,0
2025-01-02,East,Headphones,42,6114.29,3462.25,1
2025-01-02,West,Laptop Pro,15,21136.49,15749.07,1
2025-01-02,West,Laptop Air,20,19517.86,14854.11,0
2025-01-02,West,Tablet,16,9050.74,6573.84,0
2025-01-02,West,Smartwatch,23,6446.02,4161.33,0
2025-01-02,West,Headphones,42,6118.47,3387.26,1
2025-01-03,North,Laptop Pro,10,14426.63,10462.21,1
2025-01-03,North,Laptop Air,16,15587.55,11331.26,0
2025-01-03,North,Tablet,30,17390.64,12142.85,4
2025-01-03,North,Smartwatch,35,10012.17,6368.55,0
2025-01-03,North,Headphones,45,6561.19,3483.46,1
2025-01-03,South,Laptop Pro,11,15887.34,11530.88,0
2025-01-03,South,Laptop Air,14,13444.23,10254.99,1
2025-01-03,South,Tablet,24,14371.77,9881.42,2
2025-01-03,South,Smartwatch,27,7993.96,4930.5,1
2025-01-03,South,Headphones,43,6170.65,3335.61,1
2025-01-03,East,Laptop Pro,5,7498.41,5139.28,1
2025-01-03,East,Laptop Air,14,13211.3,10010.25,2
2025-01-03,East,Tablet,13,7234.99,5345.48,3
2025-01-03,East,Smartwatch,21,5919.7,3734.11,0
2025-01-03,East,Headphones,41,5995.44,3349.44,0
2025-01-03,West,Laptop Pro,13,18798.25,13479.88,0
2025-01-03,West,Laptop Air,28,26542.39,20374.75,1
2025-01-03,West,Tablet,25,14183.48,9811.99,0
2025-01-03,West,Smartwatch,29,8019.66,5199.77,0
2025-01-03,West,Headphones,57,8212.8,4456.8,1
2025-01-04,North,Laptop Pro,13,19110.73,14043.97,0
2025-01-04,North,Laptop Air,18,17478.44,12779.89,1
2025-01-04,North,Tablet,24,13337.35,9302.95,0
2025-01-04,North,Smartwatch,26,7405.19,4527.78,1
2025-01-04,North,Headphones,40,5585.16,3194.53,0
2025-01-04,South,Laptop Pro,10,14131.1,10403.81,0
2025-01-04,South,Laptop Air,21,19378.08,15316.17,1
2025-01-04,South,Tablet,18,10366.94,7166.14,0
2025-01-04,South,Smartwatch,31,8593.27,5710.12,0
2025-01-04,South,Headphones,53,7386.57,4207.32,2
2025-01-04,East,Laptop Pro,10,13988.29,10715.56,0
2025-01-04,East,Laptop Air,15,13873.09,10594.25,0
2025-01-04,East,Tablet,18,10345.94,6983.52,1
2025-01-04,East,Smartwatch,23,6489.96,4071.83,0
2025-01-04,East,Headphones,53,7596.81,4144.28,1
2025-01-04,West,Laptop Pro,13,18289.03,13311.31,0
2025-01-04,West,Laptop Air,23,21594.7,16697.0,1
2025-01-04,West,Tablet,22,12399.13,8753.48,0
2025-01-04,West,Smartwatch,36,10429.82,6498.37,0
2025-01-04,West,Headphones,61,8567.12,4931.49,0
2025-01-05,North,Laptop Pro,9,12553.39,9131.4,0
2025-01-05,North,Laptop Air,21,19931.09,15292.35,1
2025-01-05,North,Tablet,20,11563.53,7807.17,1
2025-01-05,North,Smartwatch,33,9224.23,5871.47,0
2025-01-05,North,Headphones,41,5767.0,3155.88,0
2025-01-05,South,Laptop Pro,7,10105.54,7446.22,0
2025-01-05,South,Laptop Air,21,20025.82,14609.23,1
2025-01-05,South,Tablet,18,10207.45,7027.18,1
2025-01-05,South,Smartwatch,34,9638.33,5981.98,0
2025-01-05,South,Headphones,37,5411.9,2952.38,0
2025-01-05,East,Laptop Pro,18,26367.79,18839.8,0
2025-01-05,East,Laptop Air,15,13935.18,10975.37,1
2025-01-05,East,Tablet,23,12765.54,9180.76,0
2025-01-05,East,Smartwatch,22,6387.71,4036.49,0
2025-01-05,East,Headphones,56,7786.21,4513.99,0
2025-01-05,West,Laptop Pro,12,17322.2,12361.74,1
2025-01-05,West,Laptop Air,15,14799.36,10655.89,0
2025-01-05,West,Tablet,25,14120.54,10302.12,1
2025-01-05,West,Smartwatch,34,10162.56,6270.24,0
2025-01-05,West,Headphones,45,6688.49,3659.33,0
2025-01-06,North,Laptop Pro,12,16644.95,12840.78,0
2025-01-06,North,Laptop Air,15,14378.85,10900.47,2
2025-01-06,North,Tablet,27,15854.78,10872.38,0
2025-01-06,North,Smartwatch,20,5769.4,3603.58,0
2025-01-06,North,Headphones,42,6008.6,3474.16,2
2025-01-06,South,Laptop Pro,17,24196.61,17684.12,0
2025-01-06,South,Laptop Air,14,13609.99,10128.44,0
2025-01-06,South,Tablet,14,8139.67,5408.67,0
2025-01-06,South,Smartwatch,17,4875.7,2972.44,1
2025-01-06,South,Headphones,28,3989.44,2321.32,0
2025-01-06,East,Laptop Pro,12,16673.25,12755.43,1
2025-01-06,East,Laptop Air,13,12592.03,9320.18,1
2025-01-06,East,Tablet,9,5022.14,3605.64,0
2025-01-06,East,Smartwatch,22,6075.58,3852.44,0
2025-01-06,East,Headphones,41,5983.21,3251.92,1
2025-01-06,West,Laptop Pro,4,5986.9,4077.52,1
2025-01-06,West,Laptop Air,18,17129.71,12883.46,1
2025-01-06,West,Tablet,26,14472.25,10541.51,0
2025-01-06,West,Smartwatch,39,11650.03,7083.64,1
2025-01-06,West,Headphones,49,7234.08,4044.59,1
2025-01-07,North,Laptop Pro,15,21282.93,15842.84,2
2025-01-07,North,Laptop Air,19,17769.33,13001.89,0
2025-01-07,North,Tablet,28,16683.56,11636.95,1
2025-01-07,North,Smartwatch,29,8446.84,5132.23,1
2025-01-07,North,Headphones,41,6032.54,3290.63,2
2025-01-07,South,Laptop Pro,11,15226.36,11573.52,1
2025-01-07,South,Laptop Air,13,12290.23,9405.1,1
2025-01-07,South,Tablet,18,10389.05,7206.92,0
2025-01-07,South,Smartwatch,26,7261.89,4686.15,0
2025-01-07,South,Headphones,52,7464.5,4050.04,1
2025-01-07,East,Laptop Pro,9,12515.76,9938.94,1
2025-01-07,East,Laptop Air,20,19617.91,14587.61,0
2025-01-07,East,Tablet,21,12572.44,8408.72,1
2025-01-07,East,Smartwatch,30,8691.31,5598.92,3
2025-01-07,East,Headphones,43,6344.59,3366.25,2
2025-01-07,West,Laptop Pro,7,9797.99,7477.65,0
2025-01-07,West,Laptop Air,11,10531.03,7832.06,1
2025-01-07,West,Tablet,14,8206.02,5645.06,0
2025-01-07,West,Smartwatch,34,9568.76,6171.95,1
2025-01-07,West,Headphones,58,8333.29,4423.17,1
2025-01-08,North,Laptop Pro,13,18715.64,13259.16,1
2025-01-08,North,Laptop Air,20,19710.74,14856.89,0
2025-01-08,North,Tablet,23,12701.28,9153.6,0
2025-01-08,North,Smartwatch,30,8525.51,5616.17,1
2025-01-08,North,Headphones,51,7126.85,4186.91,1
2025-01-08,South,Laptop Pro,11,15497.15,11499.12,1
2025-01-08,South,Laptop Air,24,23034.37,17173.38,1
2025-01-08,South,Tablet,14,8393.46,5784.62,1
2025-01-08,South,Smartwatch,30,8520.0,5627.13,1
2025-01-08,South,Headphones,47,6993.18,3738.45,2
2025-01-08,East,Laptop Pro,9,12461.62,9740.71,1
2025-01-08,East,Laptop Air,19,18621.12,13961.81,0
2025-01-08,East,Tablet,17,9900.26,6963.55,0
2025-01-08,East,Smartwatch,20,5735.25,3607.28,1
2025-01-08,East,Headphones,52,7486.37,4104.05,0
2025-01-08,West,Laptop Pro,10,14213.82,10278.58,1
2025-01-08,West,Laptop Air,21,19683.81,14725.59,0
2025-01-08,West,Tablet,15,8454.5,6229.31,1
2025-01-08,West,Smartwatch,31,8624.38,5581.22,0
2025-01-08,West,Headphones,45,6496.25,3517.58,1
2025-01-09,North,Laptop Pro,16,22974.39,17136.82,1
2025-01-09,North,Laptop Air,18,16741.33,12835.88,0
2025-01-09,North,Tablet,27,15834.1,10659.39,1
2025-01-09,North,Smartwatch,27,7940.64,5061.01,2
2025-01-09,North,Headphones,49,7344.64,3815.67,1
2025-01-09,South,Laptop Pro,6,8468.29,6329.62,2
2025-01-09,South,Laptop Air,13,12284.91,9249.38,1
2025-01-09,South,Tablet,22,12907.78,8667.91,1
2025-01-09,South,Smartwatch,29,8609.58,5067.17,1
2025-01-09,South,Headphones,36,5381.63,2883.43,2
2025-01-09,East,Laptop Pro,16,23063.3,16506.37,1
2025-01-09,East,Laptop Air,18,17721.39,13113.29,0
2025-01-09,East,Tablet,8,4495.34,3196.99,1
2025-01-09,East,Smartwatch,19,5266.78,3398.62,2
2025-01-09,East,Headphones,44,6189.82,3458.85,1
2025-01-09,West,Laptop Pro,16,22364.94,17280.72,0
2025-01-09,West,Laptop Air,21,19335.47,15342.47,1
2025-01-09,West,Tablet,18,10159.94,7101.89,1
2025-01-09,West,Smartwatch,18,5154.92,3151.92,0
2025-01-09,West,Headphones,48,6733.43,3695.0,1
2025-01-10,North,Laptop Pro,7,10026.36,7517.19,0
2025-01-10,North,Laptop Air,22,21238.77,16128.03,0
2025-01-10,North,Tablet,23,13764.11,9392.57,1
2025-01-10,North,Smartwatch,42,11951.88,7541.81,1
2025-01-10,North,Headphones,47,6543.8,3820.61,2
2025-01-10,South,Laptop Pro,7,9917.75,7501.0,0
2025-01-10,South,Laptop Air,15,14515.02,10784.92,1
2025-01-10,South,Tablet,14,7985.44,5559.89,0
2025-01-10,South,Smartwatch,24,6731.74,4235.65,2
2025-01-10,South,Headphones,40,5633.16,3227.27,1
2025-01-10,East,Laptop Pro,12,17292.7,12740.92,0
2025-01-10,East,Laptop Air,15,14565.99,10712.19,2
2025-01-10,East,Tablet,20,11619.01,7953.8,0
2025-01-10,East,Smartwatch,26,7233.46,4659.66,1
2025-01-10,East,Headphones,41,6066.43,3331.91,2
2025-01-10,West,Laptop Pro,14,19550.19,14295.95,2
2025-01-10,West,Laptop Air,19,18703.17,13377.6,1
2025-01-10,West,Tablet,26,14375.85,10174.16,3
2025-01-10,West,Smartwatch,28,8098.71,5025.03,0
2025-01-10,West,Headphones,41,5789.15,3300.68,0
2025-01-11,North,Laptop Pro,20,28249.5,20551.07,0
2025-01-11,North,Laptop Air,20,18763.95,14661.79,0
2025-01-11,North,Tablet,22,12366.4,9057.43,1
2025-01-11,North,Smartwatch,33,9869.05,5989.16,0
2025-01-11,North,Headphones,35,5135.2,2862.88,1
2025-01-11,South,Laptop Pro,10,14724.35,10307.81,0
2025-01-11,South,Laptop Air,16,15105.8,11314.63,0
2025-01-11,South,Tablet,28,15881.62,11315.28,1
2025-01-11,South,Smartwatch,24,7028.91,4316.68,0
2025-01-11,South,Headphones,36,5057.19,2828.55,1
2025-01-11,East,Laptop Pro,15,21939.08,16198.89,1
2025-01-11,East,Laptop Air,20,19451.3,14486.05,1
2025-01-11,East,Tablet,20,11617.1,8112.35,2
2025-01-11,East,Smartwatch,29,8181.77,5149.61,2
2025-01-11,East,Headphones,36,5394.91,2976.76,0
2025-01-11,West,Laptop Pro,8,11129.79,8373.8,0
2025-01-11,West,Laptop Air,18,17003.44,13224.14,0
2025-01-11,West,Tablet,27,15439.77,10674.11,0
2025-01-11,West,Smartwatch,31,9123.43,5598.82,1
2025-01-11,West,Headphones,41,5763.53,3316.59,1
2025-01-12,North,Laptop Pro,5,6976.33,5459.52,1
2025-01-12,North,Laptop Air,17,16317.9,12132.35,1
2025-01-12,North,Tablet,26,15235.01,10442.13,1
2025-01-12,North,Smartwatch,24,6980.8,4371.14,1
2025-01-12,North,Headphones,59,8555.29,4586.44,0
2025-01-12,South,Laptop Pro,14,20486.06,14060.74,0
2025-01-12,South,Laptop Air,22,20746.55,15524.52,1
2025-01-12,South,Tablet,20,11671.51,8154.75,1
2025-01-12,South,Smartwatch,28,7848.14,5213.01,0
2025-01-12,South,Headphones,45,6499.61,3533.55,1
2025-01-12,East,Laptop Pro,16,22792.4,16391.18,0
2025-01-12,East,Laptop Air,24,22179.93,17810.41,1
2025-01-12,East,Tablet,27,15621.91,10677.87,0
2025-01-12,East,Smartwatch,29,8581.44,5181.19,0
2025-01-12,East,Headphones,34,4875.63,2799.38,0
2025-01-12,West,Laptop Pro,19,27367.58,20466.59,0
2025-01-12,West,Laptop Air,14,13123.51,10268.31,0
2025-01-12,West,Tablet,19,10615.5,7339.86,2
2025-01-12,West,Smartwatch,42,11881.68,7369.72,0
2025-01-12,West,Headphones,44,6087.07,3598.88,1
2025-01-13,North,Laptop Pro,14,20547.75,14793.46,1
2025-01-13,North,Laptop Air,18,17655.56,12758.41,1
2025-01-13,North,Tablet,30,17580.55,11917.31,0
2025-01-13,North,Smartwatch,38,10788.13,6991.98,0
2025-01-13,North,Headphones,51,7507.68,4204.65,3
2025-01-13,South,Laptop Pro,12,17872.68,12598.49,2
2025-01-13,South,Laptop Air,14,12904.95,9941.52,0
2025-01-13,South,Tablet,24,14037.57,9547.11,1
2025-01-13,South,Smartwatch,21,6187.91,3881.54,0
2025-01-13,South,Headphones,47,6847.67,3859.53,0
2025-01-13,East,Laptop Pro,14,20733.85,14757.11,0
2025-01-13,East,Laptop Air,16,15954.22,11398.01,1
2025-01-13,East,Tablet,27,15804.22,11033.88,0
2025-01-13,East,Smartwatch,15,4378.37,2787.64,0
2025-01-13,East,Headphones,43,6031.52,3340.0,0
2025-01-13,West,Laptop Pro,4,5790.89,4180.48,0
2025-01-13,West,Laptop Air,19,17880.14,13996.27,0
2025-01-13,West,Tablet,24,13552.46,9614.15,1
2025-01-13,West,Smartwatch,28,7869.8,4990.75,1
2025-01-13,West,Headphones,47,6531.96,3773.93,1
2025-01-14,North,Laptop Pro,17,24482.79,17982.34,0
2025-01-14,North,Laptop Air,24,23800.41,16890.57,1
2025-01-14,North,Tablet,24,14355.46,9617.43,0
2025-01-14,North,Smartwatch,27,7978.88,4895.7,0
2025-01-14,North,Headphones,39,5461.93,3089.37,2
2025-01-14,South,Laptop Pro,9,12879.7,9302.68,0
2025-01-14,South,Laptop Air,14,13843.07,9971.56,0
2025-01-14,South,Tablet,15,8904.5,5883.49,0
2025-01-14,South,Smartwatch,29,8079.51,5308.8,0
2025-01-14,South,Headphones,52,7475.5,4078.16,0
2025-01-14,East,Laptop Pro,6,8876.23,6323.82,1
2025-01-14,East,Laptop Air,8,7426.08,5716.89,0
2025-01-14,East,Tablet,21,11873.51,8281.36,0
2025-01-14,East,Smartwatch,25,7213.34,4623.42,0
2025-01-14,East,Headphones,45,6498.86,3590.58,0
2025-01-14,West,Laptop Pro,9,12773.54,9323.48,0
2025-01-14,West,Laptop Air,24,23350.45,17015.57,1
2025-01-14,West,Tablet,25,13800.11,10067.81,0
2025-01-14,West,Smartwatch,32,8997.46,5855.22,2
2025-01-14,West,Headphones,38,5407.72,3117.26,1
2025-01-15,North,Laptop Pro,10,14175.06,10464.79,1
2025-01-15,North,Laptop Air,22,20246.89,15767.85,2
2025-01-15,North,Tablet,22,13188.61,8823.05,2
2025-01-15,North,Smartwatch,36,10780.28,6501.66,3
2025-01-15,North,Headphones,47,6607.24,3701.94,0
2025-01-15,South,Laptop Pro,11,16223.6,11887.82,0
2025-01-15,South,Laptop Air,10,9451.87,7203.2,0
2025-01-15,South,Tablet,17,9789.27,6872.72,1
2025-01-15,South,Smartwatch,27,7893.5,4901.26,1
2025-01-15,South,Headphones,38,5594.51,3064.56,0
2025-01-15,East,Laptop Pro,6,8440.74,6173.48,1
2025-01-15,East,Laptop Air,8,7890.57,5759.26,1
2025-01-15,East,Tablet,15,8885.72,6273.69,0
2025-01-15,East,Smartwatch,25,7234.84,4642.85,0
2025-01-15,East,Headphones,48,7131.3,3852.06,0
2025-01-15,West,Laptop Pro,12,17076.22,12507.55,0
2025-01-15,West,Laptop Air,15,13809.64,10320.96,0
2025-01-15,West,Tablet,18,10153.8,7128.38,1
2025-01-15,West,Smartwatch,25,7138.06,4492.94,0
2025-01-15,West,Headphones,47,6827.42,3736.14,0
2025-01-16,North,Laptop Pro,15,20721.62,15671.98,0
2025-01-16,North,Laptop Air,9,8366.44,6560.67,0
2025-01-16,North,Tablet,31,17378.96,12151.91,0
2025-01-16,North,Smartwatch,25,7362.0,4524.54,2
2025-01-16,North,Headphones,36,5346.61,2873.65,0
2025-01-16,South,Laptop Pro,8,11829.18,8251.77,1
2025-01-16,South,Laptop Air,18,17627.49,13393.93,0
2025-01-16,South,Tablet,22,13113.73,8931.61,0
2025-01-16,South,Smartwatch,24,6688.27,4252.06,3
2025-01-16,South,Headphones,41,6058.88,3313.93,1
2025-01-16,East,Laptop Pro,14,20619.3,14291.5,1
2025-01-16,East,Laptop Air,20,18578.95,14208.92,1
2025-01-16,East,Tablet,15,8310.14,6159.31,0
2025-01-16,East,Smartwatch,24,7072.25,4350.37,1
2025-01-16,East,Headphones,44,6444.67,3539.09,0
2025-01-16,West,Laptop Pro,14,19655.83,14990.17,1
2025-01-16,West,Laptop Air,24,22137.09,17491.26,2
2025-01-16,West,Tablet,15,8532.23,5968.07,1
2025-01-16,West,Smartwatch,32,9260.09,5867.87,1
2025-01-16,West,Headphones,53,7520.97,4096.78,1
2025-01-17,North,Laptop Pro,14,19689.12,14503.76,0
2025-01-17,North,Laptop Air,16,15855.8,11497.66,0
2025-01-17,North,Tablet,28,16214.96,11322.69,2
2025-01-17,North,Smartwatch,32,8941.59,5722.56,1
2025-01-17,North,Headphones,55,7784.42,4243.0,1
2025-01-17,South,Laptop Pro,12,17778.56,12115.03,1
2025-01-17,South,Laptop Air,15,14093.74,10785.29,0
2025-01-17,South,Tablet,24,13631.11,9508.27,1
2025-01-17,South,Smartwatch,27,7928.51,4771.55,1
2025-01-17,South,Headphones,42,6126.62,3287.61,0
2025-01-17,East,Laptop Pro,9,13160.44,9475.28,0
2025-01-17,East,Laptop Air,12,11046.48,8865.03,1
2025-01-17,East,Tablet,15,8867.72,6016.06,0
2025-01-17,East,Smartwatch,25,7002.35,4618.4,3
2025-01-17,East,Headphones,44,6319.82,3493.67,0
2025-01-17,West,Laptop Pro,15,20915.06,15889.68,0
2025-01-17,West,Laptop Air,11,10135.96,8134.16,0
2025-01-17,West,Tablet,25,13846.7,9968.43,1
2025-01-17,West,Smartwatch,27,7546.44,4862.52,1
2025-01-17,West,Headphones,46,6671.71,3652.44,2
2025-01-18,North,Laptop Pro,12,17609.37,12749.31,2
2025-01-18,North,Laptop Air,29,28258.77,21256.79,1
2025-01-18,North,Tablet,20,11372.99,8056.2,0
2025-01-18,North,Smartwatch,32,9337.45,5733.57,0
2025-01-18,North,Headphones,42,6080.82,3259.22,2
2025-01-18,South,Laptop Pro,9,13413.88,9440.85,0
2025-01-18,South,Laptop Air,15,14074.79,10758.54,1
2025-01-18,South,Tablet,17,10109.04,6832.1,1
2025-01-18,South,Smartwatch,30,8757.34,5412.61,1
2025-01-18,South,Headphones,30,4287.44,2475.48,1
2025-01-18,East,Laptop Pro,20,28725.18,20707.51,2
2025-01-18,East,Laptop Air,17,15785.34,11854.38,1
2025-01-18,East,Tablet,18,10230.89,7035.47,1
2025-01-18,East,Smartwatch,19,5340.2,3376.66,0
2025-01-18,East,Headphones,40,5854.35,3269.25,1
2025-01-18,West,Laptop Pro,14,20777.81,14318.61,0
2025-01-18,West,Laptop Air,14,13167.47,9845.38,2
2025-01-18,West,Tablet,18,10667.31,7259.6,1
2025-01-18,West,Smartwatch,34,9519.32,6223.96,1
2025-01-18,West,Headphones,44,6102.09,3410.93,0
2025-01-19,North,Laptop Pro,12,17592.58,12153.44,1
2025-01-19,North,Laptop Air,24,22538.87,17008.17,0
2025-01-19,North,Tablet,35,20265.27,14184.06,2
2025-01-19,North,Smartwatch,42,12298.61,7581.66,0
2025-01-19,North,Headphones,45,6517.18,3546.0,2
2025-01-19,South,Laptop Pro,8,11379.1,8524.22,0
2025-01-19,South,Laptop Air,18,16577.18,12992.22,0
2025-01-19,South,Tablet,29,16982.34,11575.04,0
2025-01-19,South,Smartwatch,31,8774.78,5399.84,0
2025-01-19,South,Headphones,41,5985.24,3229.45,0
2025-01-19,East,Laptop Pro,18,26456.99,19639.72,0
2025-01-19,East,Laptop Air,21,19938.51,15018.3,0
2025-01-19,East,Tablet,21,11832.62,8239.26,0
2025-01-19,East,Smartwatch,30,8483.48,5358.72,0
2025-01-19,East,Headphones,35,4854.11,2806.67,1
2025-01-19,West,Laptop Pro,21,31229.43,22439.55,0
2025-01-19,West,Laptop Air,29,27745.66,21139.37,0
2025-01-19,West,Tablet,24,14064.95,9470.09,2
2025-01-19,West,Smartwatch,28,7851.0,5168.17,0
2025-01-19,West,Headphones,39,5820.97,3170.84,1
2025-01-20,North,Laptop Pro,10,14789.04,10406.52,1
2025-01-20,North,Laptop Air,18,16888.28,12926.77,1
2025-01-20,North,Tablet,23,13408.48,9310.52,1
2025-01-20,North,Smartwatch,35,9927.29,6435.41,1
2025-01-20,North,Headphones,43,5934.77,3335.52,2
2025-01-20,South,Laptop Pro,9,13003.36,9463.32,1
2025-01-20,South,Laptop Air,18,17232.5,12951.93,0
2025-01-20,South,Tablet,25,13829.61,9885.87,1
2025-01-20,South,Smartwatch,37,10437.2,6583.3,2
2025-01-20,South,Headphones,45,6643.75,3675.92,2
2025-01-20,East,Laptop Pro,4,5613.94,4244.91,0
2025-01-20,East,Laptop Air,11,10546.04,8253.69,0
2025-01-20,East,Tablet,21,11806.33,8304.27,0
2025-01-20,East,Smartwatch,35,9997.22,6317.28,0
2025-01-20,East,Headphones,44,6479.97,3541.8,1
2025-01-20,West,Laptop Pro,13,18229.47,13894.63,0
2025-01-20,West,Laptop Air,16,15997.41,11832.98,0
2025-01-20,West,Tablet,24,13376.99,9617.97,0
2025-01-20,West,Smartwatch,37,10373.08,6514.18,2
2025-01-20,West,Headphones,47,6502.84,3706.54,2
2025-01-21,North,Laptop Pro,20,29914.71,21059.95,2
2025-01-21,North,Laptop Air,22,21229.76,16195.69,2
2025-01-21,North,Tablet,23,13613.28,8933.86,2
2025-01-21,North,Smartwatch,31,9021.75,5449.43,1
2025-01-21,North,Headphones,44,6410.03,3573.3,0
2025-01-21,South,Laptop Pro,9,12854.63,9205.5,1
2025-01-21,South,Laptop Air,16,15440.09,11260.79,1
2025-01-21,South,Tablet,13,7197.48,5318.2,0
2025-01-21,South,Smartwatch,30,8800.0,5376.1,3
2025-01-21,South,Headphones,36,5219.1,2862.85,0
2025-01-21,East,Laptop Pro,15,21238.82,16181.01,2
2025-01-21,East,Laptop Air,18,17601.78,12684.48,1
2025-01-21,East,Tablet,16,9044.11,6238.21,0
2025-01-21,East,Smartwatch,23,6508.79,4274.9,1
2025-01-21,East,Headphones,50,7072.66,4018.67,2
2025-01-21,West,Laptop Pro,12,17027.89,12771.29,1
2025-01-21,West,Laptop Air,27,25234.29,19319.05,1
2025-01-21,West,Tablet,18,9940.38,7184.65,0
2025-01-21,West,Smartwatch,28,8362.81,4969.06,0
2025-01-21,West,Headphones,53,7633.81,4266.98,0
2025-01-22,North,Laptop Pro,12,16829.16,12809.51,0
2025-01-22,North,Laptop Air,24,23999.91,17347.73,0
2025-01-22,North,Tablet,23,13198.15,9395.21,1
2025-01-22,North,Smartwatch,33,9377.44,6018.69,0
2025-01-22,North,Headphones,41,6055.66,3211.22,1
2025-01-22,South,Laptop Pro,11,15970.92,11516.56,0
2025-01-22,South,Laptop Air,13,12178.97,9276.06,0
2025-01-22,South,Tablet,17,10145.59,6902.47,2
2025-01-22,South,Smartwatch,29,8606.13,5268.19,3
2025-01-22,South,Headphones,36,5046.59,2887.34,1
2025-01-22,East,Laptop Pro,15,21043.43,16069.28,0
2025-01-22,East,Laptop Air,11,10480.45,7624.48,1
2025-01-22,East,Tablet,13,7540.3,5137.27,0
2025-01-22,East,Smartwatch,20,5949.29,3562.68,0
2025-01-22,East,Headphones,42,5891.04,3376.92,2
2025-01-22,West,Laptop Pro,25,36774.76,26540.23,1
2025-01-22,West,Laptop Air,15,13904.17,10799.72,2
2025-01-22,West,Tablet,24,13506.23,9347.53,1
2025-01-22,West,Smartwatch,35,10432.01,6351.25,0
2025-01-22,West,Headphones,43,6122.09,3448.81,0
2025-01-23,North,Laptop Pro,12,16674.3,12229.88,1
2025-01-23,North,Laptop Air,12,11156.0,8588.95,0
2025-01-23,North,Tablet,22,12552.3,8865.83,0
2025-01-23,North,Smartwatch,19,5621.59,3533.08,0
2025-01-23,North,Headphones,43,6099.0,3365.07,3
2025-01-23,South,Laptop Pro,10,14200.63,10665.93,0
2025-01-23,South,Laptop Air,17,16199.32,11976.48,2
2025-01-23,South,Tablet,13,7634.18,5067.86,1
2025-01-23,South,Smartwatch,28,7795.0,4917.87,0
2025-01-23,South,Headphones,28,4031.13,2267.1,0
2025-01-23,East,Laptop Pro,10,14643.46,10527.28,1
2025-01-23,East,Laptop Air,20,19591.64,14309.37,0
2025-01-23,East,Tablet,24,14076.27,9687.9,0
2025-01-23,East,Smartwatch,32,9245.88,5764.7,0
2025-01-23,East,Headphones,38,5594.73,3046.72,2
2025-01-23,West,Laptop Pro,9,12941.19,9392.63,1
2025-01-23,West,Laptop Air,18,17723.49,12693.66,0
2025-01-23,West,Tablet,21,12326.88,8684.14,0
2025-01-23,West,Smartwatch,24,7131.07,4441.0,0
2025-01-23,West,Headphones,49,7139.85,4044.67,2
2025-01-24,North,Laptop Pro,6,8707.7,6232.05,0
2025-01-24,North,Laptop Air,14,13547.84,9942.52,3
2025-01-24,North,Tablet,16,9043.29,6346.95,1
2025-01-24,North,Smartwatch,30,8651.98,5516.0,0
2025-01-24,North,Headphones,55,7792.62,4399.98,2
2025-01-24,South,Laptop Pro,8,11968.19,8308.74,0
2025-01-24,South,Laptop Air,14,13511.02,10153.35,1
2025-01-24,South,Tablet,21,12509.48,8276.28,0
2025-01-24,South,Smartwatch,34,9822.92,5954.1,2
2025-01-24,South,Headphones,21,2994.97,1684.34,0
2025-01-24,East,Laptop Pro,12,16852.7,12469.95,1
2025-01-24,East,Laptop Air,13,12427.77,9357.44,0
2025-01-24,East,Tablet,20,11635.68,7570.42,0
2025-01-24,East,Smartwatch,23,6754.02,4066.14,2
2025-01-24,East,Headphones,36,4986.38,2877.4,1
2025-01-24,West,Laptop Pro,14,20666.88,14254.18,0
2025-01-24,West,Laptop Air,24,23918.56,16767.69,2
2025-01-24,West,Tablet,21,12473.11,8406.51,0
2025-01-24,West,Smartwatch,40,11042.4,7301.03,2
2025-01-24,West,Headphones,38,5286.81,2985.78,2
2025-01-25,North,Laptop Pro,10,14615.69,10444.95,0
2025-01-25,North,Laptop Air,16,15995.07,11464.93,1
2025-01-25,North,Tablet,20,11263.48,7750.03,3
2025-01-25,North,Smartwatch,28,8198.04,5159.34,2
2025-01-25,North,Headphones,60,8984.05,4782.44,1
2025-01-25,South,Laptop Pro,11,15897.28,11510.21,1
2025-01-25,South,Laptop Air,17,16423.15,12331.31,1
2025-01-25,South,Tablet,24,13983.25,9300.48,0
2025-01-25,South,Smartwatch,22,6255.02,4032.86,1
2025-01-25,South,Headphones,37,5227.65,3022.2,0
2025-01-25,East,Laptop Pro,14,20060.57,14741.32,0
2025-01-25,East,Laptop Air,8,7991.05,5813.25,0
2025-01-25,East,Tablet,19,11379.56,7550.44,1
2025-01-25,East,Smartwatch,30,8365.14,5493.24,0
2025-01-25,East,Headphones,44,6501.56,3462.07,0
2025-01-25,West,Laptop Pro,12,17426.79,12591.84,0
2025-01-25,West,Laptop Air,13,12892.33,9365.1,0
2025-01-25,West,Tablet,19,11190.88,7594.12,2
2025-01-25,West,Smartwatch,40,11534.06,7353.95,1
2025-01-25,West,Headphones,46,6769.98,3841.05,0
2025-01-26,North,Laptop Pro,13,18471.83,13620.01,2
2025-01-26,North,Laptop Air,28,27177.23,20349.65,0
2025-01-26,North,Tablet,23,12929.53,9052.35,0
2025-01-26,North,Smartwatch,33,9423.26,6062.59,2
2025-01-26,North,Headphones,50,7347.62,3958.6,2
2025-01-26,South,Laptop Pro,13,18238.92,14508.62,0
2025-01-26,South,Laptop Air,16,14806.93,11135.06,1
2025-01-26,South,Tablet,15,8913.57,6257.69,0
2025-01-26,South,Smartwatch,35,9937.48,6424.89,1
2025-01-26,South,Headphones,40,5697.22,3128.18,0
2025-01-26,East,Laptop Pro,14,19874.88,15381.92,1
2025-01-26,East,Laptop Air,19,18952.6,13425.99,1
2025-01-26,East,Tablet,20,11973.0,7949.71,1
2025-01-26,East,Smartwatch,31,9080.66,5435.3,2
2025-01-26,East,Headphones,45,6706.67,3589.46,2
2025-01-26,West,Laptop Pro,13,18928.92,13635.61,1
2025-01-26,West,Laptop Air,17,15813.51,12443.19,0
2025-01-26,West,Tablet,22,12825.72,9229.14,0
2025-01-26,West,Smartwatch,28,8136.01,4988.29,1
2025-01-26,West,Headphones,55,8073.44,4157.77,0
2025-01-27,North,Laptop Pro,9,13044.67,9572.57,1
2025-01-27,North,Laptop Air,24,22468.78,17089.81,1
2025-01-27,North,Tablet,22,12322.58,9120.05,1
2025-01-27,North,Smartwatch,30,8696.84,5396.26,0
2025-01-27,North,Headphones,45,6535.7,3545.35,2
2025-01-27,South,Laptop Pro,9,13289.33,9258.55,0
2025-01-27,South,Laptop Air,22,20282.94,16037.33,1
2025-01-27,South,Tablet,21,12286.52,8353.76,1
2025-01-27,South,Smartwatch,31,9045.07,5743.8,0
2025-01-27,South,Headphones,45,6517.88,3584.84,1
2025-01-27,East,Laptop Pro,12,17884.18,12956.48,0
2025-01-27,East,Laptop Air,15,14605.75,10501.89,0
2025-01-27,East,Tablet,15,8329.98,5791.37,0
2025-01-27,East,Smartwatch,21,6262.49,3842.69,0
2025-01-27,East,Headphones,38,5590.34,3011.76,0
2025-01-27,West,Laptop Pro,23,33899.01,24022.7,0
2025-01-27,West,Laptop Air,19,18642.69,13403.06,2
2025-01-27,West,Tablet,21,11637.75,8217.64,1
2025-01-27,West,Smartwatch,43,12168.77,7838.4,0
2025-01-27,West,Headphones,48,6670.2,3838.55,0
2025-01-28,North,Laptop Pro,18,25147.56,18499.24,1
2025-01-28,North,Laptop Air,12,11400.24,8776.61,0
2025-01-28,North,Tablet,28,16047.62,11463.18,1
2025-01-28,North,Smartwatch,31,8921.23,5567.85,0
2025-01-28,North,Headphones,48,6802.83,3917.05,1
2025-01-28,South,Laptop Pro,11,15573.59,11318.58,3
2025-01-28,South,Laptop Air,29,27609.26,21121.04,0
2025-01-28,South,Tablet,16,9255.21,6420.7,2
2025-01-28,South,Smartwatch,42,11919.23,7440.32,2
2025-01-28,South,Headphones,51,7554.11,4247.53,4
2025-01-28,East,Laptop Pro,11,15771.98,11603.77,1
2025-01-28,East,Laptop Air,19,18210.66,13518.35,1
2025-01-28,East,Tablet,19,10912.38,7602.98,1
2025-01-28,East,Smartwatch,24,6905.77,4244.86,1
2025-01-28,East,Headphones,30,4229.91,2344.47,0
2025-01-28,West,Laptop Pro,15,21136.51,15608.43,1
2025-01-28,West,Laptop Air,25,24340.83,17862.58,1
2025-01-28,West,Tablet,9,5248.47,3542.1,0
2025-01-28,West,Smartwatch,25,7490.11,4612.6,0
2025-01-28,West,Headphones,39,5796.98,3072.22,0
2025-01-29,North,Laptop Pro,8,11748.17,8243.39,0
2025-01-29,North,Laptop Air,14,13142.4,9840.96,0
2025-01-29,North,Tablet,30,16851.04,11692.32,0
2025-01-29,North,Smartwatch,33,9703.57,6062.06,0
2025-01-29,North,Headphones,53,7396.84,4261.89,1
2025-01-29,South,Laptop Pro,10,14549.16,10644.97,0
2025-01-29,South,Laptop Air,13,12170.03,9550.65,0
2025-01-29,South,Tablet,30,17327.73,11920.01,0
2025-01-29,South,Smartwatch,33,9335.62,6114.9,1
2025-01-29,South,Headphones,35,5100.35,2764.89,0
2025-01-29,East,Laptop Pro,12,17898.33,12323.88,4
2025-01-29,East,Laptop Air,15,14695.14,10880.7,0
2025-01-29,East,Tablet,23,13030.41,9226.6,0
2025-01-29,East,Smartwatch,37,10284.85,6679.04,1
2025-01-29,East,Headphones,31,4416.28,2530.36,1
2025-01-29,West,Laptop Pro,12,16892.71,12626.77,0
2025-01-29,West,Laptop Air,17,16980.79,12316.64,0
2025-01-29,West,Tablet,21,11833.86,8628.41,1
2025-01-29,West,Smartwatch,31,8678.36,5609.76,1
2025-01-29,West,Headphones,47,6817.26,3797.17,1
2025-01-30,North,Laptop Pro,18,25933.19,18364.1,3
2025-01-30,North,Laptop Air,20,19916.2,15471.12,4
2025-01-30,North,Tablet,22,13015.58,8520.01,1
2025-01-30,North,Smartwatch,38,11348.49,6766.22,0
2025-01-30,North,Headphones,43,6072.61,3400.81,1
2025-01-30,South,Laptop Pro,10,14040.16,10942.68,2
2025-01-30,South,Laptop Air,21,20817.44,14938.38,2
2025-01-30,South,Tablet,24,13338.32,9684.84,0
2025-01-30,South,Smartwatch,23,6436.58,4093.4,0
2025-01-30,South,Headphones,34,4864.88,2663.42,0
2025-01-30,East,Laptop Pro,12,16591.27,12743.73,1
2025-01-30,East,Laptop Air,22,20446.86,15612.23,1
2025-01-30,East,Tablet,14,8250.38,5623.25,0
2025-01-30,East,Smartwatch,23,6373.37,4191.89,0
2025-01-30,East,Headphones,49,7089.54,4069.49,0
2025-01-30,West,Laptop Pro,14,20739.83,14328.92,1
2025-01-30,West,Laptop Air,16,15743.89,11484.79,0
2025-01-30,West,Tablet,16,9074.54,6385.73,0
2025-01-30,West,Smartwatch,26,7183.76,4680.09,1
2025-01-30,West,Headphones,45,6509.55,3784.95,1
2025-01-31,North,Laptop Pro,6,8587.34,6278.16,0
2025-01-31,North,Laptop Air,22,21471.58,15041.48,2
2025-01-31,North,Tablet,28,15663.71,11155.55,0
2025-01-31,North,Smartwatch,37,10997.74,6644.23,0
2025-01-31,North,Headphones,44,6292.57,3503.03,0
2025-01-31,South,Laptop Pro,11,15726.19,11383.99,1
2025-01-31,South,Laptop Air,13,12998.81,9112.65,2
2025-01-31,South,Tablet,18,9987.35,7510.97,0
2025-01-31,South,Smartwatch,21,5808.93,3804.06,1
2025-01-31,South,Headphones,38,5486.83,3028.31,1
2025-01-31,East,Laptop Pro,8,11303.38,8757.44,2
2025-01-31,East,Laptop Air,23,21438.37,16272.3,1
2025-01-31,East,Tablet,24,14265.56,9715.66,0
2025-01-31,East,Smartwatch,18,5363.44,3159.06,1
2025-01-31,East,Headphones,40,5669.13,3248.05,2
2025-01-31,West,Laptop Pro,11,15761.47,11287.93,1
2025-01-31,West,Laptop Air,18,17021.67,13081.94,1
2025-01-31,West,Tablet,15,8588.16,6234.39,0
2025-01-31,West,Smartwatch,37,10454.96,6672.45,1
2025-01-31,West,Headphones,42,6221.93,3212.66,0
2025-02-01,North,Laptop Pro,12,17689.51,12609.01,0
2025-02-01,North,Laptop Air,18,17658.69,13084.53,0
2025-02-01,North,Tablet,20,11600.14,8144.16,0
2025-02-01,North,Smartwatch,47,13243.22,8709.33,0
2025-02-01,North,Headphones,59,8261.37,4863.92,2
2025-02-01,South,Laptop Pro,9,13066.6,9425.25,1
2025-02-01,South,Laptop Air,23,21892.23,16341.59,0
2025-02-01,South,Tablet,31,18160.77,12122.61,1
2025-02-01,South,Smartwatch,34,9811.77,6053.91,0
2025-02-01,South,Headphones,41,5687.07,3311.26,0
2025-02-01,East,Laptop Pro,21,30821.4,21455.25,0
2025-02-01,East,Laptop Air,17,15928.4,12013.1,1
2025-02-01,East,Tablet,18,10763.54,7280.97,2
2025-02-01,East,Smartwatch,34,9918.28,6040.87,1
2025-02-01,East,Headphones,52,7388.92,4190.78,1
2025-02-01,West,Laptop Pro,9,12661.92,9296.1,1
2025-02-01,West,Laptop Air,24,22863.0,17379.46,0
2025-02-01,West,Tablet,22,12282.1,8664.15,0
2025-02-01,West,Smartwatch,30,8409.03,5194.59,0
2025-02-01,West,Headphones,42,5988.78,3424.24,1
2025-02-02,North,Laptop Pro,13,18956.93,13460.02,1
2025-02-02,North,Laptop Air,22,21359.87,15761.23,1
2025-02-02,North,Tablet,24,13691.41,9467.3,0
2025-02-02,North,Smartwatch,29,8243.04,5276.84,0
2025-02-02,North,Headphones,57,8280.1,4590.39,0
2025-02-02,South,Laptop Pro,12,17427.57,12736.61,2
2025-02-02,South,Laptop Air,14,13802.01,9969.21,0
2025-02-02,South,Tablet,20,11999.72,7992.04,1
2025-02-02,South,Smartwatch,40,11556.97,7260.05,0
2025-02-02,South,Headphones,42,5881.26,3463.84,0
2025-02-02,East,Laptop Pro,9,12672.14,9507.93,0
2025-02-02,East,Laptop Air,26,23932.6,18344.35,2
2025-02-02,East,Tablet,20,11357.37,8042.86,0
2025-02-02,East,Smartwatch,23,6770.88,4126.34,1
2025-02-02,East,Headphones,50,7093.59,3840.1,0
2025-02-02,West,Laptop Pro,17,23809.9,17191.28,1
2025-02-02,West,Laptop Air,17,16128.24,12223.72,1
2025-02-02,West,Tablet,28,16152.56,11203.99,1
2025-02-02,West,Smartwatch,37,10550.76,6620.74,0
2025-02-02,West,Headphones,58,8682.04,4722.05,0
2025-02-03,North,Laptop Pro,15,22022.8,15455.43,2
2025-02-03,North,Laptop Air,13,12835.95,9100.5,0
2025-02-03,North,Tablet,23,13343.59,9048.07,0
2025-02-03,North,Smartwatch,32,8914.15,5689.75,0
2025-02-03,North,Headphones,41,6057.53,3276.19,0
2025-02-03,South,Laptop Pro,13,19389.26,13432.24,0
2025-02-03,South,Laptop Air,13,12192.0,8959.07,0
2025-02-03,South,Tablet,19,10608.47,7209.47,0
2025-02-03,South,Smartwatch,20,5744.93,3608.87,0
2025-02-03,South,Headphones,51,7419.54,3987.87,1
2025-02-03,East,Laptop Pro,14,20276.7,14110.43,2
2025-02-03,East,Laptop Air,14,13261.93,10205.99,1
2025-02-03,East,Tablet,17,9521.7,7010.14,0
2025-02-03,East,Smartwatch,29,8568.15,5210.14,1
2025-02-03,East,Headphones,44,6123.61,3538.9,0
2025-02-03,West,Laptop Pro,12,17053.36,12669.78,1
2025-02-03,West,Laptop Air,16,15054.99,10987.05,0
2025-02-03,West,Tablet,32,19066.5,13027.5,0
2025-02-03,West,Smartwatch,34,9450.63,6271.76,1
2025-02-03,West,Headphones,53,7614.07,4395.76,0
2025-02-04,North,Laptop Pro,17,24761.3,17693.77,1
2025-02-04,North,Laptop Air,19,18393.62,13369.43,1
2025-02-04,North,Tablet,19,11132.75,7806.5,0
2025-02-04,North,Smartwatch,35,10363.1,6362.86,0
2025-02-04,North,Headphones,52,7778.37,4232.77,1
2025-02-04,South,Laptop Pro,11,16150.98,11400.53,1
2025-02-04,South,Laptop Air,19,18245.15,13754.3,1
2025-02-04,South,Tablet,27,15335.88,10572.47,0
2025-02-04,South,Smartwatch,26,7342.39,4679.51,1
2025-02-04,South,Headphones,39,5571.26,3098.29,0
2025-02-04,East,Laptop Pro,8,11888.58,8793.72,0
2025-02-04,East,Laptop Air,10,9654.76,7279.0,0
2025-02-04,East,Tablet,14,7951.5,5358.98,0
2025-02-04,East,Smartwatch,28,7900.59,5039.84,0
2025-02-04,East,Headphones,43,6282.55,3465.33,0
2025-02-04,West,Laptop Pro,13,18051.63,13520.61,1
2025-02-04,West,Laptop Air,21,19663.76,14786.53,2
2025-02-04,West,Tablet,20,11182.34,8105.68,2
2025-02-04,West,Smartwatch,24,6816.07,4236.94,0
2025-02-04,West,Headphones,40,5801.39,3236.83,1
2025-02-05,North,Laptop Pro,10,13879.0,10280.37,1
2025-02-05,North,Laptop Air,16,14846.15,11396.99,0
2025-02-05,North,Tablet,29,16246.76,11821.83,0
2025-02-05,North,Smartwatch,36,10030.07,6543.4,0
2025-02-05,North,Headphones,41,5699.03,3282.06,1
2025-02-05,South,Laptop Pro,17,23977.43,17839.32,1
2025-02-05,South,Laptop Air,18,17711.52,12983.47,0
2025-02-05,South,Tablet,21,12057.14,8267.02,0
2025-02-05,South,Smartwatch,30,8556.48,5236.2,1
2025-02-05,South,Headphones,34,4784.46,2750.96,1
2025-02-05,East,Laptop Pro,13,18727.57,14067.72,0
2025-02-05,East,Laptop Air,9,8630.73,6558.31,0
2025-02-05,East,Tablet,18,9939.83,7236.6,2
2025-02-05,East,Smartwatch,22,6361.24,3864.28,1
2025-02-05,East,Headphones,45,6679.79,3663.16,1
2025-02-05,West,Laptop Pro,16,22637.41,16961.75,1
2025-02-05,West,Laptop Air,21,20390.93,15349.87,2
2025-02-05,West,Tablet,22,12937.54,8981.96,0
2025-02-05,West,Smartwatch,40,11396.68,7428.39,0
2025-02-05,West,Headphones,45,6234.64,3519.74,0
2025-02-06,North,Laptop Pro,15,21936.94,15343.97,1
2025-02-06,North,Laptop Air,19,18434.15,13720.53,0
2025-02-06,North,Tablet,31,17907.35,12171.22,0
2025-02-06,North,Smartwatch,31,8788.13,5457.72,0
2025-02-06,North,Headphones,46,6681.44,3769.8,1
2025-02-06,South,Laptop Pro,8,11591.91,8230.48,0
2025-02-06,South,Laptop Air,12,11327.13,8638.09,0
2025-02-06,South,Tablet,18,9948.84,6965.07,0
2025-02-06,South,Smartwatch,27,7894.91,4866.13,1
2025-02-06,South,Headphones,37,5290.11,3030.02,0
2025-02-06,East,Laptop Pro,11,15451.39,11830.22,1
2025-02-06,East,Laptop Air,13,12779.39,9555.62,0
2025-02-06,East,Tablet,16,8971.53,6389.97,1
2025-02-06,East,Smartwatch,29,8452.97,5336.04,0
2025-02-06,East,Headphones,52,7730.72,4195.78,1
2025-02-06,West,Laptop Pro,12,17964.14,12489.39,0
2025-02-06,West,Laptop Air,15,14960.3,10882.45,0
2025-02-06,West,Tablet,29,16289.68,11805.48,1
2025-02-06,West,Smartwatch,26,7378.84,4555.73,1
2025-02-06,West,Headphones,46,6461.99,3601.95,2
2025-02-07,North,Laptop Pro,12,16915.76,12563.81,0
2025-02-07,North,Laptop Air,17,16481.87,11940.91,1
2025-02-07,North,Tablet,20,11104.3,7802.24,1
2025-02-07,North,Smartwatch,24,6694.3,4283.66,0
2025-02-07,North,Headphones,55,8020.09,4487.3,2
2025-02-07,South,Laptop Pro,8,11257.98,8563.49,0
2025-02-07,South,Laptop Air,18,16819.69,13043.22,0
2025-02-07,South,Tablet,18,10377.97,7225.96,1
2025-02-07,South,Smartwatch,31,9210.41,5812.96,0
2025-02-07,South,Headphones,30,4379.74,2374.11,0
2025-02-07,East,Laptop Pro,12,16576.11,12660.75,0
2025-02-07,East,Laptop Air,21,19797.23,14941.89,1
2025-02-07,East,Tablet,21,11819.09,8183.71,1
2025-02-07,East,Smartwatch,26,7230.96,4790.9,0
2025-02-07,East,Headphones,50,7378.34,3975.58,0
2025-02-07,West,Laptop Pro,8,11070.33,8516.73,0
2025-02-07,West,Laptop Air,20,19170.97,14329.11,0
2025-02-07,West,Tablet,22,12413.62,9019.41,0
2025-02-07,West,Smartwatch,29,8478.53,5115.89,0
2025-02-07,West,Headphones,39,5695.84,3192.63,2
2025-02-08,North,Laptop Pro,12,17482.18,12825.34,1
2025-02-08,North,Laptop Air,23,22359.57,15965.62,0
2025-02-08,North,Tablet,28,16716.0,11084.22,0
2025-02-08,North,Smartwatch,34,9947.39,6244.95,0
2025-02-08,North,Headphones,46,6542.65,3800.51,0
2025-02-08,South,Laptop Pro,9,12525.87,9585.23,0
2025-02-08,South,Laptop Air,18,17940.0,12857.21,2
2025-02-08,South,Tablet,34,20372.86,13336.61,2
2025-02-08,South,Smartwatch,32,9145.04,5825.28,1
2025-02-08,South,Headphones,55,7788.21,4362.51,0
2025-02-08,East,Laptop Pro,13,18551.15,13545.29,1
2025-02-08,East,Laptop Air,19,17520.97,13618.67,2
2025-02-08,East,Tablet,25,14725.36,10176.35,0
2025-02-08,East,Smartwatch,29,8365.05,5408.59,2
2025-02-08,East,Headphones,41,5699.38,3347.36,0
2025-02-08,West,Laptop Pro,16,22814.41,16803.21,1
2025-02-08,West,Laptop Air,15,14307.45,10605.77,0
2025-02-08,West,Tablet,23,12770.14,9322.84,1
2025-02-08,West,Smartwatch,37,10799.05,6881.84,0
2025-02-08,West,Headphones,58,8590.61,4733.13,1
2025-02-09,North,Laptop Pro,18,26720.86,18978.52,1
2025-02-09,North,Laptop Air,17,15882.25,12120.29,1
2025-02-09,North,Tablet,17,9500.73,6846.94,1
2025-02-09,North,Smartwatch,32,9420.38,5893.01,0
2025-02-09,North,Headphones,51,7370.27,4098.96,1
2025-02-09,South,Laptop Pro,10,14298.18,10478.28,0
2025-02-09,South,Laptop Air,24,23733.05,17042.49,1
2025-02-09,South,Tablet,29,16218.46,12200.75,0
2025-02-09,South,Smartwatch,44,12757.66,7778.88,1
2025-02-09,South,Headphones,47,6563.0,3686.05,0
2025-02-09,East,Laptop Pro,8,11270.33,8427.57,2
2025-02-09,East,Laptop Air,8,7811.23,5736.74,0
2025-02-09,East,Tablet,16,9049.67,6530.98,0
2025-02-09,East,Smartwatch,28,7902.25,5146.56,1
2025-02-09,East,Headphones,40,5850.59,3122.29,0
2025-02-09,West,Laptop Pro,14,20573.72,14477.86,0
2025-02-09,West,Laptop Air,22,20550.77,15562.67,0
2025-02-09,West,Tablet,23,13051.56,9344.35,1
2025-02-09,West,Smartwatch,39,11007.76,7080.14,3
2025-02-09,West,Headphones,50,7312.17,3970.28,3
2025-02-10,North,Laptop Pro,11,15546.7,11599.99,0
2025-02-10,North,Laptop Air,28,26399.95,19705.89,0
2025-02-10,North,Tablet,24,14016.07,9457.43,1
2025-02-10,North,Smartwatch,28,8218.25,4908.96,0
2025-02-10,North,Headphones,46,6661.87,3690.71,1
2025-02-10,South,Laptop Pro,7,9879.16,7370.83,2
2025-02-10,South,Laptop Air,16,15752.21,11293.2,0
2025-02-10,South,Tablet,18,10044.64,7260.65,0
2025-02-10,South,Smartwatch,21,6171.34,3859.92,1
2025-02-10,South,Headphones,57,7975.69,4466.02,1
2025-02-10,East,Laptop Pro,11,16294.33,11474.62,2
2025-02-10,East,Laptop Air,15,14112.67,10910.94,1
2025-02-10,East,Tablet,16,9168.85,6399.18,0
2025-02-10,East,Smartwatch,34,9660.25,5952.06,2
2025-02-10,East,Headphones,36,4979.17,2854.61,1
2025-02-10,West,Laptop Pro,11,16430.62,11440.51,2
2025-02-10,West,Laptop Air,15,14821.05,10763.19,0
2025-02-10,West,Tablet,20,11924.08,7979.55,0
2025-02-10,West,Smartwatch,33,9488.45,6126.04,0
2025-02-10,West,Headphones,48,6737.58,3823.99,0
2025-02-11,North,Laptop Pro,11,16427.63,11153.12,3
2025-02-11,North,Laptop Air,22,20628.24,15868.87,3
2025-02-11,North,Tablet,21,12163.48,8693.62,1
2025-02-11,North,Smartwatch,33,9154.39,5920.15,3
2025-02-11,North,Headphones,58,8433.64,4599.35,1
2025-02-11,South,Laptop Pro,7,9672.94,7305.15,1
2025-02-11,South,Laptop Air,20,19109.57,14568.23,1
2025-02-11,South,Tablet,22,12154.57,8745.55,1
2025-02-11,South,Smartwatch,26,7405.7,4538.14,1
2025-02-11,South,Headphones,43,6271.29,3393.78,1
2025-02-11,East,Laptop Pro,7,9825.14,7340.49,1
2025-02-11,East,Laptop Air,13,12493.56,9460.27,0
2025-02-11,East,Tablet,13,7607.3,5139.4,1
2025-02-11,East,Smartwatch,23,6635.96,4115.47,0
2025-02-11,East,Headphones,36,5023.33,2882.59,0
2025-02-11,West,Laptop Pro,11,15533.35,11370.42,1
2025-02-11,West,Laptop Air,16,15777.58,11498.86,1
2025-02-11,West,Tablet,14,7836.46,5652.33,1
2025-02-11,West,Smartwatch,25,7241.15,4393.22,0
2025-02-11,West,Headphones,45,6705.25,3622.06,0
2025-02-12,North,Laptop Pro,10,14823.39,10271.04,0
2025-02-12,North,Laptop Air,22,21883.55,15500.93,2
2025-02-12,North,Tablet,30,17025.71,11840.93,3
2025-02-12,North,Smartwatch,36,10577.46,6656.96,2
2025-02-12,North,Headphones,43,6400.28,3322.0,1
2025-02-12,South,Laptop Pro,14,20385.67,14563.6,1
2025-02-12,South,Laptop Air,19,17682.21,13672.76,0
2025-02-12,South,Tablet,22,12536.06,9005.42,2
2025-02-12,South,Smartwatch,20,5766.61,3740.25,0
2025-02-12,South,Headphones,41,5789.27,3252.32,0
2025-02-12,East,Laptop Pro,10,14908.93,10613.27,0
2025-02-12,East,Laptop Air,15,13940.67,10779.58,1
2025-02-12,East,Tablet,26,15378.19,10379.0,0
2025-02-12,East,Smartwatch,35,10482.04,6334.43,0
2025-02-12,East,Headphones,37,5389.11,2866.14,1
2025-02-12,West,Laptop Pro,11,16422.85,11538.94,2
2025-02-12,West,Laptop Air,18,17759.41,13076.84,1
2025-02-12,West,Tablet,20,11290.56,7862.44,0
2025-02-12,West,Smartwatch,29,8418.31,5267.75,1
2025-02-12,West,Headphones,53,7945.61,4093.43,0
2025-02-13,North,Laptop Pro,13,18495.74,13675.54,0
2025-02-13,North,Laptop Air,23,21698.92,17004.53,0
2025-02-13,North,Tablet,16,8907.29,6372.02,0
2025-02-13,North,Smartwatch,35,10370.13,6176.75,0
2025-02-13,North,Headphones,49,6845.99,3808.27,0
2025-02-13,South,Laptop Pro,5,7074.78,5291.01,0
2025-02-13,South,Laptop Air,14,13368.74,10267.09,1
2025-02-13,South,Tablet,15,8811.53,5993.27,0
2025-02-13,South,Smartwatch,36,10404.42,6419.91,0
2025-02-13,South,Headphones,39,5757.21,2999.51,1
2025-02-13,East,Laptop Pro,13,18380.4,13683.86,1
2025-02-13,East,Laptop Air,11,10380.84,7810.82,1
2025-02-13,East,Tablet,26,15360.97,10268.59,1
2025-02-13,East,Smartwatch,36,10581.74,6689.49,1
2025-02-13,East,Headphones,32,4453.97,2467.76,1
2025-02-13,West,Laptop Pro,19,27424.56,19284.56,1
2025-02-13,West,Laptop Air,16,15294.57,11573.3,0
2025-02-13,West,Tablet,21,11633.71,8335.27,0
2025-02-13,West,Smartwatch,38,11211.19,6769.03,0
2025-02-13,West,Headphones,49,6981.25,3941.38,0
2025-02-14,North,Laptop Pro,11,15478.3,11609.11,0
2025-02-14,North,Laptop Air,13,12667.78,9177.74,2
2025-02-14,North,Tablet,21,12288.71,8300.59,0
2025-02-14,North,Smartwatch,28,7797.34,5045.0,1
2025-02-14,North,Headphones,45,6696.32,3612.03,4
2025-02-14,South,Laptop Pro,10,14811.17,10601.48,0
2025-02-14,South,Laptop Air,14,13539.73,9962.43,0
2025-02-14,South,Tablet,19,10671.87,7652.75,2
2025-02-14,South,Smartwatch,29,8383.33,5319.22,0
2025-02-14,South,Headphones,41,6016.88,3283.07,0
2025-02-14,East,Laptop Pro,16,23193.03,16765.45,0
2025-02-14,East,Laptop Air,8,7714.91,5732.87,0
2025-02-14,East,Tablet,19,10736.95,7506.16,1
2025-02-14,East,Smartwatch,28,7816.2,4945.45,0
2025-02-14,East,Headphones,46,6722.67,3658.06,2
2025-02-14,West,Laptop Pro,13,18394.68,13773.07,0
2025-02-14,West,Laptop Air,21,19821.67,14851.12,2
2025-02-14,West,Tablet,28,15769.22,11183.11,0
2025-02-14,West,Smartwatch,31,8872.01,5558.64,2
2025-02-14,West,Headphones,53,7940.65,4390.76,0
2025-02-15,North,Laptop Pro,13,18476.85,13847.32,1
2025-02-15,North,Laptop Air,19,18069.31,13873.32,1
2025-02-15,North,Tablet,21,11983.59,8554.57,1
2025-02-15,North,Smartwatch,43,12609.7,7655.53,0
2025-02-15,North,Headphones,45,6697.14,3699.13,1
2025-02-15,South,Laptop Pro,14,20681.89,14746.8,1
2025-02-15,South,Laptop Air,16,15723.26,11509.71,0
2025-02-15,South,Tablet,27,15975.0,10537.62,1
2025-02-15,South,Smartwatch,31,9118.06,5535.18,3
2025-02-15,South,Headphones,46,6862.08,3550.03,4
2025-02-15,East,Laptop Pro,12,17612.17,12537.46,0
2025-02-15,East,Laptop Air,19,17483.21,13522.32,0
2025-02-15,East,Tablet,20,11509.07,7936.26,0
2025-02-15,East,Smartwatch,27,7876.81,4725.29,1
2025-02-15,East,Headphones,38,5371.46,3082.78,3
2025-02-15,West,Laptop Pro,13,18767.64,13811.76,0
2025-02-15,West,Laptop Air,7,6983.48,5210.33,0
2025-02-15,West,Tablet,23,13195.68,9505.71,0
2025-02-15,West,Smartwatch,28,8195.67,5055.75,0
2025-02-15,West,Headphones,51,7300.44,4163.51,5
2025-02-16,North,Laptop Pro,15,22188.21,15832.31,1
2025-02-16,North,Laptop Air,26,24996.3,18560.0,0
2025-02-16,North,Tablet,24,14176.93,9546.6,0
2025-02-16,North,Smartwatch,42,12298.79,7656.6,0
2025-02-16,North,Headphones,53,7512.96,4586.66,1
2025-02-16,South,Laptop Pro,9,13254.14,9670.54,0
2025-02-16,South,Laptop Air,22,21265.84,15918.06,0
2025-02-16,South,Tablet,26,15508.72,10500.63,0
2025-02-16,South,Smartwatch,22,6237.18,3997.61,2
2025-02-16,South,Headphones,42,6028.37,3353.93,2
2025-02-16,East,Laptop Pro,11,15425.8,11724.74,0
2025-02-16,East,Laptop Air,18,17229.49,12919.7,0
2025-02-16,East,Tablet,27,14911.5,10581.51,4
2025-02-16,East,Smartwatch,30,8826.39,5452.02,1
2025-02-16,East,Headphones,48,6772.55,3887.26,3
2025-02-16,West,Laptop Pro,10,14481.21,10469.38,0
2025-02-16,West,Laptop Air,18,17458.61,13040.32,0
2025-02-16,West,Tablet,24,13557.28,9784.49,0
2025-02-16,West,Smartwatch,30,8312.0,5394.4,2
2025-02-16,West,Headphones,47,6623.85,3726.39,1
2025-02-17,North,Laptop Pro,17,24826.55,17596.77,0
2025-02-17,North,Laptop Air,13,12469.71,9312.49,2
2025-02-17,North,Tablet,29,17097.74,11956.09,3
2025-02-17,North,Smartwatch,25,7127.86,4482.15,0
2025-02-17,North,Headphones,53,7693.95,4270.48,1
2025-02-17,South,Laptop Pro,12,17671.49,12518.23,1
2025-02-17,South,Laptop Air,15,14974.69,10711.39,0
2025-02-17,South,Tablet,17,9444.94,6680.41,1
2025-02-17,South,Smartwatch,21,6260.27,3787.58,0
2025-02-17,South,Headphones,45,6572.17,3562.77,2
2025-02-17,East,Laptop Pro,14,20680.04,15074.46,1
2025-02-17,East,Laptop Air,17,16327.99,12213.68,2
2025-02-17,East,Tablet,18,10631.57,7193.59,1
2025-02-17,East,Smartwatch,26,7340.6,4663.14,0
2025-02-17,East,Headphones,41,6039.39,3304.34,0
2025-02-17,West,Laptop Pro,9,13299.71,9731.78,1
2025-02-17,West,Laptop Air,12,11791.79,8460.33,0
2025-02-17,West,Tablet,26,15228.64,10457.78,1
2025-02-17,West,Smartwatch,39,11099.25,6799.74,0
2025-02-17,West,Headphones,33,4866.99,2704.59,0
2025-02-18,North,Laptop Pro,14,19829.29,14668.21,0
2025-02-18,North,Laptop Air,20,19311.73,13969.47,1
2025-02-18,North,Tablet,24,14173.05,9355.05,1
2025-02-18,North,Smartwatch,31,9121.41,5670.83,1
2025-02-18,North,Headphones,41,5890.55,3170.8,1
2025-02-18,South,Laptop Pro,11,16000.21,11614.28,1
2025-02-18,South,Laptop Air,8,7671.22,5710.63,0
2025-02-18,South,Tablet,22,12341.92,8765.72,1
2025-02-18,South,Smartwatch,31,9265.9,5504.8,0
2025-02-18,South,Headphones,46,6682.73,3609.87,1
2025-02-18,East,Laptop Pro,12,17401.76,12477.17,0
2025-02-18,East,Laptop Air,18,17638.68,13108.25,1
2025-02-18,East,Tablet,17,9839.43,6760.21,0
2025-02-18,East,Smartwatch,34,9737.63,6171.56,2
2025-02-18,East,Headphones,31,4432.4,2467.98,1
2025-02-18,West,Laptop Pro,9,12776.58,9565.53,0
2025-02-18,West,Laptop Air,23,22858.75,16697.43,2
2025-02-18,West,Tablet,23,13292.15,9100.51,1
2025-02-18,West,Smartwatch,29,8172.7,5120.44,0
2025-02-18,West,Headphones,50,7226.97,4076.45,2
2025-02-19,North,Laptop Pro,11,15633.44,11362.11,3
2025-02-19,North,Laptop Air,13,12385.93,9453.75,0
2025-02-19,North,Tablet,23,13286.95,9205.72,0
2025-02-19,North,Smartwatch,23,6856.43,4101.66,1
2025-02-19,North,Headphones,55,7832.07,4437.79,1
2025-02-19,South,Laptop Pro,14,20102.02,15102.16,1
2025-02-19,South,Laptop Air,11,10995.0,8019.08,0
2025-02-19,South,Tablet,33,19472.34,13234.13,2
2025-02-19,South,Smartwatch,36,10746.95,6690.14,0
2025-02-19,South,Headphones,44,6298.92,3402.13,1
2025-02-19,East,Laptop Pro,14,20974.55,14373.01,1
2025-02-19,East,Laptop Air,25,23315.16,17832.8,0
2025-02-19,East,Tablet,17,9426.88,6993.03,0
2025-02-19,East,Smartwatch,28,7744.41,5135.04,0
2025-02-19,East,Headphones,40,5891.24,3090.16,0
2025-02-19,West,Laptop Pro,7,10084.08,7285.85,0
2025-02-19,West,Laptop Air,13,12073.18,9112.18,0
2025-02-19,West,Tablet,23,13041.18,9192.56,1
2025-02-19,West,Smartwatch,24,7027.92,4397.92,1
2025-02-19,West,Headphones,43,6019.68,3507.12,2
2025-02-20,North,Laptop Pro,18,25760.3,19001.31,2
2025-02-20,North,Laptop Air,24,22598.43,17133.11,0
2025-02-20,North,Tablet,25,13836.71,9980.92,0
2025-02-20,North,Smartwatch,35,9662.09,6386.09,2
2025-02-20,North,Headphones,54,7772.88,4522.81,0
2025-02-20,South,Laptop Pro,12,17774.48,12301.35,0
2025-02-20,South,Laptop Air,15,14256.53,11143.19,0
2025-02-20,South,Tablet,21,11951.0,8441.0,1
2025-02-20,South,Smartwatch,45,12882.08,8232.88,0
2025-02-20,South,Headphones,40,5797.42,3211.85,0
2025-02-20,East,Laptop Pro,11,15732.34,11874.37,0
2025-02-20,East,Laptop Air,14,13401.87,10146.46,1
2025-02-20,East,Tablet,20,11093.1,7896.2,0
2025-02-20,East,Smartwatch,29,8117.03,5266.99,1
2025-02-20,East,Headphones,46,6682.68,3762.93,1
2025-02-20,West,Laptop Pro,13,18609.45,13650.06,0
2025-02-20,West,Laptop Air,8,7637.73,5521.07,0
2025-02-20,West,Tablet,23,13236.17,9178.85,0
2025-02-20,West,Smartwatch,21,6270.73,3787.41,0
2025-02-20,West,Headphones,42,5940.85,3356.98,2
2025-02-21,North,Laptop Pro,12,16946.97,12475.14,0
2025-02-21,North,Laptop Air,21,20186.57,15520.08,2
2025-02-21,North,Tablet,15,8350.87,5715.24,0
2025-02-21,North,Smartwatch,30,8291.58,5410.15,0
2025-02-21,North,Headphones,47,6591.52,3768.12,1
2025-02-21,South,Laptop Pro,13,18052.53,14221.89,1
2025-02-21,South,Laptop Air,19,18259.0,13676.05,0
2025-02-21,South,Tablet,21,11678.44,8474.87,0
2025-02-21,South,Smartwatch,25,6938.98,4511.25,1
2025-02-21,South,Headphones,37,5273.14,2965.59,0
2025-02-21,East,Laptop Pro,12,17782.96,13044.27,1
2025-02-21,East,Laptop Air,17,16792.86,11967.87,1
2025-02-21,East,Tablet,17,9814.6,6709.26,0
2025-02-21,East,Smartwatch,18,5082.23,3288.87,1
2025-02-21,East,Headphones,50,7199.16,4020.55,0
2025-02-21,West,Laptop Pro,12,16848.22,12528.63,1
2025-02-21,West,Laptop Air,18,16891.5,12941.71,2
2025-02-21,West,Tablet,27,15936.12,10997.41,1
2025-02-21,West,Smartwatch,34,10091.66,6179.37,3
2025-02-21,West,Headphones,47,6651.91,3706.39,2
2025-02-22,North,Laptop Pro,13,19000.21,13714.91,0
2025-02-22,North,Laptop Air,19,17584.28,13666.37,0
2025-02-22,North,Tablet,18,10049.61,7267.74,0
2025-02-22,North,Smartwatch,42,12145.15,7511.45,1
2025-02-22,North,Headphones,50,7151.7,3903.34,1
2025-02-22,South,Laptop Pro,13,18178.52,13833.56,0
2025-02-22,South,Laptop Air,26,24187.55,18925.4,1
2025-02-22,South,Tablet,24,13758.37,9871.74,0
2025-02-22,South,Smartwatch,34,9406.92,5958.89,0
2025-02-22,South,Headphones,46,6612.43,3674.82,0
2025-02-22,East,Laptop Pro,13,19435.87,13587.1,3
2025-02-22,East,Laptop Air,18,17189.72,12857.3,0
2025-02-22,East,Tablet,26,14630.3,10079.47,0
2025-02-22,East,Smartwatch,24,6632.68,4227.87,0
2025-02-22,East,Headphones,41,6098.16,3297.75,3
2025-02-22,West,Laptop Pro,10,14471.36,10395.05,0
2025-02-22,West,Laptop Air,17,16202.16,12037.69,1
2025-02-22,West,Tablet,35,19519.14,14400.51,0
2025-02-22,West,Smartwatch,41,11595.56,7730.36,0
2025-02-22,West,Headphones,58,8539.05,4634.76,2
2025-02-23,North,Laptop Pro,13,18159.35,13239.91,1
2025-02-23,North,Laptop Air,24,22724.65,17417.0,1
2025-02-23,North,Tablet,24,13368.78,9199.61,0
2025-02-23,North,Smartwatch,39,10919.03,6830.44,4
2025-02-23,North,Headphones,63,9352.28,5081.7,1
2025-02-23,South,Laptop Pro,9,12462.69,9188.47,2
2025-02-23,South,Laptop Air,33,31800.66,23619.32,0
2025-02-23,South,Tablet,19,10503.91,7374.49,0
2025-02-23,South,Smartwatch,39,11524.96,7027.9,0
2025-02-23,South,Headphones,48,6743.05,3926.26,2
2025-02-23,East,Laptop Pro,10,14634.13,10371.3,1
2025-02-23,East,Laptop Air,13,12953.4,9356.37,0
2025-02-23,East,Tablet,26,14359.44,10230.3,0
2025-02-23,East,Smartwatch,28,8196.02,4964.82,0
2025-02-23,East,Headphones,46,6855.55,3618.81,0
2025-02-23,West,Laptop Pro,11,15364.14,11731.55,1
2025-02-23,West,Laptop Air,15,14481.58,10494.68,0
2025-02-23,West,Tablet,28,16025.25,11125.66,0
2025-02-23,West,Smartwatch,27,7461.82,4899.83,0
2025-02-23,West,Headphones,47,6778.88,3828.42,0
2025-02-24,North,Laptop Pro,9,13427.53,9533.27,2
2025-02-24,North,Laptop Air,19,17949.4,13660.13,0
2025-02-24,North,Tablet,19,10751.93,7513.53,2
2025-02-24,North,Smartwatch,38,11222.88,6966.58,1
2025-02-24,North,Headphones,57,8176.94,4480.91,1
2025-02-24,South,Laptop Pro,16,23291.1,16513.66,0
2025-02-24,South,Laptop Air,20,19920.13,14789.52,1
2025-02-24,South,Tablet,14,8190.6,5640.35,1
2025-02-24,South,Smartwatch,28,7788.79,5079.88,0
2025-02-24,South,Headphones,36,5270.29,2914.48,2
2025-02-24,East,Laptop Pro,16,23571.72,16768.13,0
2025-02-24,East,Laptop Air,20,18494.54,13985.94,0
2025-02-24,East,Tablet,22,12796.26,8844.21,0
2025-02-24,East,Smartwatch,24,6658.24,4318.42,1
2025-02-24,East,Headphones,32,4461.99,2516.02,0
2025-02-24,West,Laptop Pro,14,20209.62,14379.82,0
2025-02-24,West,Laptop Air,14,13568.84,10070.62,0
2025-02-24,West,Tablet,25,14834.74,9728.44,0
2025-02-24,West,Smartwatch,41,12112.43,7358.83,0
2025-02-24,West,Headphones,53,7802.17,4217.61,2
2025-02-25,North,Laptop Pro,17,24540.48,17807.46,0
2025-02-25,North,Laptop Air,21,20374.85,15241.76,2
2025-02-25,North,Tablet,26,14601.12,10529.37,1
2025-02-25,North,Smartwatch,21,6150.48,3726.21,1
2025-02-25,North,Headphones,38,5506.42,3092.88,2
2025-02-25,South,Laptop Pro,10,14852.75,10453.93,0
2025-02-25,South,Laptop Air,13,12717.93,9688.22,0
2025-02-25,South,Tablet,24,13497.96,9487.6,0
2025-02-25,South,Smartwatch,25,7075.74,4354.98,0
2025-02-25,South,Headphones,42,6097.28,3416.02,0
2025-02-25,East,Laptop Pro,9,12876.33,9530.44,0
2025-02-25,East,Laptop Air,16,15413.33,11796.86,1
2025-02-25,East,Tablet,16,8912.47,6439.63,0
2025-02-25,East,Smartwatch,27,7844.24,5087.45,1
2025-02-25,East,Headphones,45,6360.06,3586.4,0
2025-02-25,West,Laptop Pro,14,20632.87,15007.61,0
2025-02-25,West,Laptop Air,17,16409.63,12111.37,0
2025-02-25,West,Tablet,27,15513.99,10906.22,1
2025-02-25,West,Smartwatch,29,8627.17,5290.79,1
2025-02-25,West,Headphones,39,5575.09,3171.95,0
2025-02-26,North,Laptop Pro,10,14310.4,10663.03,0
2025-02-26,North,Laptop Air,23,22707.89,15487.99,1
2025-02-26,North,Tablet,22,12145.43,8787.91,1
2025-02-26,North,Smartwatch,38,11315.65,6761.33,0
2025-02-26,North,Headphones,51,7102.07,4049.16,2
2025-02-26,South,Laptop Pro,14,20174.25,14616.68,1
2025-02-26,South,Laptop Air,16,15714.94,11745.21,0
2025-02-26,South,Tablet,19,11297.13,7630.79,0
2025-02-26,South,Smartwatch,28,7929.99,4988.84,2
2025-02-26,South,Headphones,42,5919.76,3261.33,1
2025-02-26,East,Laptop Pro,17,24126.18,18397.3,0
2025-02-26,East,Laptop Air,18,17395.39,12792.22,1
2025-02-26,East,Tablet,14,8284.03,5585.36,1
2025-02-26,East,Smartwatch,24,6745.23,4504.8,1
2025-02-26,East,Headphones,42,5860.9,3318.33,2
2025-02-26,West,Laptop Pro,8,11623.8,8353.69,0
2025-02-26,West,Laptop Air,19,17721.35,13743.52,1
2025-02-26,West,Tablet,23,13098.3,8904.51,0
2025-02-26,West,Smartwatch,22,6321.76,3823.63,1
2025-02-26,West,Headphones,48,6848.29,3803.01,0
2025-02-27,North,Laptop Pro,14,20818.98,14568.58,0
2025-02-27,North,Laptop Air,18,17819.43,12994.79,0
2025-02-27,North,Tablet,22,12432.6,8627.87,1
2025-02-27,North,Smartwatch,48,13282.62,8714.99,1
2025-02-27,North,Headphones,60,8634.38,4592.96,2
2025-02-27,South,Laptop Pro,14,20909.28,14679.33,0
2025-02-27,South,Laptop Air,18,17901.97,13053.36,0
2025-02-27,South,Tablet,21,12128.9,8455.18,1
2025-02-27,South,Smartwatch,25,7105.4,4485.35,0
2025-02-27,South,Headphones,36,5333.09,2841.96,1
2025-02-27,East,Laptop Pro,13,19448.47,13597.62,2
2025-02-27,East,Laptop Air,15,14124.64,11066.54,1
2025-02-27,East,Tablet,21,12452.7,8299.29,0
2025-02-27,East,Smartwatch,29,8395.03,5322.11,1
2025-02-27,East,Headphones,45,6353.57,3681.88,2
2025-02-27,West,Laptop Pro,10,14849.65,10135.46,1
2025-02-27,West,Laptop Air,15,14468.7,10772.32,1
2025-02-27,West,Tablet,27,16055.55,10588.81,0
2025-02-27,West,Smartwatch,27,7874.81,4714.02,1
2025-02-27,West,Headphones,42,5840.13,3413.22,0
2025-02-28,North,Laptop Pro,13,18429.63,13779.22,1
2025-02-28,North,Laptop Air,14,13974.14,10133.11,1
2025-02-28,North,Tablet,20,11870.9,7826.32,2
2025-02-28,North,Smartwatch,23,6737.81,4157.43,0
2025-02-28,North,Headphones,43,5987.9,3349.84,2
2025-02-28,South,Laptop Pro,10,14103.5,10516.23,0
2025-02-28,South,Laptop Air,18,17110.81,12788.53,0
2025-02-28,South,Tablet,21,12446.18,8576.53,1
2025-02-28,South,Smartwatch,29,8053.5,5182.09,1
2025-02-28,South,Headphones,47,6594.22,3777.39,0
2025-02-28,East,Laptop Pro,12,17655.23,12658.81,1
2025-02-28,East,Laptop Air,10,9676.54,7189.08,0
2025-02-28,East,Tablet,12,6953.25,4810.11,0
2025-02-28,East,Smartwatch,17,4860.3,3078.59,0
2025-02-28,East,Headphones,34,4947.08,2671.24,1
2025-02-28,West,Laptop Pro,10,14747.97,10584.62,0
2025-02-28,West,Laptop Air,19,17986.18,13916.35,0
2025-02-28,West,Tablet,25,14186.93,10079.47,1
2025-02-28,West,Smartwatch,37,10707.16,6612.82,1
2025-02-28,West,Headphones,40,5766.41,3211.16,0
2025-03-01,North,Laptop Pro,8,11951.36,8338.89,0
2025-03-01,North,Laptop Air,22,21197.27,15802.38,2
2025-03-01,North,Tablet,17,9546.88,6638.47,1
2025-03-01,North,Smartwatch,40,11432.18,7398.73,1
2025-03-01,North,Headphones,48,6669.68,3988.65,2
2025-03-01,South,Laptop Pro,21,29694.39,21739.57,3
2025-03-01,South,Laptop Air,17,15942.41,12432.45,1
2025-03-01,South,Tablet,22,12715.91,9056.58,0
2025-03-01,South,Smartwatch,32,9466.79,5649.68,1
2025-03-01,South,Headphones,44,6118.37,3368.05,2
2025-03-01,East,Laptop Pro,10,14208.96,10818.53,1
2025-03-01,East,Laptop Air,20,18544.84,14397.03,0
2025-03-01,East,Tablet,27,15399.69,10687.79,2
2025-03-01,East,Smartwatch,26,7516.4,4684.43,1
2025-03-01,East,Headphones,48,7122.39,3811.65,1
2025-03-01,West,Laptop Pro,10,14522.75,11121.49,2
2025-03-01,West,Laptop Air,19,18091.72,13534.8,1
2025-03-01,West,Tablet,29,16104.38,11675.94,2
2025-03-01,West,Smartwatch,33,9243.19,6093.52,2
2025-03-01,West,Headphones,63,9062.06,5169.77,0
2025-03-02,North,Laptop Pro,19,27478.58,20387.3,1
2025-03-02,North,Laptop Air,23,22938.78,16419.02,0
2025-03-02,North,Tablet,28,16328.0,11165.93,2
2025-03-02,North,Smartwatch,37,10228.59,6370.36,2
2025-03-02,North,Headphones,46,6490.95,3674.52,2
2025-03-02,South,Laptop Pro,14,20118.42,14709.65,1
2025-03-02,South,Laptop Air,16,14896.26,11690.89,1
2025-03-02,South,Tablet,22,13175.65,9116.01,0
2025-03-02,South,Smartwatch,31,8587.53,5659.38,0
2025-03-02,South,Headphones,53,7505.01,4330.79,0
2025-03-02,East,Laptop Pro,10,14984.02,10496.33,1
2025-03-02,East,Laptop Air,20,18871.15,14769.88,1
2025-03-02,East,Tablet,18,10728.18,7201.6,1
2025-03-02,East,Smartwatch,33,9393.44,6075.5,0
2025-03-02,East,Headphones,51,7465.86,4145.65,1
2025-03-02,West,Laptop Pro,10,14745.49,10582.47,0
2025-03-02,West,Laptop Air,21,19944.82,14654.08,4
2025-03-02,West,Tablet,24,13899.99,9809.92,2
2025-03-02,West,Smartwatch,24,7162.83,4352.67,0
2025-03-02,West,Headphones,45,6305.93,3650.59,2
2025-03-03,North,Laptop Pro,21,30829.37,22188.27,0
2025-03-03,North,Laptop Air,21,19961.41,15266.95,0
2025-03-03,North,Tablet,21,11985.76,8618.51,1
2025-03-03,North,Smartwatch,29,8660.91,5170.52,1
2025-03-03,North,Headphones,53,7315.71,4279.66,0
2025-03-03,South,Laptop Pro,11,15909.09,11370.41,0
2025-03-03,South,Laptop Air,13,12786.43,9467.95,0
2025-03-03,South,Tablet,18,10422.65,7236.19,0
2025-03-03,South,Smartwatch,23,6567.11,4087.76,0
2025-03-03,South,Headphones,40,5998.54,3205.99,1
2025-03-03,East,Laptop Pro,8,11711.87,8304.46,1
2025-03-03,East,Laptop Air,17,16270.59,12147.47,0
2025-03-03,East,Tablet,19,10766.64,7653.93,0
2025-03-03,East,Smartwatch,20,5849.61,3619.32,0
2025-03-03,East,Headphones,46,6677.04,3538.65,0
2025-03-03,West,Laptop Pro,16,23575.24,16924.48,1
2025-03-03,West,Laptop Air,22,21484.25,15743.9,0
2025-03-03,West,Tablet,20,11340.14,7933.71,0
2025-03-03,West,Smartwatch,37,10800.51,6509.86,2
2025-03-03,West,Headphones,51,7478.87,4076.3,2
2025-03-04,North,Laptop Pro,17,24890.94,17663.28,0
2025-03-04,North,Laptop Air,17,16166.81,12551.76,0
2025-03-04,North,Tablet,19,10888.54,7334.09,1
2025-03-04,North,Smartwatch,22,6385.16,3883.66,1
2025-03-04,North,Headphones,60,8544.73,4700.96,3
2025-03-04,South,Laptop Pro,13,18497.24,13720.61,0
2025-03-04,South,Laptop Air,11,10988.46,8105.82,1
2025-03-04,South,Tablet,13,7588.43,5252.32,0
2025-03-04,South,Smartwatch,32,9412.39,5633.9,0
2025-03-04,South,Headphones,52,7282.63,4124.29,2
2025-03-04,East,Laptop Pro,18,26405.06,18594.13,1
2025-03-04,East,Laptop Air,17,16568.48,12364.29,0
2025-03-04,East,Tablet,11,6316.05,4360.44,0
2025-03-04,East,Smartwatch,21,6024.11,3673.19,1
2025-03-04,East,Headphones,35,4909.39,2832.74,0
2025-03-04,West,Laptop Pro,13,18894.83,13994.87,0
2025-03-04,West,Laptop Air,20,19550.14,14348.54,0
2025-03-04,West,Tablet,23,13128.5,9222.15,0
2025-03-04,West,Smartwatch,40,11300.85,6983.09,2
2025-03-04,West,Headphones,59,8147.24,4525.61,0
2025-03-05,North,Laptop Pro,8,11406.43,8089.35,0
2025-03-05,North,Laptop Air,17,16332.6,12229.05,1
2025-03-05,North,Tablet,28,16621.16,11131.02,0
2025-03-05,North,Smartwatch,25,6907.85,4549.16,1
2025-03-05,North,Headphones,45,6380.1,3585.77,0
2025-03-05,South,Laptop Pro,9,13321.78,9636.69,1
2025-03-05,South,Laptop Air,15,14448.39,10988.41,1
2025-03-05,South,Tablet,25,14327.64,9935.51,1
2025-03-05,South,Smartwatch,32,9433.44,5644.4,0
2025-03-05,South,Headphones,47,6636.88,3615.9,2
2025-03-05,East,Laptop Pro,10,14219.59,10801.05,0
2025-03-05,East,Laptop Air,17,16682.1,12009.27,0
2025-03-05,East,Tablet,15,8287.38,5820.43,0
2025-03-05,East,Smartwatch,40,11089.28,7218.7,0
2025-03-05,East,Headphones,39,5725.74,3027.18,0
2025-03-05,West,Laptop Pro,18,26045.69,18948.71,0
2025-03-05,West,Laptop Air,26,24138.84,18594.09,2
2025-03-05,West,Tablet,16,9287.96,6518.23,5
2025-03-05,West,Smartwatch,28,7758.36,5124.34,0
2025-03-05,West,Headphones,55,8117.73,4497.09,3
2025-03-06,North,Laptop Pro,10,14131.17,10543.31,1
2025-03-06,North,Laptop Air,13,12376.51,9199.32,0
2025-03-06,North,Tablet,25,14584.58,9792.62,2
2025-03-06,North,Smartwatch,22,6221.01,3917.97,1
2025-03-06,North,Headphones,36,5389.54,2994.87,1
2025-03-06,South,Laptop Pro,10,14722.96,10447.67,0
2025-03-06,South,Laptop Air,13,12728.25,9390.14,0
2025-03-06,South,Tablet,32,19019.57,13188.76,2
2025-03-06,South,Smartwatch,43,12864.95,7779.41,0
2025-03-06,South,Headphones,47,6850.94,3703.7,0
2025-03-06,East,Laptop Pro,13,19159.49,13849.33,0
2025-03-06,East,Laptop Air,16,15829.93,11421.28,0
2025-03-06,East,Tablet,18,10664.08,7241.63,0
2025-03-06,East,Smartwatch,30,8405.09,5455.31,2
2025-03-06,East,Headphones,37,5507.86,2930.74,0
2025-03-06,West,Laptop Pro,9,12717.16,9485.22,1
2025-03-06,West,Laptop Air,20,19913.67,14860.81,1
2025-03-06,West,Tablet,15,8970.74,5924.82,0
2025-03-06,West,Smartwatch,28,8102.81,5172.74,0
2025-03-06,West,Headphones,48,6980.05,3794.65,0
2025-03-07,North,Laptop Pro,16,22952.16,17405.5,1
2025-03-07,North,Laptop Air,19,17931.98,13445.94,1
2025-03-07,North,Tablet,34,19894.39,13492.87,1
2025-03-07,North,Smartwatch,36,10632.03,6675.47,2
2025-03-07,North,Headphones,35,4904.71,2886.93,1
2025-03-07,South,Laptop Pro,13,19242.12,13873.43,0
2025-03-07,South,Laptop Air,18,16850.23,12679.58,1
2025-03-07,South,Tablet,19,10864.52,7612.53,1
2025-03-07,South,Smartwatch,33,9670.82,5940.15,2
2025-03-07,South,Headphones,33,4825.55,2594.81,0
2025-03-07,East,Laptop Pro,13,18921.82,13840.24,0
2025-03-07,East,Laptop Air,18,17148.85,12758.68,0
2025-03-07,East,Tablet,19,10506.58,7403.83,0
2025-03-07,East,Smartwatch,28,8186.12,4876.62,0
2025-03-07,East,Headphones,55,7628.37,4550.68,1
2025-03-07,West,Laptop Pro,11,16229.21,11432.08,0
2025-03-07,West,Laptop Air,19,18828.3,13546.07,0
2025-03-07,West,Tablet,20,11489.17,7835.09,1
2025-03-07,West,Smartwatch,28,7743.8,5177.89,0
2025-03-07,West,Headphones,38,5478.9,2956.08,0
2025-03-08,North,Laptop Pro,14,19656.14,14345.98,1
2025-03-08,North,Laptop Air,26,25017.1,18599.51,2
2025-03-08,North,Tablet,31,17335.2,12394.65,0
2025-03-08,North,Smartwatch,18,5048.9,3282.68,1
2025-03-08,North,Headphones,53,7513.58,4182.71,2
2025-03-08,South,Laptop Pro,14,19966.11,15154.03,1
2025-03-08,South,Laptop Air,22,21088.07,15628.13,3
2025-03-08,South,Tablet,21,11635.59,8230.56,0
2025-03-08,South,Smartwatch,34,9745.18,5984.9,0
2025-03-08,South,Headphones,45,6567.95,3544.28,2
2025-03-08,East,Laptop Pro,14,19517.88,14356.45,0
2025-03-08,East,Laptop Air,13,12313.56,9500.57,0
2025-03-08,East,Tablet,30,17196.23,11759.8,0
2025-03-08,East,Smartwatch,38,10777.86,6821.83,0
2025-03-08,East,Headphones,46,6707.42,3604.23,0
2025-03-08,West,Laptop Pro,11,15944.47,11278.7,0
2025-03-08,West,Laptop Air,28,27561.87,20606.16,3
2025-03-08,West,Tablet,20,11179.18,8256.44,0
2025-03-08,West,Smartwatch,35,9940.9,6459.89,2
2025-03-08,West,Headphones,50,7005.44,3882.29,0
2025-03-09,North,Laptop Pro,9,13157.22,9198.14,0
2025-03-09,North,Laptop Air,37,34053.51,27694.08,3
2025-03-09,North,Tablet,17,9908.52,6765.41,0
2025-03-09,North,Smartwatch,39,11368.92,6826.98,0
2025-03-09,North,Headphones,40,5538.89,3269.26,2
2025-03-09,South,Laptop Pro,13,18478.1,13668.4,0
2025-03-09,South,Laptop Air,25,23133.12,18205.02,0
2025-03-09,South,Tablet,24,13682.14,9170.33,3
2025-03-09,South,Smartwatch,32,9410.71,5722.41,0
2025-03-09,South,Headphones,52,7556.18,4238.94,1
2025-03-09,East,Laptop Pro,12,16763.17,12438.63,0
2025-03-09,East,Laptop Air,16,15373.49,11804.54,0
2025-03-09,East,Tablet,24,13583.26,9347.18,0
2025-03-09,East,Smartwatch,38,11248.13,6824.6,1
2025-03-09,East,Headphones,49,7114.94,4048.96,0
2025-03-09,West,Laptop Pro,9,12593.39,9232.49,1
2025-03-09,West,Laptop Air,28,25892.14,20269.46,2
2025-03-09,West,Tablet,26,15195.27,10521.7,1
2025-03-09,West,Smartwatch,24,7100.6,4327.9,0
2025-03-09,West,Headphones,47,7036.79,3741.2,1
2025-03-10,North,Laptop Pro,10,14847.14,10315.97,1
2025-03-10,North,Laptop Air,26,24261.81,18793.59,0
2025-03-10,North,Tablet,26,15031.31,10378.65,2
2025-03-10,North,Smartwatch,29,8497.03,5070.05,1
2025-03-10,North,Headphones,53,7456.68,4333.27,3
2025-03-10,South,Laptop Pro,18,25286.16,18556.0,2
2025-03-10,South,Laptop Air,17,16507.46,11894.75,0
2025-03-10,South,Tablet,25,13918.36,9880.86,0
2025-03-10,South,Smartwatch,31,8955.44,5480.37,1
2025-03-10,South,Headphones,43,6315.2,3422.23,1
2025-03-10,East,Laptop Pro,12,16704.35,12286.9,1
2025-03-10,East,Laptop Air,17,16791.99,12349.66,0
2025-03-10,East,Tablet,29,16013.65,11920.4,1
2025-03-10,East,Smartwatch,27,7702.61,4870.29,2
2025-03-10,East,Headphones,49,6811.78,3806.77,4
2025-03-10,West,Laptop Pro,14,20699.56,14431.51,0
2025-03-10,West,Laptop Air,14,13564.2,10124.61,2
2025-03-10,West,Tablet,24,13394.01,9222.34,0
2025-03-10,West,Smartwatch,38,10636.56,6671.36,1
2025-03-10,West,Headphones,51,7116.43,3945.56,0
2025-03-11,North,Laptop Pro,12,17596.14,12629.09,0
2025-03-11,North,Laptop Air,18,17110.63,13520.44,0
2025-03-11,North,Tablet,27,15695.08,10527.63,0
2025-03-11,North,Smartwatch,32,9353.65,5854.04,0
2025-03-11,North,Headphones,53,7619.2,4192.18,3
2025-03-11,South,Laptop Pro,20,28283.87,20445.53,1
2025-03-11,South,Laptop Air,25,23962.96,18563.09,1
2025-03-11,South,Tablet,23,13545.53,9597.41,1
2025-03-11,South,Smartwatch,30,8418.61,5444.48,0
2025-03-11,South,Headphones,45,6221.99,3626.1,0
2025-03-11,East,Laptop Pro,6,8738.73,6307.85,0
2025-03-11,East,Laptop Air,17,15845.02,12203.71,0
2025-03-11,East,Tablet,14,7819.48,5638.09,2
2025-03-11,East,Smartwatch,34,9987.41,6202.76,0
2025-03-11,East,Headphones,27,3821.48,2231.86,1
2025-03-11,West,Laptop Pro,12,16648.68,12468.27,1
2025-03-11,West,Laptop Air,21,19757.04,15158.52,2
2025-03-11,West,Tablet,19,11372.62,7586.56,0
2025-03-11,West,Smartwatch,24,6851.8,4408.48,2
2025-03-11,West,Headphones,56,7876.88,4695.05,1
2025-03-12,North,Laptop Pro,18,25664.82,19300.14,1
2025-03-12,North,Laptop Air,17,16960.91,12435.41,1
2025-03-12,North,Tablet,17,10101.94,6923.47,0
2025-03-12,North,Smartwatch,40,11230.44,7382.51,2
2025-03-12,North,Headphones,46,6630.59,3857.7,1
2025-03-12,South,Laptop Pro,10,13850.43,10146.07,1
2025-03-12,South,Laptop Air,18,17402.43,13115.42,1
2025-03-12,South,Tablet,23,12892.83,8725.06,1
2025-03-12,South,Smartwatch,33,9871.89,6053.02,0
2025-03-12,South,Headphones,55,7694.93,4448.49,0
2025-03-12,East,Laptop Pro,15,20953.7,15577.75,1
2025-03-12,East,Laptop Air,22,21362.75,14994.13,1
2025-03-12,East,Tablet,24,14043.51,9597.24,2
2025-03-12,East,Smartwatch,25,6954.05,4520.06,0
2025-03-12,East,Headphones,39,5486.03,3116.06,1
2025-03-12,West,Laptop Pro,16,22851.94,16591.2,1
2025-03-12,West,Laptop Air,22,21232.03,15555.9,1
2025-03-12,West,Tablet,21,11680.62,8391.3,0
2025-03-12,West,Smartwatch,40,11282.67,7084.53,0
2025-03-12,West,Headphones,44,6379.91,3576.97,2
2025-03-13,North,Laptop Pro,16,23046.3,16773.56,1
2025-03-13,North,Laptop Air,24,23811.01,16683.96,1
2025-03-13,North,Tablet,29,16271.44,11640.99,1
2025-03-13,North,Smartwatch,45,12590.96,8167.1,0
2025-03-13,North,Headphones,44,6412.22,3633.91,1
2025-03-13,South,Laptop Pro,12,17554.1,12833.89,0
2025-03-13,South,Laptop Air,26,25475.35,18383.53,0
2025-03-13,South,Tablet,16,9466.78,6582.51,1
2025-03-13,South,Smartwatch,24,6654.08,4200.25,0
2025-03-13,South,Headphones,48,6762.8,3842.16,2
2025-03-13,East,Laptop Pro,12,17375.9,12790.03,0
2025-03-13,East,Laptop Air,18,17841.35,13338.09,0
2025-03-13,East,Tablet,19,11272.83,7887.11,0
2025-03-13,East,Smartwatch,30,8488.95,5537.67,0
2025-03-13,East,Headphones,41,6050.08,3271.04,1
2025-03-13,West,Laptop Pro,14,20415.57,14870.42,2
2025-03-13,West,Laptop Air,25,23085.98,18080.79,1
2025-03-13,West,Tablet,25,14302.56,9858.11,1
2025-03-13,West,Smartwatch,33,9259.79,5926.26,2
2025-03-13,West,Headphones,48,7140.16,3978.07,2
2025-03-14,North,Laptop Pro,17,24826.01,18080.68,1
2025-03-14,North,Laptop Air,24,22280.43,17991.72,1
2025-03-14,North,Tablet,20,11221.96,7826.8,0
2025-03-14,North,Smartwatch,39,11022.85,6966.43,0
2025-03-14,North,Headphones,46,6575.75,3710.56,1
2025-03-14,South,Laptop Pro,9,13209.54,9590.31,1
2025-03-14,South,Laptop Air,15,14297.42,10774.77,0
2025-03-14,South,Tablet,19,11353.71,7721.68,2
2025-03-14,South,Smartwatch,27,7968.91,4937.08,0
2025-03-14,South,Headphones,37,5319.89,2877.83,1
2025-03-14,East,Laptop Pro,16,23996.2,17053.16,2
2025-03-14,East,Laptop Air,23,22572.7,16915.47,0
2025-03-14,East,Tablet,17,10075.77,6840.28,2
2025-03-14,East,Smartwatch,23,6709.28,3987.65,1
2025-03-14,East,Headphones,40,5587.99,3182.28,1
2025-03-14,West,Laptop Pro,11,15249.41,11651.16,2
2025-03-14,West,Laptop Air,16,15788.73,11320.54,1
2025-03-14,West,Tablet,20,11778.17,8146.93,0
2025-03-14,West,Smartwatch,27,7551.22,4930.92,1
2025-03-14,West,Headphones,52,7692.25,4171.19,1
2025-03-15,North,Laptop Pro,13,18343.55,13654.76,0
2025-03-15,North,Laptop Air,17,16883.75,12287.22,0
2025-03-15,North,Tablet,24,13653.15,9599.22,0
2025-03-15,North,Smartwatch,38,11157.68,6664.15,2
2025-03-15,North,Headphones,42,5922.22,3331.1,2
2025-03-15,South,Laptop Pro,16,23002.8,16824.35,2
2025-03-15,South,Laptop Air,17,16756.7,12587.27,0
2025-03-15,South,Tablet,31,18001.48,12571.63,1
2025-03-15,South,Smartwatch,34,9780.29,6300.21,1
2025-03-15,South,Headphones,35,4831.69,2721.32,0
2025-03-15,East,Laptop Pro,11,15865.92,11467.72,0
2025-03-15,East,Laptop Air,18,17782.21,13497.54,0
2025-03-15,East,Tablet,29,16627.12,11427.63,2
2025-03-15,East,Smartwatch,35,10315.02,6203.87,0
2025-03-15,East,Headphones,60,8366.71,4773.91,2
2025-03-15,West,Laptop Pro,15,20998.68,16385.71,2
2025-03-15,West,Laptop Air,26,25732.41,18468.58,1
2025-03-15,West,Tablet,30,17152.74,12133.8,0
2025-03-15,West,Smartwatch,50,14164.19,9070.57,0
2025-03-15,West,Headphones,56,8230.88,4307.21,3
2025-03-16,North,Laptop Pro,15,21372.52,15745.06,0
2025-03-16,North,Laptop Air,18,17333.73,12816.68,0
2025-03-16,North,Tablet,31,17882.67,12568.14,3
2025-03-16,North,Smartwatch,30,8603.07,5587.82,1
2025-03-16,North,Headphones,63,9018.98,5005.27,2
2025-03-16,South,Laptop Pro,11,15563.07,11470.4,0
2025-03-16,South,Laptop Air,12,11565.67,9075.08,0
2025-03-16,South,Tablet,23,13002.21,9069.08,1
2025-03-16,South,Smartwatch,32,9226.8,5605.29,0
2025-03-16,South,Headphones,44,6250.03,3616.98,0
2025-03-16,East,Laptop Pro,19,27900.11,19929.8,0
2025-03-16,East,Laptop Air,12,11479.97,8688.96,0
2025-03-16,East,Tablet,23,13283.33,9610.6,0
2025-03-16,East,Smartwatch,34,9953.41,5948.28,2
2025-03-16,East,Headphones,50,7462.61,3984.36,0
2025-03-16,West,Laptop Pro,17,24459.21,17408.65,0
2025-03-16,West,Laptop Air,23,22982.05,16671.01,3
2025-03-16,West,Tablet,17,9881.9,6724.79,2
2025-03-16,West,Smartwatch,45,13099.69,7909.98,1
2025-03-16,West,Headphones,52,7404.54,4220.93,3
2025-03-17,North,Laptop Pro,22,30393.19,23104.77,0
2025-03-17,North,Laptop Air,18,16764.48,12635.58,0
2025-03-17,North,Tablet,20,11063.92,7809.54,0
2025-03-17,North,Smartwatch,34,9424.04,6145.44,1
2025-03-17,North,Headphones,52,7753.75,4020.99,2
2025-03-17,South,Laptop Pro,11,16127.83,11602.55,1
2025-03-17,South,Laptop Air,15,14643.61,11089.34,0
2025-03-17,South,Tablet,24,14318.18,9728.08,0
2025-03-17,South,Smartwatch,40,11187.22,7110.24,4
2025-03-17,South,Headphones,46,6405.78,3700.19,1
2025-03-17,East,Laptop Pro,12,17128.84,12284.6,0
2025-03-17,East,Laptop Air,16,14859.53,11551.4,0
2025-03-17,East,Tablet,20,11314.21,7947.7,0
2025-03-17,East,Smartwatch,31,8972.23,5464.01,0
2025-03-17,East,Headphones,48,7113.68,3887.9,1
2025-03-17,West,Laptop Pro,13,18004.75,13110.15,0
2025-03-17,West,Laptop Air,22,20781.59,15464.33,1
2025-03-17,West,Tablet,19,11076.98,7438.03,0
2025-03-17,West,Smartwatch,42,12470.37,7483.67,0
2025-03-17,West,Headphones,46,6458.97,3775.63,0
2025-03-18,North,Laptop Pro,12,16845.1,12790.07,0
2025-03-18,North,Laptop Air,17,16261.51,12265.78,2
2025-03-18,North,Tablet,27,14904.06,10812.56,1
2025-03-18,North,Smartwatch,38,11047.58,6838.39,0
2025-03-18,North,Headphones,53,7350.85,4356.33,1
2025-03-18,South,Laptop Pro,14,19941.16,14166.19,1
2025-03-18,South,Laptop Air,28,26350.41,20471.09,1
2025-03-18,South,Tablet,25,13899.51,9898.36,1
2025-03-18,South,Smartwatch,25,7001.31,4545.27,4
2025-03-18,South,Headphones,43,6301.05,3474.93,0
2025-03-18,East,Laptop Pro,10,13959.32,10653.98,0
2025-03-18,East,Laptop Air,18,17222.82,13370.48,0
2025-03-18,East,Tablet,25,14946.21,9725.79,1
2025-03-18,East,Smartwatch,32,9082.51,5875.83,0
2025-03-18,East,Headphones,42,6048.15,3355.71,1
2025-03-18,West,Laptop Pro,14,20098.47,14564.51,0
2025-03-18,West,Laptop Air,28,27078.18,20980.01,1
2025-03-18,West,Tablet,24,14326.17,9734.77,1
2025-03-18,West,Smartwatch,33,9757.27,5890.44,0
2025-03-18,West,Headphones,44,6200.59,3587.39,4
2025-03-19,North,Laptop Pro,8,11775.14,8392.26,1
2025-03-19,North,Laptop Air,23,21844.98,16416.63,1
2025-03-19,North,Tablet,41,23533.62,16201.2,4
2025-03-19,North,Smartwatch,43,12671.52,7787.15,2
2025-03-19,North,Headphones,41,6011.96,3239.73,0
2025-03-19,South,Laptop Pro,12,17447.66,12639.17,0
2025-03-19,South,Laptop Air,25,23239.63,18319.33,1
2025-03-19,South,Tablet,19,10541.53,7616.8,1
2025-03-19,South,Smartwatch,23,6686.51,4303.65,2
2025-03-19,South,Headphones,37,5529.51,2960.78,1
2025-03-19,East,Laptop Pro,13,18562.6,14018.29,0
2025-03-19,East,Laptop Air,15,14498.91,11010.88,0
2025-03-19,East,Tablet,21,12103.75,8656.25,1
2025-03-19,East,Smartwatch,29,8392.4,5425.89,0
2025-03-19,East,Headphones,51,7249.4,3936.27,0
2025-03-19,West,Laptop Pro,11,16098.14,11611.25,0
2025-03-19,West,Laptop Air,19,17643.2,13649.39,1
2025-03-19,West,Tablet,25,14494.5,10022.29,0
2025-03-19,West,Smartwatch,29,8462.2,5178.51,0
2025-03-19,West,Headphones,41,5695.91,3244.35,0
2025-03-20,North,Laptop Pro,14,20398.32,14376.72,0
2025-03-20,North,Laptop Air,20,19867.08,14428.05,0
2025-03-20,North,Tablet,24,14221.05,9779.33,0
2025-03-20,North,Smartwatch,33,9334.28,5881.35,1
2025-03-20,North,Headphones,46,6589.6,3655.82,0
2025-03-20,South,Laptop Pro,12,17230.15,12424.09,0
2025-03-20,South,Laptop Air,10,9934.41,7056.81,0
2025-03-20,South,Tablet,17,10066.11,6767.88,0
2025-03-20,South,Smartwatch,25,7262.27,4530.89,0
2025-03-20,South,Headphones,54,7809.69,4428.63,1
2025-03-20,East,Laptop Pro,18,26186.58,18449.39,0
2025-03-20,East,Laptop Air,9,8638.02,6476.06,0
2025-03-20,East,Tablet,14,7907.06,5731.95,3
2025-03-20,East,Smartwatch,25,7118.58,4393.9,0
2025-03-20,East,Headphones,47,6705.24,3855.28,1
2025-03-20,West,Laptop Pro,11,15763.73,11448.6,1
2025-03-20,West,Laptop Air,19,18694.59,13874.62,0
2025-03-20,West,Tablet,22,12561.5,8761.62,1
2025-03-20,West,Smartwatch,44,13032.67,7992.67,1
2025-03-20,West,Headphones,48,6789.36,3963.57,1
2025-03-21,North,Laptop Pro,7,10120.08,7332.15,1
2025-03-21,North,Laptop Air,10,9534.83,7343.5,0
2025-03-21,North,Tablet,24,13406.06,9652.73,2
2025-03-21,North,Smartwatch,23,6694.05,4074.92,0
2025-03-21,North,Headphones,51,7588.95,4068.12,1
2025-03-21,South,Laptop Pro,11,15323.36,11501.93,0
2025-03-21,South,Laptop Air,14,13591.22,9795.38,0
2025-03-21,South,Tablet,14,8126.82,5651.41,0
2025-03-21,South,Smartwatch,25,7322.39,4559.22,2
2025-03-21,South,Headphones,34,4928.57,2764.19,1
2025-03-21,East,Laptop Pro,10,14374.84,10800.26,1
2025-03-21,East,Laptop Air,20,18650.7,14674.73,0
2025-03-21,East,Tablet,26,14701.24,10274.57,0
2025-03-21,East,Smartwatch,29,8342.76,5179.26,0
2025-03-21,East,Headphones,43,6055.86,3497.71,0
2025-03-21,West,Laptop Pro,8,11186.12,8465.47,0
2025-03-21,West,Laptop Air,16,15925.57,11515.89,2
2025-03-21,West,Tablet,32,18290.34,12576.07,2
2025-03-21,West,Smartwatch,33,9865.73,5876.95,1
2025-03-21,West,Headphones,42,6144.71,3399.16,0
2025-03-22,North,Laptop Pro,11,15493.61,11099.35,0
2025-03-22,North,Laptop Air,19,17797.25,13039.78,1
2025-03-22,North,Tablet,29,16169.71,11760.86,1
2025-03-22,North,Smartwatch,36,10369.52,6410.86,1
2025-03-22,North,Headphones,55,8194.47,4441.23,0
2025-03-22,South,Laptop Pro,15,22271.79,16246.65,0
2025-03-22,South,Laptop Air,14,13726.37,9875.77,2
2025-03-22,South,Tablet,21,12224.84,8119.51,1
2025-03-22,South,Smartwatch,31,8908.24,5549.15,2
2025-03-22,South,Headphones,48,6827.94,3787.41,0
2025-03-22,East,Laptop Pro,12,17765.99,12593.61,0
2025-03-22,East,Laptop Air,15,14773.24,10916.22,0
2025-03-22,East,Tablet,21,12425.63,8454.88,2
2025-03-22,East,Smartwatch,44,12402.79,7927.33,0
2025-03-22,East,Headphones,48,7026.0,3921.27,1
2025-03-22,West,Laptop Pro,13,19239.93,13833.1,0
2025-03-22,West,Laptop Air,15,14482.35,10760.82,0
2025-03-22,West,Tablet,22,12938.62,8911.8,0
2025-03-22,West,Smartwatch,44,12810.02,7675.17,1
2025-03-22,West,Headphones,50,7005.59,4085.1,2
2025-03-23,North,Laptop Pro,14,20439.05,14706.52,4
2025-03-23,North,Laptop Air,24,23664.27,16865.05,1
2025-03-23,North,Tablet,21,12365.69,8330.0,1
2025-03-23,North,Smartwatch,34,10171.96,6246.99,1
2025-03-23,North,Headphones,60,8351.19,4726.3,0
2025-03-23,South,Laptop Pro,14,19829.09,14820.72,1
2025-03-23,South,Laptop Air,12,11555.17,8791.85,1
2025-03-23,South,Tablet,17,9742.33,6803.32,0
2025-03-23,South,Smartwatch,40,11756.07,7075.5,0
2025-03-23,South,Headphones,43,6241.7,3435.6,0
2025-03-23,East,Laptop Pro,13,19001.06,13265.24,0
2025-03-23,East,Laptop Air,16,14944.58,11407.41,2
2025-03-23,East,Tablet,24,13543.57,9387.41,1
2025-03-23,East,Smartwatch,40,11727.47,7193.25,1
2025-03-23,East,Headphones,52,7324.36,4054.39,1
2025-03-23,West,Laptop Pro,20,29774.56,21035.04,1
2025-03-23,West,Laptop Air,18,17708.3,13253.64,0
2025-03-23,West,Tablet,30,17846.81,12286.96,0
2025-03-23,West,Smartwatch,40,11771.28,7020.66,1
2025-03-23,West,Headphones,54,7953.43,4262.45,0
2025-03-24,North,Laptop Pro,11,15311.27,11746.99,0
2025-03-24,North,Laptop Air,26,25319.03,18983.59,1
2025-03-24,North,Tablet,25,14573.74,9876.96,0
2025-03-24,North,Smartwatch,37,11011.42,6595.2,2
2025-03-24,North,Headphones,48,7161.99,3846.32,2
2025-03-24,South,Laptop Pro,12,17684.08,12138.01,3
2025-03-24,South,Laptop Air,18,17806.25,13096.17,2
2025-03-24,South,Tablet,25,14586.47,10216.61,0
2025-03-24,South,Smartwatch,28,8274.98,5000.78,0
2025-03-24,South,Headphones,45,6653.79,3497.82,1
2025-03-24,East,Laptop Pro,11,15645.25,11876.31,0
2025-03-24,East,Laptop Air,14,12944.84,10124.24,3
2025-03-24,East,Tablet,20,11988.02,8113.43,0
2025-03-24,East,Smartwatch,30,8492.0,5257.32,1
2025-03-24,East,Headphones,53,7530.75,4128.28,1
2025-03-24,West,Laptop Pro,12,17157.52,12704.36,1
2025-03-24,West,Laptop Air,19,17947.71,13961.14,1
2025-03-24,West,Tablet,29,16691.89,11338.02,1
2025-03-24,West,Smartwatch,34,9443.64,6107.54,0
2025-03-24,West,Headphones,48,7108.86,3718.1,1
2025-03-25,North,Laptop Pro,17,24533.96,17599.54,1
2025-03-25,North,Laptop Air,23,21798.41,16474.87,1
2025-03-25,North,Tablet,27,15022.33,10905.58,1
2025-03-25,North,Smartwatch,43,12396.97,7414.03,0
2025-03-25,North,Headphones,39,5392.77,3202.39,0
2025-03-25,South,Laptop Pro,6,8527.33,6278.51,1
2025-03-25,South,Laptop Air,11,10384.69,8125.03,0
2025-03-25,South,Tablet,23,12896.7,9328.56,1
2025-03-25,South,Smartwatch,26,7342.03,4759.78,1
2025-03-25,South,Headphones,36,5174.23,2996.37,2
2025-03-25,East,Laptop Pro,8,11258.29,8268.69,0
2025-03-25,East,Laptop Air,13,12962.84,9385.36,0
2025-03-25,East,Tablet,14,7773.18,5489.04,1
2025-03-25,East,Smartwatch,33,9248.07,5927.86,1
2025-03-25,East,Headphones,36,5124.53,2921.48,1
2025-03-25,West,Laptop Pro,12,17900.99,12884.09,0
2025-03-25,West,Laptop Air,22,21480.93,15718.9,0
2025-03-25,West,Tablet,22,12932.17,8587.96,2
2025-03-25,West,Smartwatch,33,9696.44,5948.71,1
2025-03-25,West,Headphones,51,7238.67,4010.46,3
2025-03-26,North,Laptop Pro,9,12553.77,9340.78,2
2025-03-26,North,Laptop Air,18,17018.45,13134.11,1
2025-03-26,North,Tablet,20,11626.79,8077.7,1
2025-03-26,North,Smartwatch,35,9685.84,6405.11,1
2025-03-26,North,Headphones,51,7122.1,4052.48,2
2025-03-26,South,Laptop Pro,24,34025.99,25708.52,1
2025-03-26,South,Laptop Air,21,20332.26,15124.34,0
2025-03-26,South,Tablet,13,7373.29,5170.45,1
2025-03-26,South,Smartwatch,28,8125.83,4929.24,1
2025-03-26,South,Headphones,46,6814.34,3526.18,2
2025-03-26,East,Laptop Pro,11,15683.14,11188.73,0
2025-03-26,East,Laptop Air,20,18883.04,14462.05,0
2025-03-26,East,Tablet,27,15747.3,10603.98,1
2025-03-26,East,Smartwatch,23,6387.02,4003.77,1
2025-03-26,East,Headphones,40,5589.96,3173.16,0
2025-03-26,West,Laptop Pro,9,12870.52,9502.88,0
2025-03-26,West,Laptop Air,24,23884.35,17423.45,1
2025-03-26,West,Tablet,35,20971.08,13991.92,4
2025-03-26,West,Smartwatch,28,7970.0,5033.87,0
2025-03-26,West,Headphones,51,7151.95,4036.07,0
2025-03-27,North,Laptop Pro,12,17279.49,12759.74,0
2025-03-27,North,Laptop Air,24,23954.9,17218.89,0
2025-03-27,North,Tablet,20,11860.96,7987.79,0
2025-03-27,North,Smartwatch,32,9437.76,5879.56,1
2025-03-27,North,Headphones,45,6411.01,3657.02,1
2025-03-27,South,Laptop Pro,13,18741.75,13599.53,0
2025-03-27,South,Laptop Air,25,24795.59,17882.26,0
2025-03-27,South,Tablet,30,17277.59,11919.64,3
2025-03-27,South,Smartwatch,21,5861.78,3627.19,0
2025-03-27,South,Headphones,33,4776.11,2697.92,1
2025-03-27,East,Laptop Pro,15,22230.43,15534.29,0
2025-03-27,East,Laptop Air,16,15260.15,11716.9,1
2025-03-27,East,Tablet,21,11663.18,8406.99,1
2025-03-27,East,Smartwatch,28,8322.11,5180.28,0
2025-03-27,East,Headphones,44,6517.42,3557.28,1
2025-03-27,West,Laptop Pro,20,28639.58,21383.09,1
2025-03-27,West,Laptop Air,19,18483.2,13518.01,0
2025-03-27,West,Tablet,20,11140.26,7794.33,1
2025-03-27,West,Smartwatch,39,11032.85,7040.71,0
2025-03-27,West,Headphones,55,8152.92,4231.29,1
2025-03-28,North,Laptop Pro,15,20932.71,15602.59,3
2025-03-28,North,Laptop Air,16,15177.87,11245.95,0
2025-03-28,North,Tablet,15,8644.58,5899.24,0
2025-03-28,North,Smartwatch,40,11753.72,7285.78,0
2025-03-28,North,Headphones,50,7110.17,4042.4,5
2025-03-28,South,Laptop Pro,7,9745.27,7326.19,0
2025-03-28,South,Laptop Air,19,18941.52,13767.55,0
2025-03-28,South,Tablet,22,12803.84,8704.84,1
2025-03-28,South,Smartwatch,24,6661.06,4529.66,1
2025-03-28,South,Headphones,49,7124.85,3943.59,1
2025-03-28,East,Laptop Pro,16,23931.13,16601.65,3
2025-03-28,East,Laptop Air,27,26780.88,19780.34,0
2025-03-28,East,Tablet,21,11903.71,8608.35,1
2025-03-28,East,Smartwatch,24,6796.73,4253.11,1
2025-03-28,East,Headphones,48,7133.73,3731.05,0
2025-03-28,West,Laptop Pro,12,17684.33,12292.45,1
2025-03-28,West,Laptop Air,14,13368.46,9944.94,0
2025-03-28,West,Tablet,20,11340.93,7991.32,0
2025-03-28,West,Smartwatch,32,9479.59,5572.32,0
2025-03-28,West,Headphones,49,7081.65,3887.21,0
2025-03-29,North,Laptop Pro,17,24353.45,17775.77,2
2025-03-29,North,Laptop Air,29,28884.69,21015.66,0
2025-03-29,North,Tablet,27,15910.01,10932.14,2
2025-03-29,North,Smartwatch,31,8616.34,5624.81,0
2025-03-29,North,Headphones,51,7111.45,4226.24,4
2025-03-29,South,Laptop Pro,16,23380.83,17167.63,1
2025-03-29,South,Laptop Air,16,14888.99,11571.14,0
2025-03-29,South,Tablet,25,14240.94,9805.9,0
2025-03-29,South,Smartwatch,31,8569.67,5504.61,1
2025-03-29,South,Headphones,43,5951.43,3341.71,0
2025-03-29,East,Laptop Pro,12,17111.61,12638.64,0
2025-03-29,East,Laptop Air,26,25026.89,18844.06,2
2025-03-29,East,Tablet,30,17795.12,12214.3,2
2025-03-29,East,Smartwatch,29,8330.88,5247.91,1
2025-03-29,East,Headphones,53,7696.68,4329.38,2
2025-03-29,West,Laptop Pro,11,15647.8,11798.21,0
2025-03-29,West,Laptop Air,21,20849.66,14809.1,1
2025-03-29,West,Tablet,23,12878.25,9104.68,0
2025-03-29,West,Smartwatch,37,10241.2,6658.53,2
2025-03-29,West,Headphones,54,7964.33,4259.0,1
2025-03-30,North,Laptop Pro,11,15664.73,11493.79,0
2025-03-30,North,Laptop Air,18,16845.21,13038.09,3
2025-03-30,North,Tablet,24,13761.32,9576.37,0
2025-03-30,North,Smartwatch,43,11934.63,7740.05,1
2025-03-30,North,Headphones,57,8199.88,4474.03,1
2025-03-30,South,Laptop Pro,17,24948.08,18030.8,0
2025-03-30,South,Laptop Air,17,16358.62,12346.06,0
2025-03-30,South,Tablet,12,6918.99,4726.8,2
2025-03-30,South,Smartwatch,25,7347.77,4383.61,0
2025-03-30,South,Headphones,48,6746.72,3934.48,1
2025-03-30,East,Laptop Pro,13,18536.32,14127.25,0
2025-03-30,East,Laptop Air,21,20377.78,15190.98,2
2025-03-30,East,Tablet,24,13914.25,9530.56,1
2025-03-30,East,Smartwatch,25,7276.98,4594.17,0
2025-03-30,East,Headphones,46,6652.76,3714.62,0
2025-03-30,West,Laptop Pro,10,14366.29,10455.75,1
2025-03-30,West,Laptop Air,16,15576.41,11743.04,0
2025-03-30,West,Tablet,34,19064.77,13379.78,1
2025-03-30,West,Smartwatch,38,10553.33,6745.5,0
2025-03-30,West,Headphones,52,7473.77,4190.25,0
2025-03-31,North,Laptop Pro,14,19804.91,14733.59,3
2025-03-31,North,Laptop Air,19,17585.58,13854.36,2
2025-03-31,North,Tablet,29,17132.82,11876.85,1
2025-03-31,North,Smartwatch,41,12113.31,7150.86,0
2025-03-31,North,Headphones,56,8351.21,4483.49,4
2025-03-31,South,Laptop Pro,10,14469.48,10899.23,0
2025-03-31,South,Laptop Air,18,17523.15,12805.37,2
2025-03-31,South,Tablet,19,10888.79,7491.36,0
2025-03-31,South,Smartwatch,30,8675.23,5157.97,0
2025-03-31,South,Headphones,54,7976.75,4328.79,1
2025-03-31,East,Laptop Pro,13,18889.76,13808.51,2
2025-03-31,East,Laptop Air,12,11972.26,8739.97,0
2025-03-31,East,Tablet,20,11484.11,7834.07,0
2025-03-31,East,Smartwatch,33,9685.32,5938.96,1
2025-03-31,East,Headphones,45,6689.33,3615.95,5
2025-03-31,West,Laptop Pro,18,26857.75,18919.7,1
2025-03-31,West,Laptop Air,13,12256.97,9155.05,1
2025-03-31,West,Tablet,22,12938.81,8813.61,1
2025-03-31,West,Smartwatch,37,10514.99,6551.5,2
2025-03-31,West,Headphones,36,5047.7,2772.18,1
2025-04-01,North,Laptop Pro,16,23040.03,17028.92,0
2025-04-01,North,Laptop Air,23,22755.18,16606.38,1
2025-04-01,North,Tablet,20,11410.03,8094.7,1
2025-04-01,North,Smartwatch,38,11334.69,6766.89,1
2025-04-01,North,Headphones,53,7430.3,4293.13,0
2025-04-01,South,Laptop Pro,12,16903.38,12857.58,1
2025-04-01,South,Laptop Air,20,19356.67,14905.15,1
2025-04-01,South,Tablet,16,9393.33,6504.17,0
2025-04-01,South,Smartwatch,18,5093.47,3264.93,2
2025-04-01,South,Headphones,43,6157.32,3345.06,0
2025-04-01,East,Laptop Pro,14,20756.25,14668.68,0
2025-04-01,East,Laptop Air,10,9392.65,6995.14,0
2025-04-01,East,Tablet,17,9927.48,6688.63,0
2025-04-01,East,Smartwatch,33,9192.07,6172.26,0
2025-04-01,East,Headphones,39,5461.81,3056.16,1
2025-04-01,West,Laptop Pro,9,13202.12,9007.25,1
2025-04-01,West,Laptop Air,23,22530.33,16829.32,1
2025-04-01,West,Tablet,24,13941.63,9470.77,2
2025-04-01,West,Smartwatch,28,7859.39,5117.42,2
2025-04-01,West,Headphones,40,5937.29,3125.11,1
2025-04-02,North,Laptop Pro,18,26317.33,18739.0,0
2025-04-02,North,Laptop Air,25,23681.78,18430.52,0
2025-04-02,North,Tablet,24,14361.42,9346.17,1
2025-04-02,North,Smartwatch,37,11050.36,6637.45,1
2025-04-02,North,Headphones,54,7606.11,4345.17,1
2025-04-02,South,Laptop Pro,12,17247.83,12418.75,1
2025-04-02,South,Laptop Air,20,19107.84,14469.69,1
2025-04-02,South,Tablet,18,10584.98,7202.25,0
2025-04-02,South,Smartwatch,34,9766.06,6185.43,0
2025-04-02,South,Headphones,44,6312.24,3649.69,0
2025-04-02,East,Laptop Pro,10,14503.47,11061.79,1
2025-04-02,East,Laptop Air,20,18456.92,14533.44,1
2025-04-02,East,Tablet,27,16136.15,10776.15,1
2025-04-02,East,Smartwatch,36,10441.5,6537.14,1
2025-04-02,East,Headphones,47,6566.38,3742.54,1
2025-04-02,West,Laptop Pro,11,16227.72,11183.31,0
2025-04-02,West,Laptop Air,13,12027.6,9351.28,0
2025-04-02,West,Tablet,23,13330.26,9399.11,0
2025-04-02,West,Smartwatch,34,10072.22,5940.71,0
2025-04-02,West,Headphones,38,5657.55,2980.14,0
2025-04-03,North,Laptop Pro,18,26293.53,18680.02,1
2025-04-03,North,Laptop Air,16,14822.75,11605.79,0
2025-04-03,North,Tablet,21,11653.39,8799.34,0
2025-04-03,North,Smartwatch,30,8594.45,5312.59,0
2025-04-03,North,Headphones,53,7874.83,4247.74,0
2025-04-03,South,Laptop Pro,10,14452.09,10501.21,0
2025-04-03,South,Laptop Air,14,13532.11,10019.27,0
2025-04-03,South,Tablet,18,10600.36,7193.13,0
2025-04-03,South,Smartwatch,30,8945.26,5349.81,4
2025-04-03,South,Headphones,57,8289.0,4810.16,1
2025-04-03,East,Laptop Pro,9,13098.4,9591.69,0
2025-04-03,East,Laptop Air,12,11324.18,8561.18,0
2025-04-03,East,Tablet,20,11621.54,8189.37,0
2025-04-03,East,Smartwatch,36,10788.65,6513.27,1
2025-04-03,East,Headphones,45,6739.19,3604.17,0
2025-04-03,West,Laptop Pro,12,17009.98,12554.13,1
2025-04-03,West,Laptop Air,20,18942.74,14327.99,2
2025-04-03,West,Tablet,28,16584.49,10926.73,1
2025-04-03,West,Smartwatch,40,11168.42,6958.99,0
2025-04-03,West,Headphones,40,5681.94,3223.73,1
2025-04-04,North,Laptop Pro,15,22222.7,15689.49,0
2025-04-04,North,Laptop Air,14,13677.87,10256.89,1
2025-04-04,North,Tablet,35,19364.25,13750.83,0
2025-04-04,North,Smartwatch,38,11028.14,6689.8,1
2025-04-04,North,Headphones,46,6769.3,3737.13,0
2025-04-04,South,Laptop Pro,12,17245.25,12525.57,0
2025-04-04,South,Laptop Air,17,16720.45,12449.48,0
2025-04-04,South,Tablet,21,11801.95,8405.62,0
2025-04-04,South,Smartwatch,31,8709.04,5789.53,1
2025-04-04,South,Headphones,43,6036.76,3491.99,1
2025-04-04,East,Laptop Pro,7,9981.49,7410.23,0
2025-04-04,East,Laptop Air,10,9444.76,7315.19,0
2025-04-04,East,Tablet,16,9353.16,6365.07,1
2025-04-04,East,Smartwatch,34,9482.83,5918.91,1
2025-04-04,East,Headphones,46,6820.42,3706.56,1
2025-04-04,West,Laptop Pro,13,19103.0,14180.05,0
2025-04-04,West,Laptop Air,17,15649.95,11679.3,1
2025-04-04,West,Tablet,24,13293.62,9690.08,1
2025-04-04,West,Smartwatch,31,8922.33,5408.67,0
2025-04-04,West,Headphones,43,6192.46,3438.4,1
2025-04-05,North,Laptop Pro,8,11887.85,8413.35,0
2025-04-05,North,Laptop Air,27,25575.16,19730.38,0
2025-04-05,North,Tablet,29,17356.8,11648.76,1
2025-04-05,North,Smartwatch,34,9943.49,6288.12,0
2025-04-05,North,Headphones,52,7538.92,4257.04,0
2025-04-05,South,Laptop Pro,19,26461.71,19871.53,1
2025-04-05,South,Laptop Air,23,21218.05,16922.46,2
2025-04-05,South,Tablet,18,9958.47,7154.96,0
2025-04-05,South,Smartwatch,28,7863.18,4991.13,1
2025-04-05,South,Headphones,57,8351.64,4450.16,0
2025-04-05,East,Laptop Pro,6,8967.35,6465.31,0
2025-04-05,East,Laptop Air,18,17387.11,12882.23,0
2025-04-05,East,Tablet,30,17571.75,11418.84,2
2025-04-05,East,Smartwatch,26,7391.16,4730.74,0
2025-04-05,East,Headphones,45,6549.63,3568.75,0
2025-04-05,West,Laptop Pro,21,29255.29,21918.31,2
2025-04-05,West,Laptop Air,21,20371.62,15049.23,0
2025-04-05,West,Tablet,35,20364.97,13905.77,0
2025-04-05,West,Smartwatch,34,9580.56,6453.88,0
2025-04-05,West,Headphones,56,8003.5,4628.98,1
2025-04-06,North,Laptop Pro,11,16163.02,11711.51,0
2025-04-06,North,Laptop Air,24,22700.76,17363.4,1
2025-04-06,North,Tablet,26,14897.38,10634.78,0
2025-04-06,North,Smartwatch,33,9817.58,5968.95,1
2025-04-06,North,Headphones,68,9818.71,5528.77,3
2025-04-06,South,Laptop Pro,11,15287.31,11678.95,0
2025-04-06,South,Laptop Air,14,13762.79,10105.87,0
2025-04-06,South,Tablet,25,14502.46,10188.06,0
2025-04-06,South,Smartwatch,30,8801.32,5354.62,0
2025-04-06,South,Headphones,47,6747.18,3764.4,2
2025-04-06,East,Laptop Pro,9,12446.88,9264.89,1
2025-04-06,East,Laptop Air,24,23405.08,16981.41,2
2025-04-06,East,Tablet,23,12880.55,8734.64,2
2025-04-06,East,Smartwatch,19,5317.74,3451.23,0
2025-04-06,East,Headphones,55,8078.79,4464.37,1
2025-04-06,West,Laptop Pro,13,18294.73,13946.32,0
2025-04-06,West,Laptop Air,20,18419.0,14082.5,3
2025-04-06,West,Tablet,26,14409.38,10491.5,1
2025-04-06,West,Smartwatch,35,9991.18,6299.91,0
2025-04-06,West,Headphones,51,7557.14,4140.19,2
2025-04-07,North,Laptop Pro,10,14856.79,10363.2,0
2025-04-07,North,Laptop Air,21,20551.74,15018.3,2
2025-04-07,North,Tablet,28,15991.84,10852.02,1
2025-04-07,North,Smartwatch,37,10757.03,6564.51,2
2025-04-07,North,Headphones,49,6938.98,3920.24,1
2025-04-07,South,Laptop Pro,8,11243.73,8429.25,0
2025-04-07,South,Laptop Air,20,19711.33,13914.47,1
2025-04-07,South,Tablet,25,13913.65,9897.71,0
2025-04-07,South,Smartwatch,28,8359.29,5056.16,0
2025-04-07,South,Headphones,34,4991.91,2796.6,3
2025-04-07,East,Laptop Pro,7,9815.57,7225.78,1
2025-04-07,East,Laptop Air,23,22661.93,16722.31,3
2025-04-07,East,Tablet,18,10609.8,7119.13,0
2025-04-07,East,Smartwatch,27,7467.77,4816.67,0
2025-04-07,East,Headphones,35,4866.81,2750.86,2
2025-04-07,West,Laptop Pro,9,12622.22,9252.62,0
2025-04-07,West,Laptop Air,24,23666.3,17115.91,1
2025-04-07,West,Tablet,16,9404.05,6534.15,0
2025-04-07,West,Smartwatch,32,9419.39,5673.03,2
2025-04-07,West,Headphones,48,7091.06,3770.06,1
2025-04-08,North,Laptop Pro,11,15219.01,11598.31,0
2025-04-08,North,Laptop Air,22,21707.79,15841.65,1
2025-04-08,North,Tablet,22,12411.47,8787.99,0
2025-04-08,North,Smartwatch,33,9859.6,5970.17,1
2025-04-08,North,Headphones,49,7030.24,3840.85,1
2025-04-08,South,Laptop Pro,14,20880.97,14435.72,1
2025-04-08,South,Laptop Air,19,18906.13,13949.84,0
2025-04-08,South,Tablet,18,10601.08,7178.99,0
2025-04-08,South,Smartwatch,29,8055.78,5282.27,0
2025-04-08,South,Headphones,38,5408.69,3114.42,2
2025-04-08,East,Laptop Pro,13,18483.81,13880.89,0
2025-04-08,East,Laptop Air,11,10738.06,7703.03,0
2025-04-08,East,Tablet,17,9609.53,6784.16,0
2025-04-08,East,Smartwatch,28,7942.0,5144.92,3
2025-04-08,East,Headphones,48,6934.07,3880.15,2
2025-04-08,West,Laptop Pro,10,14180.87,10538.63,0
2025-04-08,West,Laptop Air,19,17681.95,13231.42,1
2025-04-08,West,Tablet,27,14955.35,10666.83,1
2025-04-08,West,Smartwatch,40,11043.27,7209.98,2
2025-04-08,West,Headphones,52,7495.29,4041.37,5
2025-04-09,North,Laptop Pro,8,11968.56,8533.33,1
2025-04-09,North,Laptop Air,19,18651.65,13647.82,2
2025-04-09,North,Tablet,22,12992.13,8451.58,0
2025-04-09,North,Smartwatch,38,11125.91,6762.49,0
2025-04-09,North,Headphones,63,9177.46,5011.14,2
2025-04-09,South,Laptop Pro,11,15617.35,11520.0,1
2025-04-09,South,Laptop Air,18,17243.01,13327.97,0
2025-04-09,South,Tablet,18,10238.62,7283.3,0
2025-04-09,South,Smartwatch,34,9406.98,5952.87,0
2025-04-09,South,Headphones,52,7769.38,4036.07,0
2025-04-09,East,Laptop Pro,15,22474.08,15665.95,2
2025-04-09,East,Laptop Air,19,17988.43,13714.53,0
2025-04-09,East,Tablet,19,10901.82,7750.84,1
2025-04-09,East,Smartwatch,31,8940.83,5773.06,0
2025-04-09,East,Headphones,52,7267.52,4308.45,1
2025-04-09,West,Laptop Pro,13,19252.15,13529.24,2
2025-04-09,West,Laptop Air,21,20036.32,15402.61,1
2025-04-09,West,Tablet,26,14436.95,10488.53,2
2025-04-09,West,Smartwatch,27,7811.09,4753.98,0
2025-04-09,West,Headphones,42,6007.72,3233.13,0
2025-04-10,North,Laptop Pro,18,26848.8,18954.47,1
2025-04-10,North,Laptop Air,18,17497.18,12572.45,1
2025-04-10,North,Tablet,19,11362.24,7470.58,1
2025-04-10,North,Smartwatch,34,9732.94,6036.18,1
2025-04-10,North,Headphones,45,6431.14,3615.75,0
2025-04-10,South,Laptop Pro,11,15244.89,11845.82,0
2025-04-10,South,Laptop Air,20,18978.55,14403.67,2
2025-04-10,South,Tablet,20,11997.14,7913.78,1
2025-04-10,South,Smartwatch,32,8960.08,5521.71,1
2025-04-10,South,Headphones,45,6571.99,3633.0,1
2025-04-10,East,Laptop Pro,17,24042.89,17860.2,2
2025-04-10,East,Laptop Air,15,14683.17,10681.27,1
2025-04-10,East,Tablet,19,10706.67,7777.25,0
2025-04-10,East,Smartwatch,31,8609.95,5447.11,2
2025-04-10,East,Headphones,55,8197.65,4339.73,0
2025-04-10,West,Laptop Pro,15,21520.15,15672.82,0
2025-04-10,West,Laptop Air,21,20092.12,14950.0,2
2025-04-10,West,Tablet,18,10552.52,7279.31,0
2025-04-10,West,Smartwatch,30,8753.99,5450.1,0
2025-04-10,West,Headphones,42,5959.21,3430.63,1
2025-04-11,North,Laptop Pro,17,24903.07,18029.33,5
2025-04-11,North,Laptop Air,10,9975.5,7183.39,0
2025-04-11,North,Tablet,29,16329.29,11521.16,1
2025-04-11,North,Smartwatch,37,10544.83,6720.64,1
2025-04-11,North,Headphones,45,6614.75,3586.3,1
2025-04-11,South,Laptop Pro,9,12461.54,9458.93,1
2025-04-11,South,Laptop Air,14,12993.76,10182.75,0
2025-04-11,South,Tablet,23,12735.33,9225.49,1
2025-04-11,South,Smartwatch,32,9206.6,5795.55,1
2025-04-11,South,Headphones,58,8536.32,4566.6,4
2025-04-11,East,Laptop Pro,16,23666.25,17253.5,1
2025-04-11,East,Laptop Air,19,17558.24,13377.21,0
2025-04-11,East,Tablet,21,11702.04,8473.79,1
2025-04-11,East,Smartwatch,31,8748.74,5525.78,1
2025-04-11,East,Headphones,46,6618.2,3759.66,0
2025-04-11,West,Laptop Pro,18,26169.68,19234.05,1
2025-04-11,West,Laptop Air,16,15099.59,11519.53,1
2025-04-11,West,Tablet,21,12590.39,8661.19,0
2025-04-11,West,Smartwatch,27,7760.27,4841.78,0
2025-04-11,West,Headphones,42,5957.96,3419.25,1
2025-04-12,North,Laptop Pro,16,22552.78,16555.99,0
2025-04-12,North,Laptop Air,27,26025.66,19597.45,2
2025-04-12,North,Tablet,28,15798.53,10991.13,0
2025-04-12,North,Smartwatch,39,11610.29,7022.73,2
2025-04-12,North,Headphones,48,7065.63,3836.05,2
2025-04-12,South,Laptop Pro,11,16309.11,11752.95,0
2025-04-12,South,Laptop Air,28,27238.76,19889.55,1
2025-04-12,South,Tablet,27,15753.93,11463.84,0
2025-04-12,South,Smartwatch,30,8730.76,5250.73,0
2025-04-12,South,Headphones,46,6642.86,3697.15,1
2025-04-12,East,Laptop Pro,12,17371.68,12672.52,0
2025-04-12,East,Laptop Air,19,18254.48,13827.22,1
2025-04-12,East,Tablet,21,11841.38,8313.41,1
2025-04-12,East,Smartwatch,26,7711.38,4702.63,0
2025-04-12,East,Headphones,47,6852.2,3717.55,0
2025-04-12,West,Laptop Pro,21,31499.66,22876.05,2
2025-04-12,West,Laptop Air,26,25941.28,18482.22,0
2025-04-12,West,Tablet,36,20552.1,14357.37,2
2025-04-12,West,Smartwatch,34,9485.18,6038.81,0
2025-04-12,West,Headphones,50,7316.45,3935.98,3
2025-04-13,North,Laptop Pro,17,24680.13,17349.81,0
2025-04-13,North,Laptop Air,23,22613.83,16782.59,1
2025-04-13,North,Tablet,33,19573.81,13022.38,1
2025-04-13,North,Smartwatch,30,8363.45,5313.91,0
2025-04-13,North,Headphones,56,8015.54,4393.7,2
2025-04-13,South,Laptop Pro,9,12738.74,9507.53,0
2025-04-13,South,Laptop Air,22,20447.87,15846.87,0
2025-04-13,South,Tablet,14,8004.6,5602.94,0
2025-04-13,South,Smartwatch,36,10644.23,6381.33,1
2025-04-13,South,Headphones,50,7072.01,4034.82,2
2025-04-13,East,Laptop Pro,13,18333.42,13469.18,0
2025-04-13,East,Laptop Air,19,18370.8,13699.2,1
2025-04-13,East,Tablet,21,11978.25,8376.52,1
2025-04-13,East,Smartwatch,27,7786.01,4695.88,0
2025-04-13,East,Headphones,58,8468.23,4828.27,0
2025-04-13,West,Laptop Pro,6,8515.86,6372.42,0
2025-04-13,West,Laptop Air,23,22544.69,16619.68,0
2025-04-13,West,Tablet,23,13438.47,9262.2,1
2025-04-13,West,Smartwatch,45,13061.86,8432.48,1
2025-04-13,West,Headphones,64,9127.97,5236.42,1
2025-04-14,North,Laptop Pro,15,20966.03,15859.86,1
2025-04-14,North,Laptop Air,20,19016.13,14196.01,0
2025-04-14,North,Tablet,15,8477.22,5933.94,1
2025-04-14,North,Smartwatch,31,9082.26,5378.76,1
2025-04-14,North,Headphones,50,7147.55,3970.54,0
2025-04-14,South,Laptop Pro,8,11900.3,8511.19,0
2025-04-14,South,Laptop Air,20,19258.76,14582.49,0
2025-04-14,South,Tablet,21,11904.6,8503.51,3
2025-04-14,South,Smartwatch,23,6800.79,4097.33,0
2025-04-14,South,Headphones,51,7097.92,4124.97,2
2025-04-14,East,Laptop Pro,16,23198.99,17076.93,3
2025-04-14,East,Laptop Air,13,12302.01,8943.11,0
2025-04-14,East,Tablet,17,9816.57,6841.4,1
2025-04-14,East,Smartwatch,29,8190.35,5437.26,1
2025-04-14,East,Headphones,47,6720.45,3738.08,0
2025-04-14,West,Laptop Pro,18,26735.24,17946.75,2
2025-04-14,West,Laptop Air,21,19446.48,14874.25,0
2025-04-14,West,Tablet,17,9661.39,6553.22,1
2025-04-14,West,Smartwatch,31,8948.78,5509.21,1
2025-04-14,West,Headphones,54,7661.56,4214.24,0
2025-04-15,North,Laptop Pro,11,16155.62,11765.03,0
2025-04-15,North,Laptop Air,15,14077.25,10968.16,0
2025-04-15,North,Tablet,19,11024.96,7652.13,0
2025-04-15,North,Smartwatch,23,6455.62,4241.53,1
2025-04-15,North,Headphones,50,7335.57,3954.77,0
2025-04-15,South,Laptop Pro,11,15456.83,11566.99,2
2025-04-15,South,Laptop Air,17,15766.9,12777.19,0
2025-04-15,South,Tablet,20,11058.41,8093.64,0
2025-04-15,South,Smartwatch,23,6471.26,4188.26,0
2025-04-15,South,Headphones,36,5095.87,2835.79,0
2025-04-15,East,Laptop Pro,12,17251.28,12495.02,0
2025-04-15,East,Laptop Air,12,11898.5,8466.69,0
2025-04-15,East,Tablet,17,9743.16,7028.6,1
2025-04-15,East,Smartwatch,28,8021.49,4882.93,1
2025-04-15,East,Headphones,48,7162.71,3910.21,0
2025-04-15,West,Laptop Pro,9,12754.12,9559.83,0
2025-04-15,West,Laptop Air,19,18773.61,13241.32,0
2025-04-15,West,Tablet,18,10284.53,7364.51,0
2025-04-15,West,Smartwatch,29,8371.05,5192.99,1
2025-04-15,West,Headphones,48,6695.97,3738.56,0
2025-04-16,North,Laptop Pro,14,20609.83,14807.16,0
2025-04-16,North,Laptop Air,14,13808.25,9914.19,0
2025-04-16,North,Tablet,25,14338.59,9959.01,1
2025-04-16,North,Smartwatch,30,8668.63,5345.38,2
2025-04-16,North,Headphones,53,7847.41,4165.45,2
2025-04-16,South,Laptop Pro,12,17116.25,12300.52,1
2025-04-16,South,Laptop Air,21,19478.23,15360.96,1
2025-04-16,South,Tablet,21,11853.82,8454.58,0
2025-04-16,South,Smartwatch,28,8259.18,5066.27,0
2025-04-16,South,Headphones,58,8534.07,4606.2,2
2025-04-16,East,Laptop Pro,10,14330.93,10510.77,0
2025-04-16,East,Laptop Air,19,17970.17,13478.62,0
2025-04-16,East,Tablet,17,9401.14,6697.55,1
2025-04-16,East,Smartwatch,43,12791.83,8004.75,2
2025-04-16,East,Headphones,38,5450.87,3093.78,1
2025-04-16,West,Laptop Pro,16,22104.24,16611.35,0
2025-04-16,West,Laptop Air,17,16849.18,11873.74,2
2025-04-16,West,Tablet,21,11619.65,8114.22,0
2025-04-16,West,Smartwatch,40,11556.31,7108.68,3
2025-04-16,West,Headphones,55,7776.52,4409.48,1
2025-04-17,North,Laptop Pro,11,15938.64,11577.34,2
2025-04-17,North,Laptop Air,21,19587.05,15164.85,2
2025-04-17,North,Tablet,29,16135.34,11677.54,0
2025-04-17,North,Smartwatch,28,8288.0,4935.33,1
2025-04-17,North,Headphones,50,7051.65,4120.62,0
2025-04-17,South,Laptop Pro,11,16472.62,11504.4,0
2025-04-17,South,Laptop Air,17,16623.47,12312.18,0
2025-04-17,South,Tablet,21,12043.24,8289.76,1
2025-04-17,South,Smartwatch,22,6281.51,3984.67,0
2025-04-17,South,Headphones,55,8008.92,4582.77,1
2025-04-17,East,Laptop Pro,7,10272.83,7204.57,2
2025-04-17,East,Laptop Air,17,16766.56,11966.9,1
2025-04-17,East,Tablet,18,10592.89,7075.51,0
2025-04-17,East,Smartwatch,27,8015.61,4827.62,1
2025-04-17,East,Headphones,48,7049.57,3799.96,0
2025-04-17,West,Laptop Pro,17,23824.59,17478.48,0
2025-04-17,West,Laptop Air,17,16608.97,12227.84,2
2025-04-17,West,Tablet,30,16692.93,12374.67,4
2025-04-17,West,Smartwatch,29,8529.32,5204.36,0
2025-04-17,West,Headphones,54,7781.21,4311.67,0
2025-04-18,North,Laptop Pro,16,23678.27,16915.23,0
2025-04-18,North,Laptop Air,28,27961.71,20421.14,1
2025-04-18,North,Tablet,27,15389.3,11096.62,0
2025-04-18,North,Smartwatch,36,10508.17,6511.11,0
2025-04-18,North,Headphones,48,7001.24,3839.8,1
2025-04-18,South,Laptop Pro,14,20314.98,14408.49,0
2025-04-18,South,Laptop Air,18,16880.03,13151.8,1
2025-04-18,South,Tablet,28,16262.75,11010.83,1
2025-04-18,South,Smartwatch,34,10129.49,6012.84,1
2025-04-18,South,Headphones,41,6012.85,3292.67,0
2025-04-18,East,Laptop Pro,9,12877.78,9741.35,1
2025-04-18,East,Laptop Air,14,12887.29,10226.45,0
2025-04-18,East,Tablet,26,15421.35,10392.19,2
2025-04-18,East,Smartwatch,25,7305.93,4411.66,0
2025-04-18,East,Headphones,33,4757.71,2720.37,2
2025-04-18,West,Laptop Pro,13,18026.36,13634.55,0
2025-04-18,West,Laptop Air,20,19826.52,14316.42,1
2025-04-18,West,Tablet,23,12923.62,9302.15,0
2025-04-18,West,Smartwatch,29,8196.82,5173.22,1
2025-04-18,West,Headphones,53,7755.11,4176.15,1
2025-04-19,North,Laptop Pro,17,23921.54,17615.42,0
2025-04-19,North,Laptop Air,21,20034.21,14920.49,1
2025-04-19,North,Tablet,28,16569.69,10947.47,0
2025-04-19,North,Smartwatch,35,10259.98,6143.9,1
2025-04-19,North,Headphones,50,7303.0,4077.76,0
2025-04-19,South,Laptop Pro,11,16073.6,11704.5,1
2025-04-19,South,Laptop Air,18,16925.23,12746.73,1
2025-04-19,South,Tablet,29,16480.87,11806.11,1
2025-04-19,South,Smartwatch,27,7568.73,4890.07,1
2025-04-19,South,Headphones,49,7049.65,3894.61,2
2025-04-19,East,Laptop Pro,16,23326.98,16388.12,1
2025-04-19,East,Laptop Air,28,27848.24,20297.67,0
2025-04-19,East,Tablet,33,18541.68,13692.46,1
2025-04-19,East,Smartwatch,30,8946.17,5401.57,0
2025-04-19,East,Headphones,52,7611.89,4243.09,1
2025-04-19,West,Laptop Pro,17,24135.48,17774.42,0
2025-04-19,West,Laptop Air,27,25349.39,19798.41,2
2025-04-19,West,Tablet,37,22078.32,14755.54,1
2025-04-19,West,Smartwatch,28,7991.68,4797.54,1
2025-04-19,West,Headphones,62,9197.97,4888.4,0
2025-04-20,North,Laptop Pro,25,35228.28,26319.44,0
2025-04-20,North,Laptop Air,28,26365.13,20596.51,2
2025-04-20,North,Tablet,28,15794.61,11165.62,1
2025-04-20,North,Smartwatch,42,12535.73,7564.51,3
2025-04-20,North,Headphones,71,10173.37,5613.29,1
2025-04-20,South,Laptop Pro,10,14710.98,10827.79,0
2025-04-20,South,Laptop Air,16,15365.37,11865.76,1
2025-04-20,South,Tablet,28,15470.23,11048.52,1
2025-04-20,South,Smartwatch,26,7743.54,4538.06,0
2025-04-20,South,Headphones,58,8286.54,4472.29,2
2025-04-20,East,Laptop Pro,13,19242.6,13814.73,0
2025-04-20,East,Laptop Air,21,20143.11,15160.89,0
2025-04-20,East,Tablet,34,19549.89,13387.35,0
2025-04-20,East,Smartwatch,36,10405.82,6515.23,1
2025-04-20,East,Headphones,42,5977.63,3277.32,1
2025-04-20,West,Laptop Pro,2,2766.19,2133.39,0
2025-04-20,West,Laptop Air,19,17776.07,13575.4,1
2025-04-20,West,Tablet,33,18281.7,12914.49,2
2025-04-20,West,Smartwatch,34,10045.41,6075.08,0
2025-04-20,West,Headphones,50,6904.06,3967.88,0
2025-04-21,North,Laptop Pro,11,16097.18,11634.33,0
2025-04-21,North,Laptop Air,26,25928.94,19156.55,0
2025-04-21,North,Tablet,39,22583.37,15947.61,3
2025-04-21,North,Smartwatch,28,8234.56,5056.09,1
2025-04-21,North,Headphones,41,5775.04,3267.72,0
2025-04-21,South,Laptop Pro,17,25322.64,17646.99,1
2025-04-21,South,Laptop Air,14,13386.24,9723.57,0
2025-04-21,South,Tablet,27,15824.94,10795.85,0
2025-04-21,South,Smartwatch,23,6785.88,4069.54,0
2025-04-21,South,Headphones,46,6416.65,3769.67,0
2025-04-21,East,Laptop Pro,8,11505.11,8366.28,0
2025-04-21,East,Laptop Air,12,11687.57,8769.1,0
2025-04-21,East,Tablet,21,11847.91,8318.94,0
2025-04-21,East,Smartwatch,28,7826.66,4971.91,0
2025-04-21,East,Headphones,40,5787.8,3238.71,1
2025-04-21,West,Laptop Pro,11,16259.6,11614.13,0
2025-04-21,West,Laptop Air,17,15647.7,12318.88,0
2025-04-21,West,Tablet,24,13986.46,9581.99,0
2025-04-21,West,Smartwatch,39,11507.65,7130.83,3
2025-04-21,West,Headphones,45,6694.21,3646.42,0
2025-04-22,North,Laptop Pro,12,17821.65,12051.44,0
2025-04-22,North,Laptop Air,32,29585.81,22921.37,0
2025-04-22,North,Tablet,27,14973.13,11019.18,0
2025-04-22,North,Smartwatch,35,10073.34,6171.54,1
2025-04-22,North,Headphones,55,7793.19,4251.07,2
2025-04-22,South,Laptop Pro,10,14000.83,10470.86,2
2025-04-22,South,Laptop Air,17,16241.86,12367.48,0
2025-04-22,South,Tablet,25,14199.62,9907.9,0
2025-04-22,South,Smartwatch,28,7750.19,5170.33,1
2025-04-22,South,Headphones,50,7396.48,4147.49,0
2025-04-22,East,Laptop Pro,18,26700.23,18172.32,1
2025-04-22,East,Laptop Air,11,10337.33,7859.18,1
2025-04-22,East,Tablet,31,17553.45,11834.1,1
2025-04-22,East,Smartwatch,32,9457.19,5836.15,1
2025-04-22,East,Headphones,38,5562.1,2998.66,0
2025-04-22,West,Laptop Pro,9,12759.92,9360.07,0
2025-04-22,West,Laptop Air,20,19209.02,14730.65,3
2025-04-22,West,Tablet,21,11699.38,8176.83,0
2025-04-22,West,Smartwatch,36,10076.7,6275.29,0
2025-04-22,West,Headphones,45,6486.96,3436.02,1
2025-04-23,North,Laptop Pro,14,19879.67,15073.54,0
2025-04-23,North,Laptop Air,20,18970.46,14699.01,0
2025-04-23,North,Tablet,24,14293.93,9543.57,0
2025-04-23,North,Smartwatch,36,10432.29,6314.73,1
2025-04-23,North,Headphones,53,7670.24,4310.73,1
2025-04-23,South,Laptop Pro,18,25061.69,19941.27,1
2025-04-23,South,Laptop Air,20,18583.55,14332.12,0
2025-04-23,South,Tablet,23,13736.37,8978.67,2
2025-04-23,South,Smartwatch,32,8950.91,5903.04,0
2025-04-23,South,Headphones,33,4707.77,2580.2,0
2025-04-23,East,Laptop Pro,11,16478.58,11465.3,2
2025-04-23,East,Laptop Air,15,14542.02,10230.04,1
2025-04-23,East,Tablet,24,13376.92,9541.77,0
2025-04-23,East,Smartwatch,29,8450.67,5086.55,0
2025-04-23,East,Headphones,47,6668.48,3854.66,2
2025-04-23,West,Laptop Pro,12,17185.44,12354.01,0
2025-04-23,West,Laptop Air,22,20961.85,16087.04,0
2025-04-23,West,Tablet,28,16153.8,11176.49,1
2025-04-23,West,Smartwatch,21,6056.9,3789.48,1
2025-04-23,West,Headphones,48,6680.08,3880.11,1
2025-04-24,North,Laptop Pro,13,18854.45,13635.41,0
2025-04-24,North,Laptop Air,14,13785.62,9949.4,2
2025-04-24,North,Tablet,21,12176.91,8263.58,0
2025-04-24,North,Smartwatch,32,9037.12,5818.63,1
2025-04-24,North,Headphones,58,8369.23,4463.52,0
2025-04-24,South,Laptop Pro,14,19770.08,15193.38,1
2025-04-24,South,Laptop Air,20,19616.35,14437.96,1
2025-04-24,South,Tablet,22,12584.6,8740.62,0
2025-04-24,South,Smartwatch,39,10890.99,7057.36,1
2025-04-24,South,Headphones,49,7038.77,3873.41,2
2025-04-24,East,Laptop Pro,10,14235.82,10462.61,0
2025-04-24,East,Laptop Air,12,11348.35,8444.44,0
2025-04-24,East,Tablet,21,11854.4,8463.01,0
2025-04-24,East,Smartwatch,30,8747.79,5391.53,1
2025-04-24,East,Headphones,38,5414.16,3051.4,1
2025-04-24,West,Laptop Pro,14,20300.84,15136.04,0
2025-04-24,West,Laptop Air,18,17437.02,12751.55,0
2025-04-24,West,Tablet,24,13852.57,9575.25,1
2025-04-24,West,Smartwatch,26,7545.52,4525.43,0
2025-04-24,West,Headphones,55,8232.93,4448.4,0
2025-04-25,North,Laptop Pro,19,26808.25,19943.02,0
2025-04-25,North,Laptop Air,16,15252.05,11524.0,0
2025-04-25,North,Tablet,24,14241.51,9569.79,2
2025-04-25,North,Smartwatch,24,7049.49,4270.04,1
2025-04-25,North,Headphones,53,7561.38,4451.66,0
2025-04-25,South,Laptop Pro,13,18691.89,13660.43,1
2025-04-25,South,Laptop Air,22,20726.78,15933.94,0
2025-04-25,South,Tablet,29,16718.99,11335.65,3
2025-04-25,South,Smartwatch,37,10349.96,6777.9,0
2025-04-25,South,Headphones,34,5068.4,2713.28,2
2025-04-25,East,Laptop Pro,12,17117.01,12712.34,1
2025-04-25,East,Laptop Air,24,23286.62,17591.85,2
2025-04-25,East,Tablet,26,15217.06,10378.39,0
2025-04-25,East,Smartwatch,22,6101.76,3906.38,1
2025-04-25,East,Headphones,34,4747.57,2593.37,1
2025-04-25,West,Laptop Pro,16,23647.27,16669.91,0
2025-04-25,West,Laptop Air,22,21898.91,15623.81,1
2025-04-25,West,Tablet,32,17867.9,12507.38,1
2025-04-25,West,Smartwatch,29,8582.17,5371.7,2
2025-04-25,West,Headphones,53,7359.63,4323.34,2
2025-04-26,North,Laptop Pro,16,23467.55,16185.17,0
2025-04-26,North,Laptop Air,31,29979.1,22388.62,1
2025-04-26,North,Tablet,31,18533.06,12197.32,0
2025-04-26,North,Smartwatch,41,11771.07,7434.14,1
2025-04-26,North,Headphones,63,9307.32,4959.4,2
2025-04-26,South,Laptop Pro,8,11586.17,8309.45,0
2025-04-26,South,Laptop Air,15,13896.71,11008.02,1
2025-04-26,South,Tablet,21,12345.41,8537.65,0
2025-04-26,South,Smartwatch,34,9681.91,6304.76,0
2025-04-26,South,Headphones,49,7231.23,3902.98,1
2025-04-26,East,Laptop Pro,11,15695.0,11213.74,0
2025-04-26,East,Laptop Air,16,15629.88,11732.27,2
2025-04-26,East,Tablet,20,11345.7,8148.33,2
2025-04-26,East,Smartwatch,36,10134.18,6561.42,2
2025-04-26,East,Headphones,54,7529.32,4255.74,2
2025-04-26,West,Laptop Pro,14,19456.76,14385.18,0
2025-04-26,West,Laptop Air,18,17652.53,13098.92,0
2025-04-26,West,Tablet,32,19001.87,12573.14,2
2025-04-26,West,Smartwatch,43,12849.93,7692.33,0
2025-04-26,West,Headphones,45,6361.01,3809.27,2
2025-04-27,North,Laptop Pro,19,28073.89,20799.45,0
2025-04-27,North,Laptop Air,23,21527.69,16822.54,2
2025-04-27,North,Tablet,30,16610.66,11841.06,1
2025-04-27,North,Smartwatch,36,10672.16,6386.39,2
2025-04-27,North,Headphones,63,9235.8,5112.15,1
2025-04-27,South,Laptop Pro,14,20119.57,15140.12,1
2025-04-27,South,Laptop Air,12,11586.67,8551.59,1
2025-04-27,South,Tablet,25,14488.87,9908.64,0
2025-04-27,South,Smartwatch,38,11202.0,6852.0,0
2025-04-27,South,Headphones,52,7245.13,4044.44,0
2025-04-27,East,Laptop Pro,11,15600.3,11236.21,0
2025-04-27,East,Laptop Air,18,17778.43,12655.18,1
2025-04-27,East,Tablet,27,16194.25,10917.95,1
2025-04-27,East,Smartwatch,37,10422.74,6696.23,0
2025-04-27,East,Headphones,46,6891.25,3763.68,0
2025-04-27,West,Laptop Pro,17,23703.95,17229.82,2
2025-04-27,West,Laptop Air,22,21068.21,15359.44,1
2025-04-27,West,Tablet,29,16105.32,11705.73,0
2025-04-27,West,Smartwatch,33,9288.69,5836.4,0
2025-04-27,West,Headphones,55,7659.73,4329.65,0
2025-04-28,North,Laptop Pro,19,26804.1,20354.09,1
2025-04-28,North,Laptop Air,20,19077.41,14240.75,1
2025-04-28,North,Tablet,23,13608.94,9119.79,1
2025-04-28,North,Smartwatch,30,8476.09,5372.99,1
2025-04-28,North,Headphones,51,7287.51,4064.54,2
2025-04-28,South,Laptop Pro,20,28908.82,21287.67,0
2025-04-28,South,Laptop Air,20,19106.25,14051.52,0
2025-04-28,South,Tablet,24,14132.44,9563.88,0
2025-04-28,South,Smartwatch,33,9579.69,6078.09,3
2025-04-28,South,Headphones,50,7425.48,4170.62,1
2025-04-28,East,Laptop Pro,14,20311.59,14301.15,0
2025-04-28,East,Laptop Air,12,11551.74,8697.2,1
2025-04-28,East,Tablet,24,13411.85,9563.5,0
2025-04-28,East,Smartwatch,22,6321.65,3952.18,0
2025-04-28,East,Headphones,37,5146.46,2913.26,1
2025-04-28,West,Laptop Pro,14,19373.9,14922.21,3
2025-04-28,West,Laptop Air,23,22909.86,16793.33,0
2025-04-28,West,Tablet,21,11998.08,8823.84,0
2025-04-28,West,Smartwatch,33,9663.01,5783.06,2
2025-04-28,West,Headphones,44,6150.5,3396.95,1
2025-04-29,North,Laptop Pro,18,25932.79,19676.69,1
2025-04-29,North,Laptop Air,21,20868.82,15104.31,0
2025-04-29,North,Tablet,26,15331.67,10304.99,0
2025-04-29,North,Smartwatch,41,11636.89,7407.78,1
2025-04-29,North,Headphones,43,6408.92,3344.03,0
2025-04-29,South,Laptop Pro,12,17454.13,12694.72,1
2025-04-29,South,Laptop Air,21,19535.68,15095.73,1
2025-04-29,South,Tablet,20,11971.97,8171.8,1
2025-04-29,South,Smartwatch,46,13031.39,8421.92,0
2025-04-29,South,Headphones,48,6810.92,3912.22,0
2025-04-29,East,Laptop Pro,9,13153.6,9486.07,1
2025-04-29,East,Laptop Air,23,22792.6,17091.36,0
2025-04-29,East,Tablet,21,12496.77,8496.81,0
2025-04-29,East,Smartwatch,34,9409.11,6054.75,0
2025-04-29,East,Headphones,46,6526.34,3620.44,0
2025-04-29,West,Laptop Pro,18,26187.86,18636.71,0
2025-04-29,West,Laptop Air,17,15866.38,12384.15,0
2025-04-29,West,Tablet,21,12495.84,8176.29,2
2025-04-29,West,Smartwatch,28,8314.7,5055.63,0
2025-04-29,West,Headphones,53,7824.35,4169.37,1
2025-04-30,North,Laptop Pro,16,22533.96,16378.95,1
2025-04-30,North,Laptop Air,9,8705.6,6338.52,0
2025-04-30,North,Tablet,15,8537.35,5997.15,0
2025-04-30,North,Smartwatch,32,9421.48,5847.99,0
2025-04-30,North,Headphones,49,6892.95,3867.01,0
2025-04-30,South,Laptop Pro,12,16845.6,12076.85,0
2025-04-30,South,Laptop Air,18,17404.91,13777.6,2
2025-04-30,South,Tablet,24,14158.91,9814.62,0
2025-04-30,South,Smartwatch,34,9685.88,6234.11,1
2025-04-30,South,Headphones,47,6905.54,3882.42,3
2025-04-30,East,Laptop Pro,14,20750.87,14727.16,1
2025-04-30,East,Laptop Air,22,20916.2,15797.23,1
2025-04-30,East,Tablet,24,13809.13,9860.31,1
2025-04-30,East,Smartwatch,28,7873.52,5175.98,2
2025-04-30,East,Headphones,65,9522.0,5263.98,1
2025-04-30,West,Laptop Pro,16,23567.42,17096.52,1
2025-04-30,West,Laptop Air,15,14231.37,10532.43,1
2025-04-30,West,Tablet,24,13592.38,9550.57,0
2025-04-30,West,Smartwatch,39,11313.09,7259.22,3
2025-04-30,West,Headphones,53,7668.66,4308.21,4
2025-05-01,North,Laptop Pro,22,32673.84,22424.55,1
2025-05-01,North,Laptop Air,14,13474.25,9972.93,0
2025-05-01,North,Tablet,26,14400.26,10720.52,1
2025-05-01,North,Smartwatch,36,10701.77,6539.0,0
2025-05-01,North,Headphones,61,8734.25,4897.75,1
2025-05-01,South,Laptop Pro,12,17973.52,12653.41,0
2025-05-01,South,Laptop Air,20,19479.4,14375.93,1
2025-05-01,South,Tablet,13,7325.05,5145.48,2
2025-05-01,South,Smartwatch,34,9737.2,6017.97,0
2025-05-01,South,Headphones,53,7898.4,4325.68,2
2025-05-01,East,Laptop Pro,15,21686.7,15824.83,1
2025-05-01,East,Laptop Air,12,11924.09,8762.18,0
2025-05-01,East,Tablet,16,9313.13,6469.98,0
2025-05-01,East,Smartwatch,23,6475.54,4256.64,0
2025-05-01,East,Headphones,57,8373.36,4601.46,2
2025-05-01,West,Laptop Pro,12,17347.12,12807.55,0
2025-05-01,West,Laptop Air,14,13439.62,10113.72,0
2025-05-01,West,Tablet,32,17889.37,12557.45,0
2025-05-01,West,Smartwatch,28,8318.35,5017.26,0
2025-05-01,West,Headphones,49,7026.35,3966.25,0
2025-05-02,North,Laptop Pro,14,20948.27,14899.24,1
2025-05-02,North,Laptop Air,19,18858.13,14077.0,0
2025-05-02,North,Tablet,22,12966.92,8719.05,1
2025-05-02,North,Smartwatch,33,9329.99,5966.85,1
2025-05-02,North,Headphones,61,9119.91,4867.39,2
2025-05-02,South,Laptop Pro,8,11092.73,8672.88,0
2025-05-02,South,Laptop Air,21,20281.52,15233.84,1
2025-05-02,South,Tablet,17,9515.66,6853.8,1
2025-05-02,South,Smartwatch,29,8545.57,5216.28,1
2025-05-02,South,Headphones,47,6859.47,3743.07,0
2025-05-02,East,Laptop Pro,10,14127.58,10195.78,0
2025-05-02,East,Laptop Air,25,24241.61,17545.97,1
2025-05-02,East,Tablet,27,15542.3,10838.63,1
2025-05-02,East,Smartwatch,32,8978.49,5766.24,2
2025-05-02,East,Headphones,38,5403.1,3051.21,2
2025-05-02,West,Laptop Pro,14,19595.73,14976.77,1
2025-05-02,West,Laptop Air,13,12910.05,9377.4,2
2025-05-02,West,Tablet,24,13699.5,9533.12,1
2025-05-02,West,Smartwatch,30,8567.13,5377.32,0
2025-05-02,West,Headphones,36,5137.73,2894.05,0
2025-05-03,North,Laptop Pro,17,24298.83,17714.34,1
2025-05-03,North,Laptop Air,14,13189.3,10294.58,0
2025-05-03,North,Tablet,30,16784.59,11997.29,2
2025-05-03,North,Smartwatch,39,11485.1,7055.33,0
2025-05-03,North,Headphones,66,9817.19,5193.77,0
2025-05-03,South,Laptop Pro,12,17893.48,12868.35,1
2025-05-03,South,Laptop Air,13,12835.23,9629.37,1
2025-05-03,South,Tablet,24,13644.34,9338.28,2
2025-05-03,South,Smartwatch,33,9570.13,5987.63,0
2025-05-03,South,Headphones,61,8894.17,4869.47,1
2025-05-03,East,Laptop Pro,6,8344.84,6335.79,0
2025-05-03,East,Laptop Air,22,20415.69,15983.22,2
2025-05-03,East,Tablet,15,8612.0,5731.81,0
2025-05-03,East,Smartwatch,28,8091.89,5116.56,1
2025-05-03,East,Headphones,50,7337.74,4088.99,0
2025-05-03,West,Laptop Pro,12,17337.74,12908.65,1
2025-05-03,West,Laptop Air,25,24178.16,17659.94,0
2025-05-03,West,Tablet,24,14391.99,9594.05,6
2025-05-03,West,Smartwatch,51,14371.5,9081.06,0
2025-05-03,West,Headphones,47,6802.64,3615.97,1
2025-05-04,North,Laptop Pro,11,16205.84,11406.66,1
2025-05-04,North,Laptop Air,15,14200.49,10565.83,0
2025-05-04,North,Tablet,30,17355.36,12080.29,0
2025-05-04,North,Smartwatch,44,12868.7,7661.58,1
2025-05-04,North,Headphones,70,10306.12,5490.29,2
2025-05-04,South,Laptop Pro,12,17914.84,12469.1,1
2025-05-04,South,Laptop Air,20,19195.16,14621.81,1
2025-05-04,South,Tablet,25,14549.47,10555.55,0
2025-05-04,South,Smartwatch,38,11363.22,6881.46,2
2025-05-04,South,Headphones,49,6872.3,3839.08,0
2025-05-04,East,Laptop Pro,14,19642.08,14500.34,1
2025-05-04,East,Laptop Air,18,17294.36,13130.57,2
2025-05-04,East,Tablet,23,12873.85,8952.34,2
2025-05-04,East,Smartwatch,37,10672.87,6806.08,0
2025-05-04,East,Headphones,47,6954.74,3780.56,0
2025-05-04,West,Laptop Pro,11,15816.77,11521.11,0
2025-05-04,West,Laptop Air,25,24374.87,17393.44,0
2025-05-04,West,Tablet,29,16770.31,11813.53,1
2025-05-04,West,Smartwatch,43,11898.27,7622.1,1
2025-05-04,West,Headphones,47,6849.48,3771.56,0
2025-05-05,North,Laptop Pro,17,25059.58,17793.89,0
2025-05-05,North,Laptop Air,21,20784.03,14641.06,1
2025-05-05,North,Tablet,26,14496.86,10352.02,1
2025-05-05,North,Smartwatch,28,8389.96,4918.0,0
2025-05-05,North,Headphones,50,6955.53,3947.84,0
2025-05-05,South,Laptop Pro,11,16418.46,11649.97,0
2025-05-05,South,Laptop Air,15,14096.81,10951.73,1
2025-05-05,South,Tablet,24,14061.71,9596.5,1
2025-05-05,South,Smartwatch,26,7644.06,4597.26,2
2025-05-05,South,Headphones,46,6800.68,3632.35,3
2025-05-05,East,Laptop Pro,13,19290.16,13468.52,0
2025-05-05,East,Laptop Air,18,17904.62,12406.07,2
2025-05-05,East,Tablet,22,13036.27,8812.89,0
2025-05-05,East,Smartwatch,29,8290.42,5046.06,1
2025-05-05,East,Headphones,56,8017.18,4486.83,1
2025-05-05,West,Laptop Pro,17,24926.61,17328.98,1
2025-05-05,West,Laptop Air,18,17020.97,12647.34,1
2025-05-05,West,Tablet,23,12950.33,9323.03,0
2025-05-05,West,Smartwatch,40,11059.03,7203.54,2
2025-05-05,West,Headphones,53,7670.31,4080.17,2
2025-05-06,North,Laptop Pro,10,14550.49,10382.65,2
2025-05-06,North,Laptop Air,22,20287.21,15922.99,1
2025-05-06,North,Tablet,31,17198.08,12246.42,4
2025-05-06,North,Smartwatch,34,9443.61,6078.0,1
2025-05-06,North,Headphones,56,7990.9,4501.87,1
2025-05-06,South,Laptop Pro,12,17110.47,12611.27,0
2025-05-06,South,Laptop Air,25,23144.04,17642.79,2
2025-05-06,South,Tablet,23,13270.28,9204.1,1
2025-05-06,South,Smartwatch,22,6487.29,3937.24,1
2025-05-06,South,Headphones,29,4007.13,2400.0,3
2025-05-06,East,Laptop Pro,12,16787.42,12574.02,0
2025-05-06,East,Laptop Air,19,18914.8,13716.93,1
2025-05-06,East,Tablet,18,10702.83,7237.41,0
2025-05-06,East,Smartwatch,34,9480.19,6080.55,1
2025-05-06,East,Headphones,51,7465.73,4021.25,0
2025-05-06,West,Laptop Pro,12,16997.2,12715.86,0
2025-05-06,West,Laptop Air,25,24764.36,18168.46,0
2025-05-06,West,Tablet,22,13019.92,9166.53,0
2025-05-06,West,Smartwatch,26,7333.64,4749.49,0
2025-05-06,West,Headphones,57,7880.16,4629.25,2
2025-05-07,North,Laptop Pro,10,14397.36,10650.72,0
2025-05-07,North,Laptop Air,21,20927.9,14911.25,0
2025-05-07,North,Tablet,29,17073.83,11308.15,0
2025-05-07,North,Smartwatch,38,11206.02,6702.71,0
2025-05-07,North,Headphones,49,6800.06,3973.94,0
2025-05-07,South,Laptop Pro,21,30443.74,22676.94,2
2025-05-07,South,Laptop Air,22,20332.1,16072.53,1
2025-05-07,South,Tablet,24,13409.76,9567.95,0
2025-05-07,South,Smartwatch,31,8964.6,5767.12,1
2025-05-07,South,Headphones,42,6287.47,3330.19,0
2025-05-07,East,Laptop Pro,17,23515.18,17440.11,1
2025-05-07,East,Laptop Air,19,18984.69,13749.22,2
2025-05-07,East,Tablet,28,15649.36,11489.38,0
2025-05-07,East,Smartwatch,28,8122.31,4954.94,0
2025-05-07,East,Headphones,44,6440.91,3399.98,1
2025-05-07,West,Laptop Pro,13,18863.05,13660.29,0
2025-05-07,West,Laptop Air,23,22343.29,16815.5,0
2025-05-07,West,Tablet,23,13039.21,8654.52,1
2025-05-07,West,Smartwatch,26,7442.62,4771.48,1
2025-05-07,West,Headphones,60,8815.03,4668.79,0
2025-05-08,North,Laptop Pro,11,15803.7,11717.44,1
2025-05-08,North,Laptop Air,21,20319.68,14516.2,0
2025-05-08,North,Tablet,30,16674.27,11646.04,0
2025-05-08,North,Smartwatch,31,8636.07,5649.05,1
2025-05-08,North,Headphones,49,6987.0,4015.32,1
2025-05-08,South,Laptop Pro,13,17994.03,13647.5,1
2025-05-08,South,Laptop Air,17,16489.83,12826.38,1
2025-05-08,South,Tablet,24,14298.66,9403.66,1
2025-05-08,South,Smartwatch,39,11655.4,6874.63,2
2025-05-08,South,Headphones,46,6439.94,3657.76,1
2025-05-08,East,Laptop Pro,13,18901.75,13554.5,0
2025-05-08,East,Laptop Air,24,22348.27,17377.97,1
2025-05-08,East,Tablet,19,10981.63,7487.09,0
2025-05-08,East,Smartwatch,27,8092.76,4915.16,1
2025-05-08,East,Headphones,41,5889.9,3315.66,0
2025-05-08,West,Laptop Pro,15,21429.82,16258.22,0
2025-05-08,West,Laptop Air,17,16385.95,12119.94,1
2025-05-08,West,Tablet,18,10075.94,7248.52,1
2025-05-08,West,Smartwatch,30,8536.31,5465.43,0
2025-05-08,West,Headphones,52,7572.4,4159.4,1
2025-05-09,North,Laptop Pro,18,25446.95,18819.99,1
2025-05-09,North,Laptop Air,22,21437.48,15186.2,4
2025-05-09,North,Tablet,20,11194.99,8013.34,0
2025-05-09,North,Smartwatch,29,8505.05,5282.17,0
2025-05-09,North,Headphones,72,10224.05,5753.34,1
2025-05-09,South,Laptop Pro,14,20302.65,14470.01,0
2025-05-09,South,Laptop Air,18,17854.3,12524.75,0
2025-05-09,South,Tablet,24,13674.58,9686.99,2
2025-05-09,South,Smartwatch,31,9015.01,5583.7,1
2025-05-09,South,Headphones,57,8116.16,4686.76,1
2025-05-09,East,Laptop Pro,10,14352.12,10195.63,0
2025-05-09,East,Laptop Air,20,19933.45,14264.55,0
2025-05-09,East,Tablet,14,8262.25,5452.01,0
2025-05-09,East,Smartwatch,22,6230.18,4041.21,0
2025-05-09,East,Headphones,45,6497.47,3689.21,0
2025-05-09,West,Laptop Pro,12,17328.28,13084.49,1
2025-05-09,West,Laptop Air,21,20995.97,15277.68,0
2025-05-09,West,Tablet,25,14636.64,10157.85,1
2025-05-09,West,Smartwatch,40,11357.31,7262.8,2
2025-05-09,West,Headphones,50,6967.81,4045.85,0
2025-05-10,North,Laptop Pro,12,17173.43,12612.37,0
2025-05-10,North,Laptop Air,26,24875.46,18951.69,2
2025-05-10,North,Tablet,31,17900.17,12930.72,0
2025-05-10,North,Smartwatch,35,9930.08,6327.55,1
2025-05-10,North,Headphones,57,8004.08,4562.19,2
2025-05-10,South,Laptop Pro,16,23576.29,16866.55,1
2025-05-10,South,Laptop Air,21,19800.52,15074.91,2
2025-05-10,South,Tablet,26,15295.67,10451.26,1
2025-05-10,South,Smartwatch,30,8977.11,5380.24,1
2025-05-10,South,Headphones,57,8498.92,4664.33,0
2025-05-10,East,Laptop Pro,14,20921.81,15006.95,0
2025-05-10,East,Laptop Air,16,15641.38,12019.03,0
2025-05-10,East,Tablet,23,13659.6,9195.67,0
2025-05-10,East,Smartwatch,25,7448.88,4525.98,0
2025-05-10,East,Headphones,56,8300.82,4502.13,0
2025-05-10,West,Laptop Pro,12,17944.99,12650.3,0
2025-05-10,West,Laptop Air,26,25285.41,19143.07,1
2025-05-10,West,Tablet,23,12891.61,8901.0,1
2025-05-10,West,Smartwatch,32,9174.7,5813.07,0
2025-05-10,West,Headphones,64,9550.11,5324.37,2
2025-05-11,North,Laptop Pro,20,29100.18,21572.44,0
2025-05-11,North,Laptop Air,22,21243.49,16235.55,0
2025-05-11,North,Tablet,26,15384.83,10575.15,2
2025-05-11,North,Smartwatch,49,14261.34,8714.9,3
2025-05-11,North,Headphones,59,8611.58,4649.21,1
2025-05-11,South,Laptop Pro,17,24492.63,17585.1,0
2025-05-11,South,Laptop Air,30,28326.5,21108.19,2
2025-05-11,South,Tablet,27,15579.43,11004.47,1
2025-05-11,South,Smartwatch,40,11929.0,7411.44,0
2025-05-11,South,Headphones,45,6720.18,3631.28,0
2025-05-11,East,Laptop Pro,9,12541.0,9602.1,0
2025-05-11,East,Laptop Air,23,21721.63,16657.2,1
2025-05-11,East,Tablet,20,11369.11,8091.0,1
2025-05-11,East,Smartwatch,19,5283.58,3275.19,0
2025-05-11,East,Headphones,46,6601.09,3703.16,0
2025-05-11,West,Laptop Pro,15,22367.3,15615.95,0
2025-05-11,West,Laptop Air,25,23571.23,17985.54,1
2025-05-11,West,Tablet,26,15397.48,10446.96,2
2025-05-11,West,Smartwatch,28,7952.32,4967.87,1
2025-05-11,West,Headphones,55,7985.53,4305.35,2
2025-05-12,North,Laptop Pro,19,28435.65,19652.37,0
2025-05-12,North,Laptop Air,29,28871.17,20275.18,1
2025-05-12,North,Tablet,22,12785.38,8596.68,0
2025-05-12,North,Smartwatch,39,11143.51,6877.09,0
2025-05-12,North,Headphones,62,9172.85,4817.64,1
2025-05-12,South,Laptop Pro,17,25282.23,18038.77,1
2025-05-12,South,Laptop Air,14,13578.62,9898.46,0
2025-05-12,South,Tablet,29,16280.58,11167.74,1
2025-05-12,South,Smartwatch,39,10966.17,6963.66,2
2025-05-12,South,Headphones,47,6664.14,3676.29,2
2025-05-12,East,Laptop Pro,11,15938.53,11887.05,0
2025-05-12,East,Laptop Air,19,18328.25,13716.37,0
2025-05-12,East,Tablet,25,14728.87,9705.9,2
2025-05-12,East,Smartwatch,33,9791.38,6007.56,0
2025-05-12,East,Headphones,44,6591.64,3525.98,0
2025-05-12,West,Laptop Pro,13,18158.17,13584.86,0
2025-05-12,West,Laptop Air,25,24007.63,18566.86,1
2025-05-12,West,Tablet,28,16795.91,10981.48,1
2025-05-12,West,Smartwatch,33,9480.89,6062.98,2
2025-05-12,West,Headphones,59,8667.11,4681.34,1
2025-05-13,North,Laptop Pro,11,15935.88,11545.76,2
2025-05-13,North,Laptop Air,20,18924.14,14184.05,1
2025-05-13,North,Tablet,22,12344.91,8679.25,1
2025-05-13,North,Smartwatch,26,7362.9,4639.19,0
2025-05-13,North,Headphones,47,6544.49,3617.06,0
2025-05-13,South,Laptop Pro,15,22077.46,15859.19,1
2025-05-13,South,Laptop Air,25,23677.23,18041.36,1
2025-05-13,South,Tablet,16,8916.61,6208.29,0
2025-05-13,South,Smartwatch,36,10533.46,6565.53,1
2025-05-13,South,Headphones,48,6739.52,3951.9,0
2025-05-13,East,Laptop Pro,11,15258.92,11396.5,0
2025-05-13,East,Laptop Air,15,14227.35,10630.49,0
2025-05-13,East,Tablet,27,15987.11,11040.5,0
2025-05-13,East,Smartwatch,33,9693.4,5987.91,0
2025-05-13,East,Headphones,39,5531.77,3111.52,2
2025-05-13,West,Laptop Pro,15,20940.88,16006.59,1
2025-05-13,West,Laptop Air,26,25950.59,18822.63,0
2025-05-13,West,Tablet,29,16945.75,11931.41,0
2025-05-13,West,Smartwatch,26,7654.25,4678.43,0
2025-05-13,West,Headphones,57,8261.31,4598.89,0
2025-05-14,North,Laptop Pro,10,14077.83,10730.59,1
2025-05-14,North,Laptop Air,23,22074.84,15749.28,1
2025-05-14,North,Tablet,16,9201.95,6545.18,1
2025-05-14,North,Smartwatch,45,12842.25,8018.17,0
2025-05-14,North,Headphones,56,8053.47,4524.8,3
2025-05-14,South,Laptop Pro,13,18426.31,14104.31,1
2025-05-14,South,Laptop Air,23,22803.05,16458.69,1
2025-05-14,South,Tablet,21,12577.02,8323.47,2
2025-05-14,South,Smartwatch,25,7003.93,4495.07,0
2025-05-14,South,Headphones,43,6202.88,3340.08,0
2025-05-14,East,Laptop Pro,16,23426.93,17538.91,0
2025-05-14,East,Laptop Air,14,13491.18,10071.43,1
2025-05-14,East,Tablet,20,11375.91,8263.29,1
2025-05-14,East,Smartwatch,30,8912.37,5364.01,1
2025-05-14,East,Headphones,49,7042.12,3922.67,1
2025-05-14,West,Laptop Pro,13,19327.3,13907.78,0
2025-05-14,West,Laptop Air,22,20487.16,15490.82,0
2025-05-14,West,Tablet,26,14898.14,10378.67,1
2025-05-14,West,Smartwatch,28,7855.1,5131.41,0
2025-05-14,West,Headphones,51,7208.74,4062.62,0
2025-05-15,North,Laptop Pro,13,18228.2,13518.12,1
2025-05-15,North,Laptop Air,20,19453.11,14721.19,1
2025-05-15,North,Tablet,23,13646.03,9457.81,1
2025-05-15,North,Smartwatch,39,10865.46,7239.04,0
2025-05-15,North,Headphones,47,6551.06,3709.24,0
2025-05-15,South,Laptop Pro,26,36244.19,26983.69,1
2025-05-15,South,Laptop Air,19,17496.31,13550.98,1
2025-05-15,South,Tablet,18,10284.91,7303.47,0
2025-05-15,South,Smartwatch,34,9781.8,5973.51,2
2025-05-15,South,Headphones,40,5617.28,3127.02,1
2025-05-15,East,Laptop Pro,10,14867.84,10349.99,1
2025-05-15,East,Laptop Air,20,18747.12,14129.79,1
2025-05-15,East,Tablet,24,13464.32,9769.8,0
2025-05-15,East,Smartwatch,29,8298.27,5305.29,1
2025-05-15,East,Headphones,44,6395.18,3486.09,1
2025-05-15,West,Laptop Pro,13,18476.29,13597.07,0
2025-05-15,West,Laptop Air,24,22243.17,16402.27,0
2025-05-15,West,Tablet,30,17772.53,11890.22,1
2025-05-15,West,Smartwatch,25,7313.34,4611.96,0
2025-05-15,West,Headphones,57,8090.75,4513.32,3
2025-05-16,North,Laptop Pro,15,21000.21,15405.86,0
2025-05-16,North,Laptop Air,12,11374.01,8877.81,0
2025-05-16,North,Tablet,18,10289.51,7039.51,2
2025-05-16,North,Smartwatch,37,11023.86,6865.94,0
2025-05-16,North,Headphones,52,7529.36,4400.27,0
2025-05-16,South,Laptop Pro,12,16718.15,12572.44,1
2025-05-16,South,Laptop Air,18,17479.24,13282.39,2
2025-05-16,South,Tablet,31,18033.06,11986.1,1
2025-05-16,South,Smartwatch,29,8451.14,5041.17,0
2025-05-16,South,Headphones,56,8156.23,4408.61,1
2025-05-16,East,Laptop Pro,16,23222.86,17076.33,1
2025-05-16,East,Laptop Air,16,15010.09,11520.4,1
2025-05-16,East,Tablet,22,12719.45,8767.19,0
2025-05-16,East,Smartwatch,29,8277.47,5085.24,2
2025-05-16,East,Headphones,43,6221.71,3431.24,1
2025-05-16,West,Laptop Pro,12,16741.68,12437.81,0
2025-05-16,West,Laptop Air,22,21685.4,15547.75,0
2025-05-16,West,Tablet,27,16040.72,10582.41,0
2025-05-16,West,Smartwatch,33,9577.08,5962.8,2
2025-05-16,West,Headphones,56,7745.28,4415.46,1
2025-05-17,North,Laptop Pro,14,19824.34,14698.08,1
2025-05-17,North,Laptop Air,26,24718.16,18057.68,0
2025-05-17,North,Tablet,30,17437.92,12120.75,2
2025-05-17,North,Smartwatch,44,12888.32,7958.13,1
2025-05-17,North,Headphones,59,8172.74,4698.16,3
2025-05-17,South,Laptop Pro,13,18834.01,13694.09,0
2025-05-17,South,Laptop Air,21,19805.38,15402.49,1
2025-05-17,South,Tablet,33,18516.27,12817.51,1
2025-05-17,South,Smartwatch,34,9663.46,6128.16,1
2025-05-17,South,Headphones,45,6624.39,3506.03,3
2025-05-17,East,Laptop Pro,11,16119.86,11570.24,0
2025-05-17,East,Laptop Air,20,19963.23,14325.45,2
2025-05-17,East,Tablet,26,14390.22,10394.82,0
2025-05-17,East,Smartwatch,33,9238.95,6040.79,1
2025-05-17,East,Headphones,52,7547.9,4228.1,2
2025-05-17,West,Laptop Pro,16,22286.55,17165.13,2
2025-05-17,West,Laptop Air,22,21729.52,15714.43,1
2025-05-17,West,Tablet,25,14949.55,10140.63,1
2025-05-17,West,Smartwatch,41,12166.87,7454.78,2
2025-05-17,West,Headphones,58,8085.14,4605.55,1
2025-05-18,North,Laptop Pro,12,17768.89,12629.54,2
2025-05-18,North,Laptop Air,26,25858.3,18670.51,0
2025-05-18,North,Tablet,22,13004.06,9045.5,0
2025-05-18,North,Smartwatch,33,9571.27,6036.25,1
2025-05-18,North,Headphones,51,7346.18,4052.59,1
2025-05-18,South,Laptop Pro,11,16188.59,11456.34,0
2025-05-18,South,Laptop Air,13,12162.05,9539.27,0
2025-05-18,South,Tablet,26,14402.11,10678.71,3
2025-05-18,South,Smartwatch,35,10255.7,6339.76,1
2025-05-18,South,Headphones,56,7774.31,4539.01,4
2025-05-18,East,Laptop Pro,15,21027.74,16160.49,0
2025-05-18,East,Laptop Air,19,17653.25,13632.18,0
2025-05-18,East,Tablet,20,11942.69,8013.36,0
2025-05-18,East,Smartwatch,37,10359.37,6724.83,1
2025-05-18,East,Headphones,36,5146.88,2855.29,0
2025-05-18,West,Laptop Pro,14,20935.73,15199.52,0
2025-05-18,West,Laptop Air,31,29130.95,22124.48,1
2025-05-18,West,Tablet,26,15298.34,10412.75,1
2025-05-18,West,Smartwatch,39,10953.94,7289.06,1
2025-05-18,West,Headphones,58,8264.31,4467.23,1
2025-05-19,North,Laptop Pro,7,10086.44,7381.75,0
2025-05-19,North,Laptop Air,16,15970.07,11367.81,0
2025-05-19,North,Tablet,35,19505.35,14000.05,2
2025-05-19,North,Smartwatch,33,9783.13,5796.74,2
2025-05-19,North,Headphones,57,7982.49,4526.18,2
2025-05-19,South,Laptop Pro,13,18426.47,13656.76,0
2025-05-19,South,Laptop Air,23,22871.99,16638.93,1
2025-05-19,South,Tablet,26,14923.32,10586.29,2
2025-05-19,South,Smartwatch,29,8030.62,4977.39,2
2025-05-19,South,Headphones,43,5973.83,3431.34,1
2025-05-19,East,Laptop Pro,11,16306.89,11509.65,0
2025-05-19,East,Laptop Air,16,15778.33,11505.19,1
2025-05-19,East,Tablet,19,11259.89,7604.91,3
2025-05-19,East,Smartwatch,26,7328.15,4602.3,0
2025-05-19,East,Headphones,47,6959.33,3643.67,0
2025-05-19,West,Laptop Pro,15,22383.75,15818.39,1
2025-05-19,West,Laptop Air,27,26156.88,19053.43,1
2025-05-19,West,Tablet,15,8303.84,6048.33,0
2025-05-19,West,Smartwatch,37,10826.27,6535.16,0
2025-05-19,West,Headphones,51,7206.77,4136.53,1
2025-05-20,North,Laptop Pro,13,19275.42,13635.13,1
2025-05-20,North,Laptop Air,24,22807.4,17285.17,1
2025-05-20,North,Tablet,19,10869.98,7562.56,0
2025-05-20,North,Smartwatch,39,10853.69,6962.9,0
2025-05-20,North,Headphones,48,6787.26,3822.11,1
2025-05-20,South,Laptop Pro,11,16340.56,11822.96,0
2025-05-20,South,Laptop Air,17,16449.47,11864.39,0
2025-05-20,South,Tablet,25,14999.33,9870.37,1
2025-05-20,South,Smartwatch,23,6766.97,4227.49,0
2025-05-20,South,Headphones,49,6778.86,3984.27,2
2025-05-20,East,Laptop Pro,13,18789.04,14016.78,0
2025-05-20,East,Laptop Air,22,20473.06,15821.23,1
2025-05-20,East,Tablet,19,11378.36,7399.62,1
2025-05-20,East,Smartwatch,31,8645.24,5456.36,1
2025-05-20,East,Headphones,53,7384.34,4214.67,2
2025-05-20,West,Laptop Pro,11,15637.47,11725.72,0
2025-05-20,West,Laptop Air,18,17832.6,12893.99,1
2025-05-20,West,Tablet,26,14506.73,10331.01,0
2025-05-20,West,Smartwatch,26,7238.48,4717.15,3
2025-05-20,West,Headphones,62,9150.42,4962.75,0
2025-05-21,North,Laptop Pro,17,23582.07,17692.71,1
2025-05-21,North,Laptop Air,27,25096.95,19050.61,0
2025-05-21,North,Tablet,27,15934.48,11004.54,0
2025-05-21,North,Smartwatch,44,12784.13,8085.97,0
2025-05-21,North,Headphones,60,8757.59,4698.46,0
2025-05-21,South,Laptop Pro,11,15842.34,11457.0,0
2025-05-21,South,Laptop Air,17,15790.96,12403.27,0
2025-05-21,South,Tablet,16,8928.5,6254.38,1
2025-05-21,South,Smartwatch,34,10056.65,6164.7,1
2025-05-21,South,Headphones,50,7169.32,3973.88,0
2025-05-21,East,Laptop Pro,9,12923.24,9220.03,1
2025-05-21,East,Laptop Air,13,12531.59,9692.72,1
2025-05-21,East,Tablet,15,8485.41,5959.03,0
2025-05-21,East,Smartwatch,33,9388.39,6002.29,1
2025-05-21,East,Headphones,34,4987.76,2659.01,0
2025-05-21,West,Laptop Pro,12,17498.63,12991.19,0
2025-05-21,West,Laptop Air,20,18578.61,14960.85,2
2025-05-21,West,Tablet,23,13440.35,8923.6,1
2025-05-21,West,Smartwatch,26,7522.89,4664.6,3
2025-05-21,West,Headphones,59,8161.19,4845.35,2
2025-05-22,North,Laptop Pro,15,20956.89,15602.44,3
2025-05-22,North,Laptop Air,16,15105.33,11614.3,0
2025-05-22,North,Tablet,22,12878.95,8504.26,1
2025-05-22,North,Smartwatch,33,9402.03,5846.35,1
2025-05-22,North,Headphones,51,7257.08,4104.89,2
2025-05-22,South,Laptop Pro,15,21759.19,15564.32,0
2025-05-22,South,Laptop Air,17,16950.88,12151.74,0
2025-05-22,South,Tablet,28,16307.39,10860.51,0
2025-05-22,South,Smartwatch,37,10648.78,6747.12,0
2025-05-22,South,Headphones,51,7068.51,3970.69,2
2025-05-22,East,Laptop Pro,15,21190.51,16235.32,1
2025-05-22,East,Laptop Air,14,13879.12,9942.37,0
2025-05-22,East,Tablet,22,12881.7,8940.92,0
2025-05-22,East,Smartwatch,33,9486.83,6023.42,0
2025-05-22,East,Headphones,45,6506.4,3529.07,2
2025-05-22,West,Laptop Pro,10,14993.85,10379.09,1
2025-05-22,West,Laptop Air,18,16653.46,12841.43,0
2025-05-22,West,Tablet,26,14471.76,10318.95,0
2025-05-22,West,Smartwatch,29,8057.07,5084.52,2
2025-05-22,West,Headphones,53,7677.44,4285.27,1
2025-05-23,North,Laptop Pro,12,16799.94,12426.44,1
2025-05-23,North,Laptop Air,32,30186.14,22987.39,1
2025-05-23,North,Tablet,29,16687.65,11833.47,0
2025-05-23,North,Smartwatch,33,9838.91,6007.93,1
2025-05-23,North,Headphones,47,6955.33,3713.28,0
2025-05-23,South,Laptop Pro,12,17656.94,12862.31,1
2025-05-23,South,Laptop Air,17,15781.56,12402.92,1
2025-05-23,South,Tablet,29,16473.81,11436.24,0
2025-05-23,South,Smartwatch,31,8568.62,5522.63,1
2025-05-23,South,Headphones,39,5584.91,3182.43,1
2025-05-23,East,Laptop Pro,10,14898.35,10663.52,1
2025-05-23,East,Laptop Air,13,12503.13,9078.72,0
2025-05-23,East,Tablet,25,14865.86,9798.88,1
2025-05-23,East,Smartwatch,29,8072.65,5292.6,0
2025-05-23,East,Headphones,51,7479.6,3984.17,2
2025-05-23,West,Laptop Pro,12,17715.93,12802.84,1
2025-05-23,West,Laptop Air,23,22058.6,17201.13,0
2025-05-23,West,Tablet,26,14592.76,10477.64,1
2025-05-23,West,Smartwatch,28,8057.05,4946.96,1
2025-05-23,West,Headphones,52,7776.15,4174.69,2
2025-05-24,North,Laptop Pro,16,22573.53,17147.63,0
2025-05-24,North,Laptop Air,32,31912.78,23085.58,2
2025-05-24,North,Tablet,32,18271.67,12923.86,2
2025-05-24,North,Smartwatch,39,11122.55,6907.76,0
2025-05-24,North,Headphones,58,8554.87,4572.84,0
2025-05-24,South,Laptop Pro,17,24588.99,18173.46,2
2025-05-24,South,Laptop Air,19,18990.59,13485.18,1
2025-05-24,South,Tablet,35,20523.42,13275.86,1
2025-05-24,South,Smartwatch,31,8839.2,5545.81,2
2025-05-24,South,Headphones,57,8355.63,4588.65,0
2025-05-24,East,Laptop Pro,6,8965.71,6433.37,1
2025-05-24,East,Laptop Air,17,16083.0,12642.89,0
2025-05-24,East,Tablet,19,10722.94,7612.87,0
2025-05-24,East,Smartwatch,34,9495.8,6200.61,3
2025-05-24,East,Headphones,51,7114.17,4089.84,2
2025-05-24,West,Laptop Pro,10,14404.42,10574.35,0
2025-05-24,West,Laptop Air,25,24185.28,17932.73,2
2025-05-24,West,Tablet,25,14296.96,10077.29,2
2025-05-24,West,Smartwatch,39,10958.06,6917.52,2
2025-05-24,West,Headphones,57,8224.87,4740.58,0
2025-05-25,North,Laptop Pro,11,15186.38,10997.63,0
2025-05-25,North,Laptop Air,23,21826.97,16749.08,1
2025-05-25,North,Tablet,31,18141.54,12479.25,2
2025-05-25,North,Smartwatch,45,12642.79,8160.15,0
2025-05-25,North,Headphones,63,9336.02,4920.77,1
2025-05-25,South,Laptop Pro,11,15264.76,11162.35,0
2025-05-25,South,Laptop Air,17,16537.12,12388.29,0
2025-05-25,South,Tablet,26,14745.06,10678.93,1
2025-05-25,South,Smartwatch,38,10829.72,6870.13,0
2025-05-25,South,Headphones,49,7293.63,3983.13,1
2025-05-25,East,Laptop Pro,10,14134.06,10403.79,0
2025-05-25,East,Laptop Air,22,21451.2,15945.04,0
2025-05-25,East,Tablet,23,13379.18,9425.52,2
2025-05-25,East,Smartwatch,33,9823.55,5902.75,0
2025-05-25,East,Headphones,52,7294.51,4258.65,0
2025-05-25,West,Laptop Pro,17,23745.04,17266.46,0
2025-05-25,West,Laptop Air,29,28688.5,20624.01,1
2025-05-25,West,Tablet,32,17951.83,12939.75,0
2025-05-25,West,Smartwatch,38,10581.02,7100.3,3
2025-05-25,West,Headphones,65,9674.11,5201.48,0
2025-05-26,North,Laptop Pro,15,20704.63,15424.32,0
2025-05-26,North,Laptop Air,20,19992.72,14941.46,1
2025-05-26,North,Tablet,29,16227.37,11570.74,2
2025-05-26,North,Smartwatch,36,10317.64,6566.16,1
2025-05-26,North,Headphones,54,7479.68,4291.11,0
2025-05-26,South,Laptop Pro,11,16053.71,11582.87,0
2025-05-26,South,Laptop Air,26,25249.44,18509.54,0
2025-05-26,South,Tablet,27,15110.87,11287.65,1
2025-05-26,South,Smartwatch,30,8488.31,5528.65,1
2025-05-26,South,Headphones,51,7282.48,4224.28,1
2025-05-26,East,Laptop Pro,15,21340.11,15501.63,0
2025-05-26,East,Laptop Air,13,12290.06,9018.36,1
2025-05-26,East,Tablet,31,18528.81,12327.35,0
2025-05-26,East,Smartwatch,36,10698.24,6806.13,0
2025-05-26,East,Headphones,47,6947.77,3735.8,2
2025-05-26,West,Laptop Pro,12,17745.43,12865.05,0
2025-05-26,West,Laptop Air,25,23314.19,17631.06,0
2025-05-26,West,Tablet,28,16269.78,11014.3,0
2025-05-26,West,Smartwatch,43,12394.91,7727.65,1
2025-05-26,West,Headphones,50,7446.36,4168.78,1
2025-05-27,North,Laptop Pro,19,26515.05,20388.99,1
2025-05-27,North,Laptop Air,22,21981.94,15189.55,0
2025-05-27,North,Tablet,17,10132.03,6890.68,0
2025-05-27,North,Smartwatch,27,7573.75,4748.34,0
2025-05-27,North,Headphones,51,7570.07,4024.38,2
2025-05-27,South,Laptop Pro,12,16857.56,12728.62,2
2025-05-27,South,Laptop Air,17,16523.43,12582.34,0
2025-05-27,South,Tablet,23,12943.19,9448.26,0
2025-05-27,South,Smartwatch,19,5677.04,3442.68,1
2025-05-27,South,Headphones,46,6711.62,3705.44,0
2025-05-27,East,Laptop Pro,15,21633.71,16174.06,0
2025-05-27,East,Laptop Air,15,14249.15,10459.68,2
2025-05-27,East,Tablet,20,11197.23,8292.38,0
2025-05-27,East,Smartwatch,29,8529.85,5143.16,0
2025-05-27,East,Headphones,49,6962.57,3940.43,1
2025-05-27,West,Laptop Pro,9,13336.09,9356.21,0
2025-05-27,West,Laptop Air,21,19664.12,14770.42,1
2025-05-27,West,Tablet,32,17766.57,12918.17,0
2025-05-27,West,Smartwatch,30,8965.96,5425.55,1
2025-05-27,West,Headphones,47,7004.96,3752.07,0
2025-05-28,North,Laptop Pro,11,15460.45,11514.73,2
2025-05-28,North,Laptop Air,9,8366.23,6677.76,0
2025-05-28,North,Tablet,38,21617.65,15866.61,0
2025-05-28,North,Smartwatch,35,10112.6,6457.87,1
2025-05-28,North,Headphones,58,8164.73,4665.74,0
2025-05-28,South,Laptop Pro,10,14640.35,10156.17,0
2025-05-28,South,Laptop Air,19,17492.53,13851.59,0
2025-05-28,South,Tablet,18,10067.33,7296.68,0
2025-05-28,South,Smartwatch,26,7246.43,4752.2,0
2025-05-28,South,Headphones,44,6148.62,3439.67,1
2025-05-28,East,Laptop Pro,13,18044.7,13882.07,0
2025-05-28,East,Laptop Air,19,18901.97,14107.25,0
2025-05-28,East,Tablet,21,11684.1,8234.92,0
2025-05-28,East,Smartwatch,28,8232.94,5109.01,1
2025-05-28,East,Headphones,60,8741.4,4722.07,2
2025-05-28,West,Laptop Pro,14,20377.44,14669.34,0
2025-05-28,West,Laptop Air,17,16683.89,12007.76,0
2025-05-28,West,Tablet,20,11579.11,7943.89,0
2025-05-28,West,Smartwatch,32,9211.76,5720.49,0
2025-05-28,West,Headphones,51,7559.02,4113.64,1
2025-05-29,North,Laptop Pro,12,17482.29,12824.37,0
2025-05-29,North,Laptop Air,22,21387.26,16225.29,3
2025-05-29,North,Tablet,39,22137.02,15396.59,2
2025-05-29,North,Smartwatch,37,10584.26,6707.93,0
2025-05-29,North,Headphones,59,8342.99,4616.33,0
2025-05-29,South,Laptop Pro,7,9841.49,7333.73,0
2025-05-29,South,Laptop Air,21,19879.43,15132.92,0
2025-05-29,South,Tablet,19,11179.99,7459.77,0
2025-05-29,South,Smartwatch,32,9214.37,5824.41,0
2025-05-29,South,Headphones,38,5487.24,3030.53,0
2025-05-29,East,Laptop Pro,10,14911.14,10532.42,0
2025-05-29,East,Laptop Air,22,20425.71,16227.92,1
2025-05-29,East,Tablet,28,16677.11,11104.2,0
2025-05-29,East,Smartwatch,34,9403.22,6224.06,3
2025-05-29,East,Headphones,35,5236.67,2880.8,0
2025-05-29,West,Laptop Pro,16,22599.02,17264.22,0
2025-05-29,West,Laptop Air,22,21493.87,15780.4,1
2025-05-29,West,Tablet,24,13357.77,9413.25,1
2025-05-29,West,Smartwatch,29,8126.47,5145.88,0
2025-05-29,West,Headphones,49,7335.29,3795.6,1
2025-05-30,North,Laptop Pro,23,34439.42,24481.35,0
2025-05-30,North,Laptop Air,15,14276.17,10961.59,0
2025-05-30,North,Tablet,26,15413.31,10424.42,0
2025-05-30,North,Smartwatch,49,14683.35,8577.25,2
2025-05-30,North,Headphones,46,6365.8,3653.12,1
2025-05-30,South,Laptop Pro,16,22784.9,17263.77,1
2025-05-30,South,Laptop Air,15,14987.0,10931.69,2
2025-05-30,South,Tablet,21,12105.56,8531.55,0
2025-05-30,South,Smartwatch,30,8886.57,5757.27,2
2025-05-30,South,Headphones,48,6736.22,3865.2,1
2025-05-30,East,Laptop Pro,11,16462.14,11051.35,0
2025-05-30,East,Laptop Air,18,17465.88,12674.59,1
2025-05-30,East,Tablet,23,13537.22,9256.22,0
2025-05-30,East,Smartwatch,27,7464.39,4861.82,0
2025-05-30,East,Headphones,41,6111.57,3268.72,1
2025-05-30,West,Laptop Pro,9,12722.52,9420.81,0
2025-05-30,West,Laptop Air,24,23082.19,17008.9,0
2025-05-30,West,Tablet,32,17945.87,12895.7,2
2025-05-30,West,Smartwatch,31,9140.6,5735.61,1
2025-05-30,West,Headphones,54,7545.77,4469.67,0
2025-05-31,North,Laptop Pro,16,22175.29,17372.54,0
2025-05-31,North,Laptop Air,18,17693.13,12712.21,2
2025-05-31,North,Tablet,29,17062.1,11595.32,3
2025-05-31,North,Smartwatch,41,11351.75,7333.68,1
2025-05-31,North,Headphones,61,8832.22,4937.78,0
2025-05-31,South,Laptop Pro,7,9798.4,7337.84,0
2025-05-31,South,Laptop Air,24,22382.54,17202.02,0
2025-05-31,South,Tablet,33,19307.61,13584.01,2
2025-05-31,South,Smartwatch,33,9758.4,5951.69,1
2025-05-31,South,Headphones,38,5532.86,3047.55,1
2025-05-31,East,Laptop Pro,13,18576.63,13762.81,0
2025-05-31,East,Laptop Air,16,15363.73,11675.8,1
2025-05-31,East,Tablet,29,16374.38,11758.21,1
2025-05-31,East,Smartwatch,32,9178.51,5938.81,0
2025-05-31,East,Headphones,40,5613.35,3117.72,1
2025-05-31,West,Laptop Pro,14,20825.38,14795.39,1
2025-05-31,West,Laptop Air,22,21227.19,15807.57,2
2025-05-31,West,Tablet,20,11984.58,7951.86,0
2025-05-31,West,Smartwatch,50,14855.03,9136.4,3
2025-05-31,West,Headphones,57,8323.25,4678.24,1
2025-06-01,North,Laptop Pro,16,22269.1,16601.17,0
2025-06-01,North,Laptop Air,16,15513.4,11908.67,0
2025-06-01,North,Tablet,36,21127.45,13987.69,0
2025-06-01,North,Smartwatch,35,9936.54,6374.37,2
2025-06-01,North,Headphones,54,7644.15,4243.04,0
2025-06-01,South,Laptop Pro,20,28844.81,20730.46,0
2025-06-01,South,Laptop Air,15,14653.78,10812.98,0
2025-06-01,South,Tablet,23,13466.8,9126.62,1
2025-06-01,South,Smartwatch,25,7388.67,4242.31,2
2025-06-01,South,Headphones,64,9321.53,5182.61,2
2025-06-01,East,Laptop Pro,11,16277.91,11730.12,0
2025-06-01,East,Laptop Air,15,14228.49,10765.21,0
2025-06-01,East,Tablet,25,13926.37,9952.07,0
2025-06-01,East,Smartwatch,36,10580.33,6431.67,2
2025-06-01,East,Headphones,48,7060.48,3708.56,0
2025-06-01,West,Laptop Pro,16,22275.55,16189.39,2
2025-06-01,West,Laptop Air,19,18136.59,13899.87,1
2025-06-01,West,Tablet,26,14689.24,10621.46,1
2025-06-01,West,Smartwatch,37,10310.45,6739.5,2
2025-06-01,West,Headphones,62,8805.26,4997.62,1
2025-06-02,North,Laptop Pro,12,16930.86,12797.25,0
2025-06-02,North,Laptop Air,25,24226.11,18257.8,0
2025-06-02,North,Tablet,29,16094.07,11417.84,0
2025-06-02,North,Smartwatch,34,9625.62,6147.23,1
2025-06-02,North,Headphones,49,7307.84,3896.79,1
2025-06-02,South,Laptop Pro,15,21428.61,15660.9,2
2025-06-02,South,Laptop Air,17,16871.27,12519.12,1
2025-06-02,South,Tablet,16,9199.01,6601.56,0
2025-06-02,South,Smartwatch,31,9234.17,5318.15,0
2025-06-02,South,Headphones,49,6981.18,3900.0,1
2025-06-02,East,Laptop Pro,17,24569.01,17740.25,0
2025-06-02,East,Laptop Air,12,11469.04,8840.7,1
2025-06-02,East,Tablet,23,13083.56,8933.13,1
2025-06-02,East,Smartwatch,28,8231.77,4738.65,1
2025-06-02,East,Headphones,50,7308.29,4065.67,1
2025-06-02,West,Laptop Pro,6,8652.91,6421.33,1
2025-06-02,West,Laptop Air,18,17184.51,12497.59,1
2025-06-02,West,Tablet,30,16669.95,11970.14,4
2025-06-02,West,Smartwatch,34,9912.85,6307.29,2
2025-06-02,West,Headphones,44,6287.57,3444.11,1
2025-06-03,North,Laptop Pro,9,12503.65,9469.1,0
2025-06-03,North,Laptop Air,16,15081.18,11637.03,1
2025-06-03,North,Tablet,30,17527.19,11657.37,0
2025-06-03,North,Smartwatch,38,11021.79,6762.87,1
2025-06-03,North,Headphones,67,9343.46,5178.74,1
2025-06-03,South,Laptop Pro,13,18817.21,13605.08,0
2025-06-03,South,Laptop Air,19,18616.89,13463.58,0
2025-06-03,South,Tablet,24,13797.42,9639.88,0
2025-06-03,South,Smartwatch,30,8866.08,5468.56,1
2025-06-03,South,Headphones,46,6578.71,3782.2,1
2025-06-03,East,Laptop Pro,9,12429.18,9890.8,1
2025-06-03,East,Laptop Air,16,14759.32,11567.85,1
2025-06-03,East,Tablet,16,9128.6,6359.48,0
2025-06-03,East,Smartwatch,24,6689.5,4287.63,1
2025-06-03,East,Headphones,47,6590.25,3687.44,1
2025-06-03,West,Laptop Pro,13,18016.96,13772.35,0
2025-06-03,West,Laptop Air,15,13952.28,10693.11,2
2025-06-03,West,Tablet,23,12806.59,9295.32,2
2025-06-03,West,Smartwatch,33,9718.2,5829.16,0
2025-06-03,West,Headphones,49,7257.08,3883.46,2
2025-06-04,North,Laptop Pro,11,16441.96,11649.87,0
2025-06-04,North,Laptop Air,22,20839.62,15800.43,2
2025-06-04,North,Tablet,30,16655.75,11539.12,1
2025-06-04,North,Smartwatch,30,8284.43,5398.36,0
2025-06-04,North,Headphones,38,5311.33,2991.25,1
2025-06-04,South,Laptop Pro,17,23804.74,18271.77,1
2025-06-04,South,Laptop Air,13,12460.36,9541.79,0
2025-06-04,South,Tablet,25,14457.65,9543.41,1
2025-06-04,South,Smartwatch,35,9962.13,6400.99,2
2025-06-04,South,Headphones,45,6737.74,3628.03,1
2025-06-04,East,Laptop Pro,16,22474.9,16301.36,1
2025-06-04,East,Laptop Air,22,20842.83,16118.25,0
2025-06-04,East,Tablet,15,8877.56,5846.41,0
2025-06-04,East,Smartwatch,31,8827.04,5707.82,1
2025-06-04,East,Headphones,52,7425.93,4106.24,0
2025-06-04,West,Laptop Pro,14,19676.16,14253.69,0
2025-06-04,West,Laptop Air,17,15861.03,12759.16,2
2025-06-04,West,Tablet,31,18222.91,12016.51,2
2025-06-04,West,Smartwatch,33,9254.93,5844.24,1
2025-06-04,West,Headphones,41,6060.41,3239.99,1
2025-06-05,North,Laptop Pro,12,17432.33,12485.17,1
2025-06-05,North,Laptop Air,18,17290.59,13141.12,1
2025-06-05,North,Tablet,28,15718.17,11212.97,0
2025-06-05,North,Smartwatch,40,11134.96,7344.62,1
2025-06-05,North,Headphones,37,5542.36,2982.02,0
2025-06-05,South,Laptop Pro,15,21172.96,15223.01,0
2025-06-05,South,Laptop Air,15,13946.97,10918.77,0
2025-06-05,South,Tablet,28,15517.41,11252.37,1
2025-06-05,South,Smartwatch,32,9394.26,5688.04,1
2025-06-05,South,Headphones,46,6804.53,3832.63,2
2025-06-05,East,Laptop Pro,14,20161.77,14878.85,0
2025-06-05,East,Laptop Air,19,17630.47,13937.66,0
2025-06-05,East,Tablet,26,15206.11,10603.13,0
2025-06-05,East,Smartwatch,25,7196.96,4462.2,0
2025-06-05,East,Headphones,49,6764.61,3969.66,0
2025-06-05,West,Laptop Pro,12,17343.31,12679.64,2
2025-06-05,West,Laptop Air,16,15195.84,11391.66,0
2025-06-05,West,Tablet,23,12700.86,8975.23,1
2025-06-05,West,Smartwatch,29,8444.39,5222.53,0
2025-06-05,West,Headphones,57,8363.32,4613.53,1
2025-06-06,North,Laptop Pro,22,32253.57,23107.5,2
2025-06-06,North,Laptop Air,15,14259.58,10760.62,2
2025-06-06,North,Tablet,29,17173.52,11606.35,0
2025-06-06,North,Smartwatch,36,10657.85,6442.81,2
2025-06-06,North,Headphones,54,7931.43,4453.86,0
2025-06-06,South,Laptop Pro,15,21526.32,15835.13,1
2025-06-06,South,Laptop Air,17,15851.92,12120.91,0
2025-06-06,South,Tablet,28,16088.66,10795.0,1
2025-06-06,South,Smartwatch,38,10686.23,6813.02,1
2025-06-06,South,Headphones,37,5124.84,2925.85,2
2025-06-06,East,Laptop Pro,13,18345.6,13482.39,1
2025-06-06,East,Laptop Air,15,14228.65,11003.6,0
2025-06-06,East,Tablet,26,15589.77,10416.59,2
2025-06-06,East,Smartwatch,38,10991.05,6609.84,0
2025-06-06,East,Headphones,33,4843.85,2672.67,0
2025-06-06,West,Laptop Pro,8,11508.07,8134.22,0
2025-06-06,West,Laptop Air,20,18478.26,14599.68,0
2025-06-06,West,Tablet,20,11692.37,7923.99,0
2025-06-06,West,Smartwatch,35,10364.94,6310.95,1
2025-06-06,West,Headphones,53,7424.73,4237.89,0
2025-06-07,North,Laptop Pro,13,17954.69,13609.56,0
2025-06-07,North,Laptop Air,19,17814.29,13737.33,0
2025-06-07,North,Tablet,35,20767.5,14022.93,1
2025-06-07,North,Smartwatch,41,11758.12,7655.97,0
2025-06-07,North,Headphones,48,6966.61,3857.2,0
2025-06-07,South,Laptop Pro,17,24207.8,17938.25,1
2025-06-07,South,Laptop Air,23,21769.75,16325.01,2
2025-06-07,South,Tablet,12,6735.12,4836.57,2
2025-06-07,South,Smartwatch,31,9121.38,5465.77,0
2025-06-07,South,Headphones,54,7474.89,4419.37,3
2025-06-07,East,Laptop Pro,15,22113.56,15282.43,1
2025-06-07,East,Laptop Air,17,16831.23,12033.47,2
2025-06-07,East,Tablet,22,12324.71,8513.27,0
2025-06-07,East,Smartwatch,22,6355.4,3993.24,0
2025-06-07,East,Headphones,46,6629.39,3648.8,0
2025-06-07,West,Laptop Pro,17,24849.78,18094.88,1
2025-06-07,West,Laptop Air,23,22914.6,16236.88,0
2025-06-07,West,Tablet,19,11223.44,7680.78,0
2025-06-07,West,Smartwatch,35,9860.23,6373.06,1
2025-06-07,West,Headphones,58,8543.81,4659.65,3
2025-06-08,North,Laptop Pro,25,34522.0,26266.21,1
2025-06-08,North,Laptop Air,21,19679.14,15161.49,1
2025-06-08,North,Tablet,40,22370.71,15708.58,0
2025-06-08,North,Smartwatch,54,15068.23,9510.97,3
2025-06-08,North,Headphones,61,8623.76,4933.08,0
2025-06-08,South,Laptop Pro,14,20216.81,14591.6,0
2025-06-08,South,Laptop Air,20,18532.78,14530.58,0
2025-06-08,South,Tablet,33,19124.38,13609.46,0
2025-06-08,South,Smartwatch,47,13991.92,8382.65,1
2025-06-08,South,Headphones,57,8142.03,4505.27,1
2025-06-08,East,Laptop Pro,17,25284.65,17734.23,0
2025-06-08,East,Laptop Air,26,24636.79,18734.59,0
2025-06-08,East,Tablet,20,11042.37,8098.26,0
2025-06-08,East,Smartwatch,30,8513.85,5396.93,0
2025-06-08,East,Headphones,37,5456.51,3083.05,2
2025-06-08,West,Laptop Pro,16,23735.31,16941.41,1
2025-06-08,West,Laptop Air,18,17486.8,13162.39,0
2025-06-08,West,Tablet,23,13639.08,9193.22,0
2025-06-08,West,Smartwatch,30,8589.82,5509.28,1
2025-06-08,West,Headphones,60,8436.17,4780.29,2
2025-06-09,North,Laptop Pro,15,21315.35,15547.07,2
2025-06-09,North,Laptop Air,30,28518.72,21991.11,0
2025-06-09,North,Tablet,23,13319.09,9189.46,1
2025-06-09,North,Smartwatch,38,11242.47,6873.55,0
2025-06-09,North,Headphones,64,9110.19,5220.54,2
2025-06-09,South,Laptop Pro,17,24644.53,17899.62,0
2025-06-09,South,Laptop Air,17,16584.57,12203.46,1
2025-06-09,South,Tablet,18,10230.38,7122.9,0
2025-06-09,South,Smartwatch,36,10472.94,6617.59,2
2025-06-09,South,Headphones,49,7251.02,3893.21,0
2025-06-09,East,Laptop Pro,6,8651.87,6293.56,1
2025-06-09,East,Laptop Air,20,19537.31,14482.63,0
2025-06-09,East,Tablet,23,12990.23,9252.03,1
2025-06-09,East,Smartwatch,39,11655.95,7162.32,0
2025-06-09,East,Headphones,44,6149.7,3515.08,1
2025-06-09,West,Laptop Pro,17,24558.85,18341.37,1
2025-06-09,West,Laptop Air,11,10985.97,7880.6,0
2025-06-09,West,Tablet,18,10684.77,7253.39,0
2025-06-09,West,Smartwatch,35,9705.83,6276.84,0
2025-06-09,West,Headphones,46,6603.57,3834.06,0
2025-06-10,North,Laptop Pro,15,21116.62,15639.55,1
2025-06-10,North,Laptop Air,27,25093.2,19338.83,0
2025-06-10,North,Tablet,29,16954.13,11626.62,0
2025-06-10,North,Smartwatch,41,11761.83,7340.62,0
2025-06-10,North,Headphones,50,7109.81,4025.16,0
2025-06-10,South,Laptop Pro,9,12591.09,9682.3,0
2025-06-10,South,Laptop Air,29,28025.39,20941.51,1
2025-06-10,South,Tablet,20,11086.32,8029.48,0
2025-06-10,South,Smartwatch,30,8562.87,5375.25,2
2025-06-10,South,Headphones,50,6975.68,3959.59,2
2025-06-10,East,Laptop Pro,13,19369.96,13676.35,0
2025-06-10,East,Laptop Air,17,16369.85,12241.86,1
2025-06-10,East,Tablet,17,10053.8,6959.56,1
2025-06-10,East,Smartwatch,37,10290.25,6532.25,1
2025-06-10,East,Headphones,59,8683.63,4857.31,1
2025-06-10,West,Laptop Pro,14,19802.19,14656.84,1
2025-06-10,West,Laptop Air,19,18904.44,13720.64,0
2025-06-10,West,Tablet,33,19481.86,12918.88,1
2025-06-10,West,Smartwatch,45,13154.56,8191.03,0
2025-06-10,West,Headphones,53,7452.73,4158.55,1
2025-06-11,North,Laptop Pro,16,23517.76,16925.46,1
2025-06-11,North,Laptop Air,22,20562.28,15927.34,0
2025-06-11,North,Tablet,36,20237.28,14306.22,0
2025-06-11,North,Smartwatch,28,7733.24,4831.82,1
2025-06-11,North,Headphones,52,7377.46,4339.76,0
2025-06-11,South,Laptop Pro,10,14235.07,10278.62,0
2025-06-11,South,Laptop Air,15,14278.16,10858.91,0
2025-06-11,South,Tablet,15,8921.07,5912.42,2
2025-06-11,South,Smartwatch,25,7192.07,4594.32,1
2025-06-11,South,Headphones,62,8666.5,4922.35,1
2025-06-11,East,Laptop Pro,12,17969.97,12410.5,1
2025-06-11,East,Laptop Air,16,15837.88,11657.12,1
2025-06-11,East,Tablet,14,7996.43,5457.54,1
2025-06-11,East,Smartwatch,30,8390.15,5355.37,1
2025-06-11,East,Headphones,39,5706.17,3163.07,2
2025-06-11,West,Laptop Pro,16,22326.76,17306.3,1
2025-06-11,West,Laptop Air,23,22378.95,16241.25,0
2025-06-11,West,Tablet,21,12130.82,8297.26,0
2025-06-11,West,Smartwatch,36,9976.58,6525.64,0
2025-06-11,West,Headphones,46,6669.49,3532.99,1
2025-06-12,North,Laptop Pro,22,31417.37,23727.22,3
2025-06-12,North,Laptop Air,22,20353.58,15523.36,1
2025-06-12,North,Tablet,24,14095.43,9516.02,1
2025-06-12,North,Smartwatch,33,9827.19,5970.99,1
2025-06-12,North,Headphones,58,8033.21,4644.75,3
2025-06-12,South,Laptop Pro,20,28656.41,20595.28,1
2025-06-12,South,Laptop Air,18,16609.19,13406.2,0
2025-06-12,South,Tablet,25,13959.91,9484.97,1
2025-06-12,South,Smartwatch,28,8000.41,4926.9,0
2025-06-12,South,Headphones,50,7217.2,3949.06,0
2025-06-12,East,Laptop Pro,15,21635.55,15450.84,0
2025-06-12,East,Laptop Air,15,14800.78,11063.42,0
2025-06-12,East,Tablet,19,10986.35,7347.93,0
2025-06-12,East,Smartwatch,32,8968.91,5939.42,0
2025-06-12,East,Headphones,41,5663.52,3261.75,2
2025-06-12,West,Laptop Pro,18,24925.66,18385.56,0
2025-06-12,West,Laptop Air,20,18460.51,13794.94,1
2025-06-12,West,Tablet,26,15576.27,10355.25,0
2025-06-12,West,Smartwatch,42,12080.1,7453.86,4
2025-06-12,West,Headphones,45,6641.93,3617.03,1
2025-06-13,North,Laptop Pro,13,18540.16,13526.99,1
2025-06-13,North,Laptop Air,17,15713.66,12473.98,0
2025-06-13,North,Tablet,24,13390.1,9572.64,1
2025-06-13,North,Smartwatch,30,8376.06,5354.22,0
2025-06-13,North,Headphones,55,8008.63,4485.65,1
2025-06-13,South,Laptop Pro,14,20158.03,14767.08,1
2025-06-13,South,Laptop Air,20,19548.89,14623.09,0
2025-06-13,South,Tablet,20,11468.3,8183.79,0
2025-06-13,South,Smartwatch,32,9367.0,5726.15,2
2025-06-13,South,Headphones,46,6453.58,3682.82,0
2025-06-13,East,Laptop Pro,11,15886.97,11744.92,1
2025-06-13,East,Laptop Air,20,18879.36,13694.21,0
2025-06-13,East,Tablet,25,13952.8,9979.65,0
2025-06-13,East,Smartwatch,39,11419.43,6988.43,0
2025-06-13,East,Headphones,49,6984.21,3949.33,1
2025-06-13,West,Laptop Pro,13,18180.53,13431.3,1
2025-06-13,West,Laptop Air,17,15707.0,12508.17,1
2025-06-13,West,Tablet,22,13027.8,8670.15,0
2025-06-13,West,Smartwatch,32,9076.67,5707.12,0
2025-06-13,West,Headphones,55,7962.76,4341.53,2
2025-06-14,North,Laptop Pro,12,17588.85,12909.93,0
2025-06-14,North,Laptop Air,29,28634.07,20009.06,0
2025-06-14,North,Tablet,27,15441.35,11185.97,1
2025-06-14,North,Smartwatch,36,10511.35,6670.95,2
2025-06-14,North,Headphones,55,7809.16,4350.29,1
2025-06-14,South,Laptop Pro,11,16129.08,11787.22,0
2025-06-14,South,Laptop Air,24,23998.86,17324.96,3
2025-06-14,South,Tablet,37,20837.4,15289.26,3
2025-06-14,South,Smartwatch,30,8883.84,5502.67,1
2025-06-14,South,Headphones,66,9700.02,5511.6,2
2025-06-14,East,Laptop Pro,19,27963.39,19326.7,2
2025-06-14,East,Laptop Air,28,27233.38,20237.15,1
2025-06-14,East,Tablet,27,15571.0,10427.59,1
2025-06-14,East,Smartwatch,46,12903.05,8194.1,1
2025-06-14,East,Headphones,42,5972.29,3511.18,0
2025-06-14,West,Laptop Pro,14,20754.72,14837.65,1
2025-06-14,West,Laptop Air,21,20691.42,15417.73,1
2025-06-14,West,Tablet,31,17339.57,12527.46,0
2025-06-14,West,Smartwatch,41,12054.14,7446.49,1
2025-06-14,West,Headphones,62,9137.3,4908.18,2
2025-06-15,North,Laptop Pro,19,28491.86,19667.25,0
2025-06-15,North,Laptop Air,21,19699.55,14953.93,1
2025-06-15,North,Tablet,39,22017.62,14748.12,0
2025-06-15,North,Smartwatch,44,12832.92,7907.01,1
2025-06-15,North,Headphones,58,8694.91,4662.26,5
2025-06-15,South,Laptop Pro,11,15463.04,11406.96,1
2025-06-15,South,Laptop Air,20,19841.02,14362.36,2
2025-06-15,South,Tablet,35,20226.41,14147.01,1
2025-06-15,South,Smartwatch,35,9794.28,6411.49,1
2025-06-15,South,Headphones,51,7500.5,3982.26,1
2025-06-15,East,Laptop Pro,8,11635.52,8266.48,0
2025-06-15,East,Laptop Air,19,17995.5,13886.01,1
2025-06-15,East,Tablet,22,12489.14,8903.67,1
2025-06-15,East,Smartwatch,33,9533.54,6099.71,1
2025-06-15,East,Headphones,55,7963.72,4514.66,1
2025-06-15,West,Laptop Pro,17,24644.2,18712.11,0
2025-06-15,West,Laptop Air,25,24027.93,17894.6,0
2025-06-15,West,Tablet,23,13417.3,9490.46,0
2025-06-15,West,Smartwatch,42,12341.53,7420.89,1
2025-06-15,West,Headphones,60,8772.44,5029.83,0
2025-06-16,North,Laptop Pro,20,28853.36,21190.97,2
2025-06-16,North,Laptop Air,17,16480.29,12372.69,0
2025-06-16,North,Tablet,23,13153.57,9382.15,1
2025-06-16,North,Smartwatch,43,12248.66,7530.19,0
2025-06-16,North,Headphones,58,8006.68,4540.26,2
2025-06-16,South,Laptop Pro,16,22818.87,16838.87,1
2025-06-16,South,Laptop Air,15,14118.44,10874.68,2
2025-06-16,South,Tablet,15,8929.42,6249.91,1
2025-06-16,South,Smartwatch,27,7607.23,4767.74,1
2025-06-16,South,Headphones,56,8058.02,4618.0,0
2025-06-16,East,Laptop Pro,11,15356.14,11488.65,0
2025-06-16,East,Laptop Air,13,11990.25,9307.67,0
2025-06-16,East,Tablet,25,14723.56,9967.23,2
2025-06-16,East,Smartwatch,37,10275.34,6619.34,2
2025-06-16,East,Headphones,49,6955.08,3958.14,0
2025-06-16,West,Laptop Pro,17,23992.21,17709.01,1
2025-06-16,West,Laptop Air,21,20206.43,14693.48,0
2025-06-16,West,Tablet,28,16323.16,11140.01,1
2025-06-16,West,Smartwatch,43,12074.36,7810.69,1
2025-06-16,West,Headphones,51,7636.55,3965.57,1
2025-06-17,North,Laptop Pro,9,12916.16,9559.97,1
2025-06-17,North,Laptop Air,19,18887.78,14002.99,0
2025-06-17,North,Tablet,25,14694.44,10295.99,1
2025-06-17,North,Smartwatch,30,8477.86,5436.47,1
2025-06-17,North,Headphones,56,7892.82,4318.3,0
2025-06-17,South,Laptop Pro,15,20899.72,15954.0,0
2025-06-17,South,Laptop Air,18,16969.77,13210.69,0
2025-06-17,South,Tablet,24,13622.69,9466.27,1
2025-06-17,South,Smartwatch,24,6655.61,4313.72,2
2025-06-17,South,Headphones,41,5885.59,3311.72,0
2025-06-17,East,Laptop Pro,11,15636.88,11962.86,0
2025-06-17,East,Laptop Air,21,19541.65,15042.63,1
2025-06-17,East,Tablet,22,12393.54,8956.86,0
2025-06-17,East,Smartwatch,20,5630.44,3622.77,0
2025-06-17,East,Headphones,47,6747.27,3775.0,1
2025-06-17,West,Laptop Pro,14,20113.22,15091.16,0
2025-06-17,West,Laptop Air,22,20858.28,15576.61,2
2025-06-17,West,Tablet,34,19256.71,13662.67,1
2025-06-17,West,Smartwatch,28,8033.02,5042.74,1
2025-06-17,West,Headphones,61,9014.24,4732.92,1
2025-06-18,North,Laptop Pro,16,23523.05,17214.15,0
2025-06-18,North,Laptop Air,23,22092.74,16834.57,1
2025-06-18,North,Tablet,18,10623.69,7204.88,1
2025-06-18,North,Smartwatch,33,9564.6,5908.95,3
2025-06-18,North,Headphones,48,7115.25,3840.02,0
2025-06-18,South,Laptop Pro,11,16306.97,11713.4,0
2025-06-18,South,Laptop Air,24,22381.03,17298.28,1
2025-06-18,South,Tablet,31,17793.13,12234.46,0
2025-06-18,South,Smartwatch,37,10406.97,6591.13,2
2025-06-18,South,Headphones,47,7043.49,3759.09,0
2025-06-18,East,Laptop Pro,19,27848.76,19577.9,2
2025-06-18,East,Laptop Air,22,21968.88,15945.6,1
2025-06-18,East,Tablet,20,11996.75,7873.12,0
2025-06-18,East,Smartwatch,38,11370.8,6709.45,1
2025-06-18,East,Headphones,45,6468.38,3829.91,0
2025-06-18,West,Laptop Pro,21,31271.13,22905.47,1
2025-06-18,West,Laptop Air,16,14978.08,11553.16,1
2025-06-18,West,Tablet,27,15531.02,10983.82,1
2025-06-18,West,Smartwatch,44,12940.91,8081.72,0
2025-06-18,West,Headphones,54,7556.55,4313.48,1
2025-06-19,North,Laptop Pro,16,23021.5,16895.01,1
2025-06-19,North,Laptop Air,20,19438.72,14324.49,1
2025-06-19,North,Tablet,26,14891.2,10661.18,1
2025-06-19,North,Smartwatch,35,9935.01,6459.95,0
2025-06-19,North,Headphones,52,7451.31,4289.95,2
2025-06-19,South,Laptop Pro,10,13880.66,10555.86,1
2025-06-19,South,Laptop Air,24,23320.37,18029.19,1
2025-06-19,South,Tablet,20,11606.45,7987.78,0
2025-06-19,South,Smartwatch,39,10896.11,7307.39,1
2025-06-19,South,Headphones,63,8968.06,4993.3,1
2025-06-19,East,Laptop Pro,11,15224.53,11250.29,1
2025-06-19,East,Laptop Air,20,18732.54,14984.01,1
2025-06-19,East,Tablet,23,13233.73,9321.51,2
2025-06-19,East,Smartwatch,24,6834.4,4364.85,0
2025-06-19,East,Headphones,50,7256.35,3971.16,2
2025-06-19,West,Laptop Pro,14,20785.56,14451.53,1
2025-06-19,West,Laptop Air,17,16446.33,12056.34,0
2025-06-19,West,Tablet,23,13489.24,9225.49,0
2025-06-19,West,Smartwatch,45,12767.67,8075.67,0
2025-06-19,West,Headphones,52,7382.42,3998.54,1
2025-06-20,North,Laptop Pro,16,22200.25,17369.1,0
2025-06-20,North,Laptop Air,26,25834.73,18562.86,0
2025-06-20,North,Tablet,30,17326.7,12297.22,1
2025-06-20,North,Smartwatch,38,11036.44,6743.47,2
2025-06-20,North,Headphones,59,8476.57,4734.62,2
2025-06-20,South,Laptop Pro,8,11885.22,8563.35,1
2025-06-20,South,Laptop Air,15,14410.29,10980.22,1
2025-06-20,South,Tablet,21,11937.73,8354.98,1
2025-06-20,South,Smartwatch,37,10821.36,6727.84,2
2025-06-20,South,Headphones,54,7678.51,4378.4,1
2025-06-20,East,Laptop Pro,13,19085.55,13609.62,1
2025-06-20,East,Laptop Air,22,21350.02,15487.17,2
2025-06-20,East,Tablet,25,13911.25,9875.09,1
2025-06-20,East,Smartwatch,27,8083.76,4823.14,0
2025-06-20,East,Headphones,42,6162.5,3361.75,0
2025-06-20,West,Laptop Pro,18,24978.83,19501.92,0
2025-06-20,West,Laptop Air,19,18776.49,13928.29,0
2025-06-20,West,Tablet,32,18589.58,12591.09,0
2025-06-20,West,Smartwatch,37,10696.76,6904.62,1
2025-06-20,West,Headphones,58,8245.76,4632.68,0
2025-06-21,North,Laptop Pro,24,34238.09,25538.83,2
2025-06-21,North,Laptop Air,25,23746.48,17661.96,1
2025-06-21,North,Tablet,30,16645.81,11891.46,2
2025-06-21,North,Smartwatch,40,11622.93,7349.46,1
2025-06-21,North,Headphones,68,9800.31,5344.38,0
2025-06-21,South,Laptop Pro,9,12458.91,9460.43,0
2025-06-21,South,Laptop Air,21,20784.7,15262.4,2
2025-06-21,South,Tablet,26,14416.63,10187.23,0
2025-06-21,South,Smartwatch,43,11921.37,7464.84,1
2025-06-21,South,Headphones,41,5680.89,3339.52,0
2025-06-21,East,Laptop Pro,15,22379.35,16651.97,0
2025-06-21,East,Laptop Air,19,18122.1,13805.55,0
2025-06-21,East,Tablet,25,13994.19,10130.15,1
2025-06-21,East,Smartwatch,37,10821.43,6542.24,0
2025-06-21,East,Headphones,44,6288.18,3623.47,2
2025-06-21,West,Laptop Pro,12,17630.72,12505.05,0
2025-06-21,West,Laptop Air,17,16823.73,12524.88,0
2025-06-21,West,Tablet,30,16772.75,12145.75,0
2025-06-21,West,Smartwatch,29,8017.07,5285.95,3
2025-06-21,West,Headphones,58,8651.46,4695.06,1
2025-06-22,North,Laptop Pro,11,16339.86,11679.69,1
2025-06-22,North,Laptop Air,33,31446.08,23894.67,1
2025-06-22,North,Tablet,23,13704.71,9378.34,2
2025-06-22,North,Smartwatch,36,10254.67,6385.9,0
2025-06-22,North,Headphones,54,7633.77,4299.37,2
2025-06-22,South,Laptop Pro,13,18853.18,14050.79,1
2025-06-22,South,Laptop Air,21,19729.51,15172.29,0
2025-06-22,South,Tablet,19,11296.37,7550.46,0
2025-06-22,South,Smartwatch,31,9075.88,5695.49,1
2025-06-22,South,Headphones,54,7576.65,4392.35,0
2025-06-22,East,Laptop Pro,6,8936.39,6136.22,0
2025-06-22,East,Laptop Air,18,17589.48,13149.2,0
2025-06-22,East,Tablet,28,15965.16,11230.76,0
2025-06-22,East,Smartwatch,33,9704.07,6024.57,1
2025-06-22,East,Headphones,47,6778.79,3760.81,1
2025-06-22,West,Laptop Pro,13,18193.98,13776.75,1
2025-06-22,West,Laptop Air,17,16633.25,11791.77,0
2025-06-22,West,Tablet,28,16214.22,10999.53,0
2025-06-22,West,Smartwatch,33,9885.54,6027.92,1
2025-06-22,West,Headphones,43,6084.48,3620.35,2
2025-06-23,North,Laptop Pro,14,20403.5,14807.98,0
2025-06-23,North,Laptop Air,13,12105.54,9230.31,1
2025-06-23,North,Tablet,19,11319.23,7620.58,1
2025-06-23,North,Smartwatch,41,11530.29,7248.13,1
2025-06-23,North,Headphones,60,8414.07,4919.98,0
2025-06-23,South,Laptop Pro,8,11254.97,8408.08,0
2025-06-23,South,Laptop Air,16,15059.99,11762.66,1
2025-06-23,South,Tablet,28,16480.41,11165.63,1
2025-06-23,South,Smartwatch,32,9279.95,5891.55,1
2025-06-23,South,Headphones,55,7995.27,4257.12,1
2025-06-23,East,Laptop Pro,8,11768.6,8404.11,0
2025-06-23,East,Laptop Air,13,12488.64,9461.01,1
2025-06-23,East,Tablet,19,10763.85,7559.21,1
2025-06-23,East,Smartwatch,26,7501.27,4713.65,3
2025-06-23,East,Headphones,46,6362.1,3705.21,1
2025-06-23,West,Laptop Pro,9,12734.54,9648.23,0
2025-06-23,West,Laptop Air,23,22185.43,16765.85,1
2025-06-23,West,Tablet,30,17418.3,12094.3,1
2025-06-23,West,Smartwatch,28,8007.82,5128.65,0
2025-06-23,West,Headphones,52,7530.58,4047.43,1
2025-06-24,North,Laptop Pro,18,26520.61,18615.59,0
2025-06-24,North,Laptop Air,25,23957.91,17501.31,0
2025-06-24,North,Tablet,26,14760.45,10514.11,1
2025-06-24,North,Smartwatch,28,8159.12,5081.71,0
2025-06-24,North,Headphones,47,6890.21,3864.17,1
2025-06-24,South,Laptop Pro,12,17686.95,12688.62,0
2025-06-24,South,Laptop Air,23,22332.41,16350.78,2
2025-06-24,South,Tablet,24,14118.49,9625.73,1
2025-06-24,South,Smartwatch,38,10704.05,6583.44,2
2025-06-24,South,Headphones,41,5835.75,3253.22,0
2025-06-24,East,Laptop Pro,13,19052.39,13009.24,2
2025-06-24,East,Laptop Air,22,20254.38,15944.08,0
2025-06-24,East,Tablet,26,14794.2,10341.91,1
2025-06-24,East,Smartwatch,24,7117.94,4308.57,0
2025-06-24,East,Headphones,41,5741.97,3218.89,0
2025-06-24,West,Laptop Pro,12,16914.67,12431.45,1
2025-06-24,West,Laptop Air,22,21119.95,16059.42,1
2025-06-24,West,Tablet,21,12364.67,8158.74,0
2025-06-24,West,Smartwatch,32,8977.25,5818.26,0
2025-06-24,West,Headphones,52,7722.3,4092.51,0
2025-06-25,North,Laptop Pro,16,23197.37,16235.18,3
2025-06-25,North,Laptop Air,24,22430.74,17703.82,1
2025-06-25,North,Tablet,25,14038.27,10265.84,0
2025-06-25,North,Smartwatch,43,12249.95,7656.49,2
2025-06-25,North,Headphones,55,8244.89,4351.66,1
2025-06-25,South,Laptop Pro,22,32120.56,22984.1,1
2025-06-25,South,Laptop Air,23,21430.12,16291.71,1
2025-06-25,South,Tablet,25,14134.36,9873.23,0
2025-06-25,South,Smartwatch,29,8135.83,5266.99,0
2025-06-25,South,Headphones,58,8656.17,4832.46,2
2025-06-25,East,Laptop Pro,10,13871.08,10425.51,1
2025-06-25,East,Laptop Air,19,18651.84,13959.92,1
2025-06-25,East,Tablet,22,12849.1,8862.11,0
2025-06-25,East,Smartwatch,24,6715.82,4175.52,1
2025-06-25,East,Headphones,39,5659.89,3118.48,0
2025-06-25,West,Laptop Pro,9,12805.48,9421.64,1
2025-06-25,West,Laptop Air,24,22939.46,17786.14,0
2025-06-25,West,Tablet,36,20103.42,14833.48,2
2025-06-25,West,Smartwatch,41,12146.37,7435.62,4
2025-06-25,West,Headphones,48,7143.67,3933.26,0
2025-06-26,North,Laptop Pro,16,22785.88,16750.82,1
2025-06-26,North,Laptop Air,12,11189.14,8833.42,0
2025-06-26,North,Tablet,18,10002.44,7214.45,0
2025-06-26,North,Smartwatch,34,9873.66,6254.36,0
2025-06-26,North,Headphones,57,8047.36,4669.39,2
2025-06-26,South,Laptop Pro,9,13077.95,9585.41,0
2025-06-26,South,Laptop Air,15,14617.35,10639.82,0
2025-06-26,South,Tablet,18,10779.08,7139.44,1
2025-06-26,South,Smartwatch,37,10877.9,6760.2,1
2025-06-26,South,Headphones,56,8285.64,4560.05,2
2025-06-26,East,Laptop Pro,11,16145.43,11586.59,0
2025-06-26,East,Laptop Air,13,12699.72,9301.54,0
2025-06-26,East,Tablet,23,12851.76,9235.22,1
2025-06-26,East,Smartwatch,26,7673.09,4653.93,0
2025-06-26,East,Headphones,40,5606.74,3182.53,0
2025-06-26,West,Laptop Pro,18,25143.82,19640.89,1
2025-06-26,West,Laptop Air,12,11554.77,8557.84,2
2025-06-26,West,Tablet,17,9608.8,6869.06,0
2025-06-26,West,Smartwatch,32,9355.31,5777.62,3
2025-06-26,West,Headphones,52,7788.91,4057.95,2
2025-06-27,North,Laptop Pro,19,26881.99,19446.85,1
2025-06-27,North,Laptop Air,16,15223.79,11501.31,0
2025-06-27,North,Tablet,28,16179.93,10762.6,0
2025-06-27,North,Smartwatch,36,10023.53,6717.22,1
2025-06-27,North,Headphones,37,5227.1,2938.59,0
2025-06-27,South,Laptop Pro,16,23182.88,16651.09,0
2025-06-27,South,Laptop Air,23,22901.78,16965.08,0
2025-06-27,South,Tablet,28,15622.54,11168.48,3
2025-06-27,South,Smartwatch,31,8567.43,5652.66,0
2025-06-27,South,Headphones,43,6122.59,3400.61,1
2025-06-27,East,Laptop Pro,10,14078.16,10509.54,0
2025-06-27,East,Laptop Air,22,21109.4,16146.81,0
2025-06-27,East,Tablet,33,19425.16,12972.48,0
2025-06-27,East,Smartwatch,29,8065.2,5275.1,1
2025-06-27,East,Headphones,45,6378.29,3426.01,1
2025-06-27,West,Laptop Pro,12,17210.07,12918.91,0
2025-06-27,West,Laptop Air,22,20799.53,15663.73,1
2025-06-27,West,Tablet,24,13810.34,9583.55,0
2025-06-27,West,Smartwatch,35,10450.96,6287.66,2
2025-06-27,West,Headphones,60,8524.48,4706.41,0
2025-06-28,North,Laptop Pro,15,22490.61,15418.74,1
2025-06-28,North,Laptop Air,23,22594.56,16732.67,2
2025-06-28,North,Tablet,27,15997.85,10922.76,2
2025-06-28,North,Smartwatch,41,11965.32,7249.33,0
2025-06-28,North,Headphones,52,7233.21,4205.02,1
2025-06-28,South,Laptop Pro,9,13413.92,9555.44,1
2025-06-28,South,Laptop Air,13,12628.3,9289.2,0
2025-06-28,South,Tablet,31,17469.77,12079.21,0
2025-06-28,South,Smartwatch,35,9775.0,6295.27,1
2025-06-28,South,Headphones,49,6917.16,3948.62,0
2025-06-28,East,Laptop Pro,12,16610.1,12585.17,0
2025-06-28,East,Laptop Air,20,18886.53,14229.36,0
2025-06-28,East,Tablet,27,15234.74,10900.87,1
2025-06-28,East,Smartwatch,29,8406.24,5352.1,0
2025-06-28,East,Headphones,55,8050.64,4332.21,0
2025-06-28,West,Laptop Pro,13,18779.47,13568.64,0
2025-06-28,West,Laptop Air,22,20648.47,16709.03,2
2025-06-28,West,Tablet,36,20476.35,14483.77,1
2025-06-28,West,Smartwatch,45,12666.35,7894.78,1
2025-06-28,West,Headphones,64,9118.01,5071.1,2
2025-06-29,North,Laptop Pro,13,18356.36,13443.36,1
2025-06-29,North,Laptop Air,27,26663.75,19587.9,1
2025-06-29,North,Tablet,29,16949.47,11671.39,1
2025-06-29,North,Smartwatch,42,12034.32,7463.76,0
2025-06-29,North,Headphones,61,9137.89,5061.18,1
2025-06-29,South,Laptop Pro,19,26419.96,19983.97,0
2025-06-29,South,Laptop Air,15,14712.61,10701.56,2
2025-06-29,South,Tablet,25,14893.8,9755.78,1
2025-06-29,South,Smartwatch,42,11930.44,7424.71,0
2025-06-29,South,Headphones,63,9303.53,4914.4,1
2025-06-29,East,Laptop Pro,13,18623.38,13597.97,0
2025-06-29,East,Laptop Air,14,13721.15,9901.59,0
2025-06-29,East,Tablet,28,16576.97,11375.61,2
2025-06-29,East,Smartwatch,33,9317.88,5870.57,1
2025-06-29,East,Headphones,61,8865.71,4962.0,2
2025-06-29,West,Laptop Pro,17,24328.15,18025.45,0
2025-06-29,West,Laptop Air,25,24567.75,18232.38,1
2025-06-29,West,Tablet,36,20645.43,14658.26,0
2025-06-29,West,Smartwatch,42,12175.4,7861.39,1
2025-06-29,West,Headphones,62,9261.89,4875.78,1
2025-06-30,North,Laptop Pro,13,18366.36,13880.96,0
2025-06-30,North,Laptop Air,21,20072.03,15240.39,0
2025-06-30,North,Tablet,34,18886.58,13889.21,0
2025-06-30,North,Smartwatch,33,9260.1,5953.16,0
2025-06-30,North,Headphones,43,6155.3,3520.91,0
2025-06-30,South,Laptop Pro,11,16443.16,11251.64,0
2025-06-30,South,Laptop Air,17,15977.39,11994.15,0
2025-06-30,South,Tablet,20,11472.92,7908.93,0
2025-06-30,South,Smartwatch,23,6439.06,4133.81,0
2025-06-30,South,Headphones,60,8584.02,4804.45,1
2025-06-30,East,Laptop Pro,12,17997.08,12413.51,1
2025-06-30,East,Laptop Air,14,13087.3,9880.24,0
2025-06-30,East,Tablet,20,11232.7,7895.15,0
2025-06-30,East,Smartwatch,34,10118.89,5910.78,1
2025-06-30,East,Headphones,40,5671.76,3181.56,0
2025-06-30,West,Laptop Pro,15,21553.02,15731.6,0
2025-06-30,West,Laptop Air,24,22867.36,17432.42,1
2025-06-30,West,Tablet,30,16719.33,12040.05,0
2025-06-30,West,Smartwatch,33,9702.34,6153.06,2
2025-06-30,West,Headphones,41,6143.53,3333.29,2
2025-07-01,North,Laptop Pro,11,16224.7,11720.32,0
2025-07-01,North,Laptop Air,22,20389.38,15955.54,0
2025-07-01,North,Tablet,29,17105.7,11724.29,3
2025-07-01,North,Smartwatch,28,7946.73,5017.75,1
2025-07-01,North,Headphones,47,6604.62,3767.49,4
2025-07-01,South,Laptop Pro,12,16828.98,13084.23,1
2025-07-01,South,Laptop Air,17,16985.81,12222.85,0
2025-07-01,South,Tablet,23,13789.62,8954.94,0
2025-07-01,South,Smartwatch,36,9945.5,6570.31,0
2025-07-01,South,Headphones,42,6034.18,3418.81,2
2025-07-01,East,Laptop Pro,16,23877.69,16851.92,0
2025-07-01,East,Laptop Air,18,17961.4,12473.13,1
2025-07-01,East,Tablet,22,12343.83,9026.44,1
2025-07-01,East,Smartwatch,24,6678.75,4339.86,1
2025-07-01,East,Headphones,48,6897.89,3816.17,2
2025-07-01,West,Laptop Pro,18,26197.1,19349.09,0
2025-07-01,West,Laptop Air,17,16044.8,11744.37,0
2025-07-01,West,Tablet,21,12577.43,8418.79,0
2025-07-01,West,Smartwatch,25,6960.65,4451.33,1
2025-07-01,West,Headphones,49,7199.42,4036.98,1
2025-07-02,North,Laptop Pro,14,20679.27,14771.41,0
2025-07-02,North,Laptop Air,19,18527.6,13443.43,1
2025-07-02,North,Tablet,25,14923.53,10227.65,0
2025-07-02,North,Smartwatch,30,8719.52,5134.42,0
2025-07-02,North,Headphones,47,6646.88,3798.19,2
2025-07-02,South,Laptop Pro,11,15836.96,11258.18,0
2025-07-02,South,Laptop Air,17,16091.55,12126.8,1
2025-07-02,South,Tablet,23,13564.0,9155.72,0
2025-07-02,South,Smartwatch,32,9294.42,5864.84,1
2025-07-02,South,Headphones,42,6038.18,3508.07,0
2025-07-02,East,Laptop Pro,10,14312.93,10126.29,0
2025-07-02,East,Laptop Air,21,20686.85,15254.96,0
2025-07-02,East,Tablet,22,12347.1,9187.63,1
2025-07-02,East,Smartwatch,33,9828.55,5871.94,0
2025-07-02,East,Headphones,38,5655.18,3001.39,0
2025-07-02,West,Laptop Pro,9,13230.32,9494.59,0
2025-07-02,West,Laptop Air,20,18953.16,14638.7,0
2025-07-02,West,Tablet,29,17292.69,11752.56,1
2025-07-02,West,Smartwatch,33,9893.88,5897.39,1
2025-07-02,West,Headphones,49,7072.36,3857.08,1
2025-07-03,North,Laptop Pro,17,24792.82,18319.86,0
2025-07-03,North,Laptop Air,25,24686.51,17721.15,1
2025-07-03,North,Tablet,25,14212.89,9616.76,0
2025-07-03,North,Smartwatch,36,10245.8,6291.64,1
2025-07-03,North,Headphones,53,7872.48,4191.14,2
2025-07-03,South,Laptop Pro,13,19128.72,14057.45,0
2025-07-03,South,Laptop Air,16,15532.83,11246.2,2
2025-07-03,South,Tablet,23,12707.0,9480.03,0
2025-07-03,South,Smartwatch,34,9572.83,6279.95,1
2025-07-03,South,Headphones,43,6276.02,3455.5,1
2025-07-03,East,Laptop Pro,20,27682.95,19929.38,1
2025-07-03,East,Laptop Air,13,12526.87,9138.34,1
2025-07-03,East,Tablet,27,15707.09,10663.16,0
2025-07-03,East,Smartwatch,28,7765.44,5214.45,1
2025-07-03,East,Headphones,52,7340.63,4112.65,1
2025-07-03,West,Laptop Pro,8,11474.07,8270.15,0
2025-07-03,West,Laptop Air,18,17135.0,13008.81,0
2025-07-03,West,Tablet,22,12172.71,8551.92,0
2025-07-03,West,Smartwatch,32,9482.57,5757.16,2
2025-07-03,West,Headphones,50,7291.72,3936.12,0
2025-07-04,North,Laptop Pro,11,15944.26,12170.87,0
2025-07-04,North,Laptop Air,24,22109.38,16962.87,0
2025-07-04,North,Tablet,32,19070.68,13294.06,1
2025-07-04,North,Smartwatch,36,10703.53,6332.23,1
2025-07-04,North,Headphones,51,7383.55,4101.44,3
2025-07-04,South,Laptop Pro,12,17738.58,12726.08,0
2025-07-04,South,Laptop Air,26,24575.55,18773.08,0
2025-07-04,South,Tablet,32,18646.0,12820.58,0
2025-07-04,South,Smartwatch,34,9509.49,6225.44,0
2025-07-04,South,Headphones,57,8037.95,4598.06,1
2025-07-04,East,Laptop Pro,12,17322.04,12556.43,2
2025-07-04,East,Laptop Air,18,16783.23,12785.19,0
2025-07-04,East,Tablet,29,17259.66,11561.55,0
2025-07-04,East,Smartwatch,29,8295.56,5201.41,1
2025-07-04,East,Headphones,44,6280.49,3506.08,1
2025-07-04,West,Laptop Pro,16,23527.64,16825.6,1
2025-07-04,West,Laptop Air,15,14940.45,10495.59,0
2025-07-04,West,Tablet,27,15506.38,10578.04,0
2025-07-04,West,Smartwatch,39,11219.2,7136.78,1
2025-07-04,West,Headphones,45,6397.05,3437.97,0
2025-07-05,North,Laptop Pro,14,20642.28,15051.93,1
2025-07-05,North,Laptop Air,19,18726.94,13527.08,0
2025-07-05,North,Tablet,24,13273.44,9920.54,1
2025-07-05,North,Smartwatch,48,14269.03,8851.89,3
2025-07-05,North,Headphones,65,8970.46,5165.95,1
2025-07-05,South,Laptop Pro,17,23997.8,17770.13,0
2025-07-05,South,Laptop Air,15,14244.81,11144.14,2
2025-07-05,South,Tablet,25,14592.26,10254.65,0
2025-07-05,South,Smartwatch,36,10050.22,6606.07,1
2025-07-05,South,Headphones,37,5145.93,3027.74,0
2025-07-05,East,Laptop Pro,15,21200.61,15407.43,1
2025-07-05,East,Laptop Air,19,17920.97,13736.17,0
2025-07-05,East,Tablet,27,15560.87,10633.6,0
2025-07-05,East,Smartwatch,32,9540.22,5631.76,3
2025-07-05,East,Headphones,52,7176.61,4173.64,1
2025-07-05,West,Laptop Pro,7,10486.93,7289.17,0
2025-07-05,West,Laptop Air,28,26890.31,20092.97,0
2025-07-05,West,Tablet,29,16888.95,11483.99,0
2025-07-05,West,Smartwatch,35,9848.05,6141.94,0
2025-07-05,West,Headphones,60,8470.24,4962.89,1
2025-07-06,North,Laptop Pro,19,27068.05,20012.17,1
2025-07-06,North,Laptop Air,21,20874.44,14683.88,2
2025-07-06,North,Tablet,32,18836.2,12846.58,2
2025-07-06,North,Smartwatch,41,12207.35,7604.56,3
2025-07-06,North,Headphones,53,7327.37,4321.3,1
2025-07-06,South,Laptop Pro,15,22233.11,15586.6,0
2025-07-06,South,Laptop Air,25,23065.61,17821.91,1
2025-07-06,South,Tablet,29,17243.1,11377.96,0
2025-07-06,South,Smartwatch,40,11172.26,7093.12,0
2025-07-06,South,Headphones,64,9158.68,5052.33,2
2025-07-06,East,Laptop Pro,14,19602.7,14268.33,1
2025-07-06,East,Laptop Air,18,17086.99,12844.92,0
2025-07-06,East,Tablet,24,13514.3,9666.04,0
2025-07-06,East,Smartwatch,34,9603.66,6069.33,0
2025-07-06,East,Headphones,50,7343.89,4017.39,1
2025-07-06,West,Laptop Pro,20,27755.88,21681.21,0
2025-07-06,West,Laptop Air,18,17073.15,13435.8,2
2025-07-06,West,Tablet,29,17118.7,11584.24,1
2025-07-06,West,Smartwatch,38,11120.89,6960.41,1
2025-07-06,West,Headphones,62,8903.41,4943.47,2
2025-07-07,North,Laptop Pro,15,20912.71,15596.32,2
2025-07-07,North,Laptop Air,26,24342.75,18301.86,2
2025-07-07,North,Tablet,29,16979.55,11620.09,1
2025-07-07,North,Smartwatch,36,10205.15,6620.54,0
2025-07-07,North,Headphones,58,8698.85,4521.73,1
2025-07-07,South,Laptop Pro,12,17485.59,12527.65,1
2025-07-07,South,Laptop Air,22,20522.31,15733.76,3
2025-07-07,South,Tablet,21,12447.59,8441.48,0
2025-07-07,South,Smartwatch,39,11369.22,7056.89,1
2025-07-07,South,Headphones,46,6899.42,3719.54,0
2025-07-07,East,Laptop Pro,5,7486.12,5449.18,0
2025-07-07,East,Laptop Air,19,18778.05,13441.83,0
2025-07-07,East,Tablet,24,14282.65,9422.31,0
2025-07-07,East,Smartwatch,24,6917.92,4341.37,0
2025-07-07,East,Headphones,50,6960.0,4116.22,1
2025-07-07,West,Laptop Pro,13,19367.96,13250.77,1
2025-07-07,West,Laptop Air,21,19538.67,15220.21,1
2025-07-07,West,Tablet,29,16469.92,11553.29,0
2025-07-07,West,Smartwatch,30,8878.4,5492.26,1
2025-07-07,West,Headphones,51,7472.68,4131.26,0
2025-07-08,North,Laptop Pro,17,25103.87,17867.32,0
2025-07-08,North,Laptop Air,24,22484.55,17448.49,3
2025-07-08,North,Tablet,27,15260.27,10657.81,0
2025-07-08,North,Smartwatch,31,9073.52,5669.31,0
2025-07-08,North,Headphones,68,10155.66,5590.85,2
2025-07-08,South,Laptop Pro,16,23620.94,16833.65,0
2025-07-08,South,Laptop Air,20,18992.2,14282.51,0
2025-07-08,South,Tablet,19,11317.58,7577.94,1
2025-07-08,South,Smartwatch,40,11484.99,7313.72,1
2025-07-08,South,Headphones,43,6133.73,3437.12,1
2025-07-08,East,Laptop Pro,24,34019.27,24595.38,2
2025-07-08,East,Laptop Air,14,13859.6,10271.94,0
2025-07-08,East,Tablet,23,13292.48,9019.16,0
2025-07-08,East,Smartwatch,33,9532.99,5990.43,0
2025-07-08,East,Headphones,47,6578.9,3619.65,0
2025-07-08,West,Laptop Pro,11,15881.29,11574.98,2
2025-07-08,West,Laptop Air,33,31926.06,23727.55,2
2025-07-08,West,Tablet,29,17228.14,11143.64,0
2025-07-08,West,Smartwatch,36,10199.98,6523.13,1
2025-07-08,West,Headphones,49,6985.56,3833.65,0
2025-07-09,North,Laptop Pro,20,28279.32,21035.6,1
2025-07-09,North,Laptop Air,13,12317.47,9282.92,0
2025-07-09,North,Tablet,17,9485.77,6598.64,2
2025-07-09,North,Smartwatch,39,10878.8,6873.18,0
2025-07-09,North,Headphones,56,8193.24,4393.47,1
2025-07-09,South,Laptop Pro,13,19164.29,13918.2,2
2025-07-09,South,Laptop Air,20,18517.64,14640.71,2
2025-07-09,South,Tablet,27,15275.9,11274.01,0
2025-07-09,South,Smartwatch,34,9407.68,6057.35,1
2025-07-09,South,Headphones,43,6193.57,3402.57,2
2025-07-09,East,Laptop Pro,17,23537.02,17898.15,1
2025-07-09,East,Laptop Air,16,15842.92,11438.15,1
2025-07-09,East,Tablet,30,17149.88,11860.18,1
2025-07-09,East,Smartwatch,21,6049.65,3784.11,2
2025-07-09,East,Headphones,46,6898.54,3731.79,1
2025-07-09,West,Laptop Pro,17,25106.49,17095.97,0
2025-07-09,West,Laptop Air,21,20742.17,14946.97,0
2025-07-09,West,Tablet,38,22689.08,14773.55,2
2025-07-09,West,Smartwatch,44,12198.75,7895.63,1
2025-07-09,West,Headphones,60,8304.94,4841.53,1
2025-07-10,North,Laptop Pro,17,23680.83,18248.75,1
2025-07-10,North,Laptop Air,20,18417.79,14275.08,0
2025-07-10,North,Tablet,27,15123.46,10822.95,3
2025-07-10,North,Smartwatch,39,10827.48,6783.83,0
2025-07-10,North,Headphones,54,7971.94,4245.66,2
2025-07-10,South,Laptop Pro,18,26365.46,18978.3,1
2025-07-10,South,Laptop Air,21,19551.73,14709.03,0
2025-07-10,South,Tablet,17,9808.76,6968.23,0
2025-07-10,South,Smartwatch,30,8483.78,5456.54,0
2025-07-10,South,Headphones,48,6876.34,3770.53,2
2025-07-10,East,Laptop Pro,14,20486.53,14264.24,1
2025-07-10,East,Laptop Air,20,19544.26,14192.84,0
2025-07-10,East,Tablet,19,10717.66,7463.3,0
2025-07-10,East,Smartwatch,21,6031.82,3687.99,2
2025-07-10,East,Headphones,37,5390.43,2876.72,0
2025-07-10,West,Laptop Pro,13,18537.42,13587.1,1
2025-07-10,West,Laptop Air,15,14496.07,10958.17,0
2025-07-10,West,Tablet,18,10389.54,7097.6,0
2025-07-10,West,Smartwatch,38,10781.75,6900.86,1
2025-07-10,West,Headphones,45,6502.7,3576.4,0
2025-07-11,North,Laptop Pro,12,16632.09,12754.3,1
2025-07-11,North,Laptop Air,25,24029.61,17716.87,1
2025-07-11,North,Tablet,30,16614.98,12067.44,1
2025-07-11,North,Smartwatch,45,12584.5,8119.46,1
2025-07-11,North,Headphones,53,7383.37,4355.52,1
2025-07-11,South,Laptop Pro,9,12631.4,9555.6,1
2025-07-11,South,Laptop Air,22,20936.03,15921.1,1
2025-07-11,South,Tablet,24,13786.37,9317.78,1
2025-07-11,South,Smartwatch,35,10036.61,6233.82,1
2025-07-11,South,Headphones,48,7083.96,3778.53,0
2025-07-11,East,Laptop Pro,19,28011.18,19621.94,1
2025-07-11,East,Laptop Air,20,19945.34,14404.47,0
2025-07-11,East,Tablet,12,6770.56,4823.12,0
2025-07-11,East,Smartwatch,32,9504.1,5792.25,0
2025-07-11,East,Headphones,38,5434.54,3116.7,0
2025-07-11,West,Laptop Pro,17,25218.64,18022.63,0
2025-07-11,West,Laptop Air,16,15914.82,11237.1,1
2025-07-11,West,Tablet,36,20677.95,14458.33,2
2025-07-11,West,Smartwatch,29,8092.33,5281.01,0
2025-07-11,West,Headphones,54,7869.3,4429.05,3
2025-07-12,North,Laptop Pro,16,22235.08,16748.19,2
2025-07-12,North,Laptop Air,25,24979.39,17947.99,2
2025-07-12,North,Tablet,32,18484.62,13076.2,0
2025-07-12,North,Smartwatch,48,14230.93,8670.86,1
2025-07-12,North,Headphones,68,9942.32,5266.09,1
2025-07-12,South,Laptop Pro,13,19392.65,13155.09,1
2025-07-12,South,Laptop Air,17,16951.93,12690.62,1
2025-07-12,South,Tablet,20,11315.7,7725.8,1
2025-07-12,South,Smartwatch,42,11940.22,7534.72,2
2025-07-12,South,Headphones,51,7522.5,4152.06,3
2025-07-12,East,Laptop Pro,20,27837.24,20258.87,1
2025-07-12,East,Laptop Air,18,17009.31,12679.66,2
2025-07-12,East,Tablet,21,12261.14,8190.55,1
2025-07-12,East,Smartwatch,44,12769.52,8205.3,1
2025-07-12,East,Headphones,48,7031.49,3994.99,2
2025-07-12,West,Laptop Pro,16,22405.25,16553.32,0
2025-07-12,West,Laptop Air,21,20170.15,15295.24,0
2025-07-12,West,Tablet,28,16618.15,11269.01,4
2025-07-12,West,Smartwatch,52,15348.26,9307.44,1
2025-07-12,West,Headphones,46,6736.29,3560.27,1
2025-07-13,North,Laptop Pro,9,13064.59,9886.11,1
2025-07-13,North,Laptop Air,23,21909.54,15958.54,0
2025-07-13,North,Tablet,32,17719.04,12854.3,0
2025-07-13,North,Smartwatch,40,11748.55,7106.75,0
2025-07-13,North,Headphones,58,8471.43,4733.55,1
2025-07-13,South,Laptop Pro,9,13421.02,9609.88,0
2025-07-13,South,Laptop Air,12,11642.35,8470.86,0
2025-07-13,South,Tablet,23,13054.71,9054.62,1
2025-07-13,South,Smartwatch,41,11352.35,7151.2,0
2025-07-13,South,Headphones,60,8467.06,4818.7,1
2025-07-13,East,Laptop Pro,11,16344.24,11714.21,0
2025-07-13,East,Laptop Air,25,23219.92,17841.0,1
2025-07-13,East,Tablet,24,13433.84,9553.0,1
2025-07-13,East,Smartwatch,35,10341.22,6540.39,1
2025-07-13,East,Headphones,45,6245.45,3667.41,0
2025-07-13,West,Laptop Pro,12,16971.7,12939.64,0
2025-07-13,West,Laptop Air,14,13123.24,9628.0,0
2025-07-13,West,Tablet,29,16760.88,11726.95,0
2025-07-13,West,Smartwatch,37,10921.79,6693.48,1
2025-07-13,West,Headphones,57,8003.41,4445.82,0
2025-07-14,North,Laptop Pro,18,25968.72,18505.41,0
2025-07-14,North,Laptop Air,19,17529.51,13620.24,0
2025-07-14,North,Tablet,27,16001.28,10510.13,1
2025-07-14,North,Smartwatch,40,11658.81,7084.99,1
2025-07-14,North,Headphones,40,5646.94,3170.46,1
2025-07-14,South,Laptop Pro,17,24223.86,18054.75,1
2025-07-14,South,Laptop Air,22,21237.44,15616.08,0
2025-07-14,South,Tablet,23,13025.42,9117.71,0
2025-07-14,South,Smartwatch,27,7624.79,4959.57,0
2025-07-14,South,Headphones,52,7439.77,4013.21,1
2025-07-14,East,Laptop Pro,11,16078.78,11602.5,0
2025-07-14,East,Laptop Air,21,19960.48,15237.76,0
2025-07-14,East,Tablet,27,15493.37,10890.04,2
2025-07-14,East,Smartwatch,23,6459.69,4098.49,1
2025-07-14,East,Headphones,50,7107.93,3914.81,0
2025-07-14,West,Laptop Pro,10,14403.87,10819.1,1
2025-07-14,West,Laptop Air,22,21967.08,15568.66,0
2025-07-14,West,Tablet,25,14799.67,9776.59,0
2025-07-14,West,Smartwatch,28,8173.81,5042.04,0
2025-07-14,West,Headphones,45,6425.26,3546.78,2
2025-07-15,North,Laptop Pro,4,5619.67,4288.27,0
2025-07-15,North,Laptop Air,16,14771.26,11458.9,1
2025-07-15,North,Tablet,15,8568.14,6141.66,1
2025-07-15,North,Smartwatch,39,11017.8,7083.01,1
2025-07-15,North,Headphones,47,6699.51,3730.81,0
2025-07-15,South,Laptop Pro,14,20180.74,15027.52,0
2025-07-15,South,Laptop Air,18,17122.07,12791.3,1
2025-07-15,South,Tablet,21,12196.12,8346.22,0
2025-07-15,South,Smartwatch,34,9829.83,6184.77,1
2025-07-15,South,Headphones,68,9456.62,5464.66,0
2025-07-15,East,Laptop Pro,1,1432.34,1035.85,0
2025-07-15,East,Laptop Air,17,16863.44,11863.9,1
2025-07-15,East,Tablet,23,13221.76,9196.57,1
2025-07-15,East,Smartwatch,29,8036.53,5144.09,1
2025-07-15,East,Headphones,57,8481.57,4562.7,1
2025-07-15,West,Laptop Pro,13,17984.95,13535.07,0
2025-07-15,West,Laptop Air,25,23024.72,17741.68,0
2025-07-15,West,Tablet,28,16046.4,11139.93,1
2025-07-15,West,Smartwatch,41,11972.88,7369.16,0
2025-07-15,West,Headphones,43,6445.54,3487.82,0
2025-07-16,North,Laptop Pro,15,22472.09,15883.3,0
2025-07-16,North,Laptop Air,16,15503.24,12002.56,0
2025-07-16,North,Tablet,21,11810.66,8423.76,1
2025-07-16,North,Smartwatch,42,11650.09,7458.25,1
2025-07-16,North,Headphones,50,7407.13,3986.7,1
2025-07-16,South,Laptop Pro,9,12906.83,9557.41,0
2025-07-16,South,Laptop Air,17,16317.65,12485.64,1
2025-07-16,South,Tablet,16,9307.93,6571.71,0
2025-07-16,South,Smartwatch,34,9759.4,5995.52,2
2025-07-16,South,Headphones,48,6667.19,3938.36,2
2025-07-16,East,Laptop Pro,8,11579.01,8392.27,1
2025-07-16,East,Laptop Air,10,9889.78,7066.52,1
2025-07-16,East,Tablet,25,14201.46,9959.24,2
2025-07-16,East,Smartwatch,25,7481.18,4608.97,1
2025-07-16,East,Headphones,38,5271.31,3067.8,1
2025-07-16,West,Laptop Pro,10,13872.13,10245.47,1
2025-07-16,West,Laptop Air,22,21837.83,15458.4,0
2025-07-16,West,Tablet,26,14912.49,10143.68,0
2025-07-16,West,Smartwatch,34,9549.33,6030.46,2
2025-07-16,West,Headphones,54,7798.95,4326.69,1
2025-07-17,North,Laptop Pro,11,15868.02,11289.85,0
2025-07-17,North,Laptop Air,24,22137.22,17131.97,0
2025-07-17,North,Tablet,27,15901.26,11102.84,0
2025-07-17,North,Smartwatch,36,10345.27,6689.67,0
2025-07-17,North,Headphones,49,7282.4,4041.56,1
2025-07-17,South,Laptop Pro,7,10190.87,7086.15,0
2025-07-17,South,Laptop Air,25,23298.19,18602.54,1
2025-07-17,South,Tablet,21,11877.82,8415.41,0
2025-07-17,South,Smartwatch,33,9415.29,5949.26,1
2025-07-17,South,Headphones,38,5648.07,3102.56,0
2025-07-17,East,Laptop Pro,9,12581.25,9582.95,0
2025-07-17,East,Laptop Air,19,18546.87,13168.73,1
2025-07-17,East,Tablet,25,14358.02,9877.51,0
2025-07-17,East,Smartwatch,36,10598.28,6432.56,2
2025-07-17,East,Headphones,34,4887.54,2647.63,1
2025-07-17,West,Laptop Pro,13,18623.06,13922.22,0
2025-07-17,West,Laptop Air,26,25291.83,19258.74,0
2025-07-17,West,Tablet,21,12090.03,8398.23,0
2025-07-17,West,Smartwatch,39,11319.93,7061.92,0
2025-07-17,West,Headphones,62,8781.06,4958.88,3
2025-07-18,North,Laptop Pro,18,25825.19,18937.48,1
2025-07-18,North,Laptop Air,18,16735.57,13249.7,1
2025-07-18,North,Tablet,31,18526.13,11962.16,1
2025-07-18,North,Smartwatch,38,11375.71,6906.5,2
2025-07-18,North,Headphones,60,8864.24,4801.14,3
2025-07-18,South,Laptop Pro,14,20683.74,14490.24,0
2025-07-18,South,Laptop Air,22,21074.42,15680.54,0
2025-07-18,South,Tablet,22,12988.66,9122.5,0
2025-07-18,South,Smartwatch,31,9288.06,5431.85,0
2025-07-18,South,Headphones,45,6597.38,3587.86,1
2025-07-18,East,Laptop Pro,8,11511.17,8673.75,0
2025-07-18,East,Laptop Air,21,19800.05,14735.91,1
2025-07-18,East,Tablet,24,13894.97,9512.42,0
2025-07-18,East,Smartwatch,34,9414.43,6125.18,2
2025-07-18,East,Headphones,36,5313.84,2903.77,0
2025-07-18,West,Laptop Pro,11,15821.44,11531.45,0
2025-07-18,West,Laptop Air,18,17635.42,12727.92,1
2025-07-18,West,Tablet,21,11786.88,8475.16,0
2025-07-18,West,Smartwatch,31,9160.31,5568.77,1
2025-07-18,West,Headphones,47,6507.66,3807.21,2
2025-07-19,North,Laptop Pro,13,18382.09,13902.17,0
2025-07-19,North,Laptop Air,21,20064.47,14670.56,0
2025-07-19,North,Tablet,32,18382.31,13064.48,0
2025-07-19,North,Smartwatch,33,9612.92,5909.75,0
2025-07-19,North,Headphones,54,8086.38,4391.3,3
2025-07-19,South,Laptop Pro,9,12431.99,9543.34,1
2025-07-19,South,Laptop Air,24,22473.72,17920.77,0
2025-07-19,South,Tablet,13,7715.85,5200.65,1
2025-07-19,South,Smartwatch,46,13665.22,8213.21,3
2025-07-19,South,Headphones,55,8046.65,4354.86,0
2025-07-19,East,Laptop Pro,11,15492.66,11310.43,0
2025-07-19,East,Laptop Air,15,14396.2,10974.55,1
2025-07-19,East,Tablet,20,11371.96,7823.77,1
2025-07-19,East,Smartwatch,44,13193.46,8046.61,0
2025-07-19,East,Headphones,60,8334.93,4778.54,1
2025-07-19,West,Laptop Pro,16,23681.88,16207.56,0
2025-07-19,West,Laptop Air,26,25336.69,19277.21,1
2025-07-19,West,Tablet,35,19408.79,13054.77,1
2025-07-19,West,Smartwatch,37,10449.19,6649.11,0
2025-07-19,West,Headphones,58,8344.3,4661.71,2
2025-07-20,North,Laptop Pro,13,18153.85,13020.45,0
2025-07-20,North,Laptop Air,25,24877.48,18158.85,1
2025-07-20,North,Tablet,32,19082.81,12628.53,1
2025-07-20,North,Smartwatch,46,13628.7,8238.85,1
2025-07-20,North,Headphones,69,10130.94,5668.27,1
2025-07-20,South,Laptop Pro,17,23894.73,17900.95,0
2025-07-20,South,Laptop Air,17,16275.91,12154.18,1
2025-07-20,South,Tablet,26,15068.3,10364.54,1
2025-07-20,South,Smartwatch,31,8717.75,5778.21,0
2025-07-20,South,Headphones,44,6432.54,3548.48,3
2025-07-20,East,Laptop Pro,14,20856.43,14440.17,1
2025-07-20,East,Laptop Air,23,22269.95,16398.27,0
2025-07-20,East,Tablet,25,14080.31,9761.99,0
2025-07-20,East,Smartwatch,36,10390.39,6421.46,1
2025-07-20,East,Headphones,54,7466.81,4458.92,0
2025-07-20,West,Laptop Pro,10,13972.65,10465.07,2
2025-07-20,West,Laptop Air,25,23418.09,17518.68,1
2025-07-20,West,Tablet,21,11820.63,8472.4,0
2025-07-20,West,Smartwatch,45,12872.39,8036.4,1
2025-07-20,West,Headphones,46,6402.57,3721.32,0
2025-07-21,North,Laptop Pro,21,30013.52,21943.1,1
2025-07-21,North,Laptop Air,23,22314.53,17038.67,0
2025-07-21,North,Tablet,32,18899.1,12566.87,2
2025-07-21,North,Smartwatch,33,9256.03,5801.58,1
2025-07-21,North,Headphones,49,7131.77,3993.51,2
2025-07-21,South,Laptop Pro,19,26509.86,19150.58,0
2025-07-21,South,Laptop Air,18,16584.48,12915.43,0
2025-07-21,South,Tablet,14,8132.07,5689.67,1
2025-07-21,South,Smartwatch,22,6420.09,3786.2,0
2025-07-21,South,Headphones,40,5918.36,3204.14,0
2025-07-21,East,Laptop Pro,7,10100.7,7130.1,2
2025-07-21,East,Laptop Air,24,22744.28,16642.42,1
2025-07-21,East,Tablet,22,12869.7,8612.39,2
2025-07-21,East,Smartwatch,31,8938.66,5559.53,0
2025-07-21,East,Headphones,51,7321.31,4022.4,1
2025-07-21,West,Laptop Pro,12,17603.66,12878.98,0
2025-07-21,West,Laptop Air,18,17966.14,12981.35,0
2025-07-21,West,Tablet,25,14741.25,9902.21,0
2025-07-21,West,Smartwatch,32,8983.18,5609.1,2
2025-07-21,West,Headphones,50,7333.16,4017.93,1
2025-07-22,North,Laptop Pro,12,17980.1,13118.84,0
2025-07-22,North,Laptop Air,21,20286.09,14907.44,2
2025-07-22,North,Tablet,23,13046.55,9092.26,1
2025-07-22,North,Smartwatch,28,7894.38,4933.08,0
2025-07-22,North,Headphones,50,7251.66,4094.73,1
2025-07-22,South,Laptop Pro,17,24157.84,18180.94,1
2025-07-22,South,Laptop Air,25,23508.98,17839.34,0
2025-07-22,South,Tablet,23,12818.28,9089.78,0
2025-07-22,South,Smartwatch,40,11385.7,7064.09,1
2025-07-22,South,Headphones,41,5810.1,3261.02,1
2025-07-22,East,Laptop Pro,10,14881.59,10714.17,1
2025-07-22,East,Laptop Air,24,23192.74,17294.35,0
2025-07-22,East,Tablet,18,10031.94,7385.42,0
2025-07-22,East,Smartwatch,17,5034.43,3015.93,0
2025-07-22,East,Headphones,47,6875.18,3586.08,3
2025-07-22,West,Laptop Pro,10,14186.44,11047.12,1
2025-07-22,West,Laptop Air,30,27835.02,21692.7,3
2025-07-22,West,Tablet,22,13137.65,8937.02,0
2025-07-22,West,Smartwatch,25,6977.7,4429.12,0
2025-07-22,West,Headphones,53,7809.87,4124.46,1
2025-07-23,North,Laptop Pro,16,22347.16,16852.0,0
2025-07-23,North,Laptop Air,20,18577.22,13826.39,0
2025-07-23,North,Tablet,29,16320.53,11538.04,0
2025-07-23,North,Smartwatch,35,9723.99,6428.81,0
2025-07-23,North,Headphones,47,6507.91,3793.72,0
2025-07-23,South,Laptop Pro,14,19294.21,14774.94,2
2025-07-23,South,Laptop Air,21,20137.94,15647.31,1
2025-07-23,South,Tablet,28,16176.82,11284.08,1
2025-07-23,South,Smartwatch,34,10114.15,5886.9,0
2025-07-23,South,Headphones,52,7665.16,4147.6,2
2025-07-23,East,Laptop Pro,15,21325.74,16356.48,0
2025-07-23,East,Laptop Air,10,9898.13,7155.44,0
2025-07-23,East,Tablet,23,12759.61,9542.99,0
2025-07-23,East,Smartwatch,28,8247.43,5143.18,0
2025-07-23,East,Headphones,52,7745.13,4126.01,2
2025-07-23,West,Laptop Pro,17,25020.1,17464.26,1
2025-07-23,West,Laptop Air,18,17929.57,13048.1,0
2025-07-23,West,Tablet,22,13024.61,9023.61,1
2025-07-23,West,Smartwatch,29,8290.97,5055.19,0
2025-07-23,West,Headphones,46,6740.38,3688.86,0
2025-07-24,North,Laptop Pro,20,28077.21,20142.62,1
2025-07-24,North,Laptop Air,24,23222.91,17162.64,1
2025-07-24,North,Tablet,33,18669.08,12763.15,2
2025-07-24,North,Smartwatch,33,9339.03,6006.79,0
2025-07-24,North,Headphones,39,5786.46,3077.01,1
2025-07-24,South,Laptop Pro,10,14818.99,10743.19,0
2025-07-24,South,Laptop Air,18,16787.53,12819.9,0
2025-07-24,South,Tablet,28,15858.06,11058.53,0
2025-07-24,South,Smartwatch,33,9761.42,5748.12,0
2025-07-24,South,Headphones,40,5673.6,3225.03,0
2025-07-24,East,Laptop Pro,15,21906.96,15905.01,0
2025-07-24,East,Laptop Air,20,19909.19,14670.65,1
2025-07-24,East,Tablet,18,10602.35,7294.35,0
2025-07-24,East,Smartwatch,38,10710.71,6894.89,0
2025-07-24,East,Headphones,46,6684.32,3723.85,3
2025-07-24,West,Laptop Pro,11,15780.78,11710.97,1
2025-07-24,West,Laptop Air,25,24726.92,18326.76,0
2025-07-24,West,Tablet,15,8933.28,5816.69,0
2025-07-24,West,Smartwatch,38,11181.8,6776.82,0
2025-07-24,West,Headphones,45,6494.83,3483.14,3
2025-07-25,North,Laptop Pro,15,20975.42,15854.62,0
2025-07-25,North,Laptop Air,27,25351.07,20073.73,0
2025-07-25,North,Tablet,26,15400.24,10586.44,1
2025-07-25,North,Smartwatch,39,11633.1,6934.77,1
2025-07-25,North,Headphones,57,8395.75,4606.09,0
2025-07-25,South,Laptop Pro,10,13859.17,10573.28,0
2025-07-25,South,Laptop Air,23,22050.84,16637.21,0
2025-07-25,South,Tablet,19,10664.1,7401.89,0
2025-07-25,South,Smartwatch,26,7569.38,4803.1,0
2025-07-25,South,Headphones,41,5859.5,3202.72,1
2025-07-25,East,Laptop Pro,11,15714.95,11465.28,1
2025-07-25,East,Laptop Air,17,16147.65,12474.8,1
2025-07-25,East,Tablet,23,13280.95,9131.29,1
2025-07-25,East,Smartwatch,32,9416.26,5769.14,1
2025-07-25,East,Headphones,42,6084.04,3368.04,0
2025-07-25,West,Laptop Pro,12,16596.35,12616.61,1
2025-07-25,West,Laptop Air,21,20542.85,15154.79,0
2025-07-25,West,Tablet,22,12434.58,8837.65,0
2025-07-25,West,Smartwatch,29,8042.47,5227.8,0
2025-07-25,West,Headphones,52,7446.66,4085.5,2
2025-07-26,North,Laptop Pro,15,21619.2,15261.74,1
2025-07-26,North,Laptop Air,23,22777.66,16890.58,1
2025-07-26,North,Tablet,31,17479.14,12658.86,1
2025-07-26,North,Smartwatch,45,12515.59,8154.67,2
2025-07-26,North,Headphones,50,6911.59,4026.33,0
2025-07-26,South,Laptop Pro,6,8781.04,6184.69,0
2025-07-26,South,Laptop Air,25,23159.89,17122.11,1
2025-07-26,South,Tablet,21,12226.77,8358.22,1
2025-07-26,South,Smartwatch,26,7413.65,4502.41,0
2025-07-26,South,Headphones,57,8397.02,4576.82,0
2025-07-26,East,Laptop Pro,14,20582.71,15083.45,2
2025-07-26,East,Laptop Air,20,19009.67,14222.55,0
2025-07-26,East,Tablet,27,15571.66,10679.32,2
2025-07-26,East,Smartwatch,38,10520.47,6702.4,2
2025-07-26,East,Headphones,53,7781.8,4243.75,2
2025-07-26,West,Laptop Pro,10,13946.36,10493.02,0
2025-07-26,West,Laptop Air,23,22152.73,16222.46,1
2025-07-26,West,Tablet,29,17212.7,11811.72,0
2025-07-26,West,Smartwatch,24,7062.26,4553.48,0
2025-07-26,West,Headphones,67,9442.42,5487.55,1
2025-07-27,North,Laptop Pro,23,32218.49,24096.58,0
2025-07-27,North,Laptop Air,23,22927.2,16519.41,0
2025-07-27,North,Tablet,23,13347.33,9105.51,1
2025-07-27,North,Smartwatch,44,12678.15,7835.39,0
2025-07-27,North,Headphones,61,8699.8,4973.52,0
2025-07-27,South,Laptop Pro,13,18318.81,13923.47,0
2025-07-27,South,Laptop Air,15,14003.33,10547.38,1
2025-07-27,South,Tablet,25,14671.93,10073.26,0
2025-07-27,South,Smartwatch,28,8324.78,5152.0,1
2025-07-27,South,Headphones,50,7388.11,3971.99,0
2025-07-27,East,Laptop Pro,15,20813.68,15683.37,1
2025-07-27,East,Laptop Air,19,18169.04,13870.42,1
2025-07-27,East,Tablet,21,12379.15,8521.7,0
2025-07-27,East,Smartwatch,43,12088.99,7806.42,1
2025-07-27,East,Headphones,46,6575.97,3698.71,2
2025-07-27,West,Laptop Pro,15,21838.81,15872.41,0
2025-07-27,West,Laptop Air,28,27959.0,20048.02,0
2025-07-27,West,Tablet,15,8436.39,5865.87,1
2025-07-27,West,Smartwatch,36,10180.13,6278.26,2
2025-07-27,West,Headphones,62,9104.99,5019.08,1
2025-07-28,North,Laptop Pro,13,19085.63,13679.54,0
2025-07-28,North,Laptop Air,21,20543.9,15257.75,0
2025-07-28,North,Tablet,24,13627.68,9440.86,2
2025-07-28,North,Smartwatch,33,9667.01,5952.19,1
2025-07-28,North,Headphones,52,7606.33,4166.54,0
2025-07-28,South,Laptop Pro,9,12973.74,9691.73,0
2025-07-28,South,Laptop Air,22,20274.85,16109.84,1
2025-07-28,South,Tablet,21,12136.22,8275.69,1
2025-07-28,South,Smartwatch,31,9019.23,5636.31,3
2025-07-28,South,Headphones,70,10105.18,5516.35,1
2025-07-28,East,Laptop Pro,15,21205.43,14926.91,0
2025-07-28,East,Laptop Air,15,13939.57,11172.81,0
2025-07-28,East,Tablet,16,8839.06,6352.01,0
2025-07-28,East,Smartwatch,26,7496.7,4777.29,0
2025-07-28,East,Headphones,60,8668.7,4736.51,0
2025-07-28,West,Laptop Pro,12,17524.35,12396.55,0
2025-07-28,West,Laptop Air,22,20628.8,15666.84,0
2025-07-28,West,Tablet,22,12507.7,8844.47,1
2025-07-28,West,Smartwatch,27,7864.54,4877.12,0
2025-07-28,West,Headphones,56,8051.54,4524.59,1
2025-07-29,North,Laptop Pro,15,22129.52,15593.64,1
2025-07-29,North,Laptop Air,22,20778.57,15852.81,0
2025-07-29,North,Tablet,20,11757.96,7865.09,0
2025-07-29,North,Smartwatch,45,13122.49,8338.03,2
2025-07-29,North,Headphones,38,5668.94,2960.11,1
2025-07-29,South,Laptop Pro,17,24817.37,17556.56,1
2025-07-29,South,Laptop Air,12,11812.91,8566.83,1
2025-07-29,South,Tablet,26,14682.34,10896.9,2
2025-07-29,South,Smartwatch,29,8216.65,5300.06,1
2025-07-29,South,Headphones,39,5598.15,3066.74,0
2025-07-29,East,Laptop Pro,14,20349.75,14941.72,1
2025-07-29,East,Laptop Air,26,24150.02,18913.13,1
2025-07-29,East,Tablet,17,9478.59,6837.23,0
2025-07-29,East,Smartwatch,26,7423.83,4745.13,0
2025-07-29,East,Headphones,47,6678.92,3764.37,2
2025-07-29,West,Laptop Pro,14,19661.96,14750.21,0
2025-07-29,West,Laptop Air,28,26380.98,19533.86,2
2025-07-29,West,Tablet,34,20032.96,13992.52,4
2025-07-29,West,Smartwatch,32,9213.42,5708.45,0
2025-07-29,West,Headphones,47,6964.34,3666.96,0
2025-07-30,North,Laptop Pro,18,25251.74,18709.37,2
2025-07-30,North,Laptop Air,23,21797.42,16406.31,0
2025-07-30,North,Tablet,20,11060.07,7871.8,1
2025-07-30,North,Smartwatch,32,9495.16,5849.59,0
2025-07-30,North,Headphones,54,7769.42,4404.17,0
2025-07-30,South,Laptop Pro,11,15387.42,11097.42,0
2025-07-30,South,Laptop Air,23,21404.09,16389.51,0
2025-07-30,South,Tablet,27,15094.0,10704.29,2
2025-07-30,South,Smartwatch,27,7969.1,4843.27,0
2025-07-30,South,Headphones,53,7325.24,4384.7,0
2025-07-30,East,Laptop Pro,12,16586.87,12394.98,1
2025-07-30,East,Laptop Air,17,15682.08,12622.48,2
2025-07-30,East,Tablet,16,9128.75,6381.29,0
2025-07-30,East,Smartwatch,32,8961.07,5941.06,1
2025-07-30,East,Headphones,52,7752.56,4134.13,0
2025-07-30,West,Laptop Pro,10,14693.45,10410.1,1
2025-07-30,West,Laptop Air,23,22830.73,16552.5,1
2025-07-30,West,Tablet,31,17847.73,12720.48,2
2025-07-30,West,Smartwatch,32,8859.09,5778.24,1
2025-07-30,West,Headphones,47,6683.87,3775.74,3
2025-07-31,North,Laptop Pro,22,31782.29,23394.15,0
2025-07-31,North,Laptop Air,17,15921.74,12024.64,1
2025-07-31,North,Tablet,33,18928.27,13288.89,1
2025-07-31,North,Smartwatch,36,10404.59,6398.59,0
2025-07-31,North,Headphones,48,6837.51,3952.99,2
2025-07-31,South,Laptop Pro,11,15662.13,11646.71,1
2025-07-31,South,Laptop Air,26,24665.59,18979.36,2
2025-07-31,South,Tablet,23,12913.89,8824.76,0
2025-07-31,South,Smartwatch,26,7511.45,4746.15,1
2025-07-31,South,Headphones,55,7976.09,4384.38,0
2025-07-31,East,Laptop Pro,8,11463.68,8158.56,2
2025-07-31,East,Laptop Air,20,18552.39,14427.35,0
2025-07-31,East,Tablet,23,13333.03,8920.64,1
2025-07-31,East,Smartwatch,32,8948.93,5830.39,0
2025-07-31,East,Headphones,45,6416.73,3703.25,1
2025-07-31,West,Laptop Pro,11,16483.64,11136.38,0
2025-07-31,West,Laptop Air,23,22123.79,16550.07,2
2025-07-31,West,Tablet,30,17696.83,11960.43,2
2025-07-31,West,Smartwatch,30,8891.74,5185.13,0
2025-07-31,West,Headphones,54,7948.08,4399.19,2
2025-08-01,North,Laptop Pro,13,18388.63,13820.82,1
2025-08-01,North,Laptop Air,15,14247.14,11237.64,0
2025-08-01,North,Tablet,21,12058.85,8483.36,0
2025-08-01,North,Smartwatch,31,8931.52,5481.9,0
2025-08-01,North,Headphones,45,6539.84,3637.03,0
2025-08-01,South,Laptop Pro,8,11026.93,8615.85,0
2025-08-01,South,Laptop Air,16,14806.46,11412.89,0
2025-08-01,South,Tablet,33,18589.13,13425.04,1
2025-08-01,South,Smartwatch,31,9085.56,5317.19,2
2025-08-01,South,Headphones,36,5005.21,2964.96,0
2025-08-01,East,Laptop Pro,12,16820.45,12801.7,1
2025-08-01,East,Laptop Air,21,20791.64,14350.58,1
2025-08-01,East,Tablet,28,16340.79,11285.71,1
2025-08-01,East,Smartwatch,20,5842.75,3456.97,0
2025-08-01,East,Headphones,51,7203.21,4030.14,0
2025-08-01,West,Laptop Pro,13,18682.72,13835.33,1
2025-08-01,West,Laptop Air,24,23487.58,17232.99,1
2025-08-01,West,Tablet,18,10600.59,7380.95,1
2025-08-01,West,Smartwatch,27,7803.54,4866.2,0
2025-08-01,West,Headphones,53,7526.45,4236.82,1
2025-08-02,North,Laptop Pro,20,28779.06,21461.37,0
2025-08-02,North,Laptop Air,23,22519.7,16448.19,1
2025-08-02,North,Tablet,30,17107.22,11993.96,1
2025-08-02,North,Smartwatch,39,10765.02,7034.98,0
2025-08-02,North,Headphones,49,7246.12,3914.71,0
2025-08-02,South,Laptop Pro,15,21312.82,16115.47,0
2025-08-02,South,Laptop Air,21,20368.9,14918.36,0
2025-08-02,South,Tablet,21,12379.84,8260.51,0
2025-08-02,South,Smartwatch,32,8927.62,5637.69,0
2025-08-02,South,Headphones,56,7756.38,4288.09,1
2025-08-02,East,Laptop Pro,16,23327.62,17298.54,1
2025-08-02,East,Laptop Air,20,19444.34,14140.57,1
2025-08-02,East,Tablet,23,13698.69,9156.1,0
2025-08-02,East,Smartwatch,30,8555.22,5568.26,0
2025-08-02,East,Headphones,54,8082.8,4307.74,2
2025-08-02,West,Laptop Pro,16,23047.28,16972.84,0
2025-08-02,West,Laptop Air,27,26669.92,18887.67,0
2025-08-02,West,Tablet,36,20438.23,14802.73,1
2025-08-02,West,Smartwatch,30,8331.18,5386.87,3
2025-08-02,West,Headphones,48,7148.86,3761.79,0
2025-08-03,North,Laptop Pro,17,23913.41,17486.21,2
2025-08-03,North,Laptop Air,19,17737.54,14142.38,0
2025-08-03,North,Tablet,33,19520.89,13045.25,0
2025-08-03,North,Smartwatch,37,10280.69,6527.25,0
2025-08-03,North,Headphones,48,6842.35,3806.74,2
2025-08-03,South,Laptop Pro,17,24132.83,17866.2,1
2025-08-03,South,Laptop Air,24,22710.89,17332.47,1
2025-08-03,South,Tablet,24,14068.1,9685.32,3
2025-08-03,South,Smartwatch,30,8981.7,5425.35,1
2025-08-03,South,Headphones,56,8102.94,4537.98,0
2025-08-03,East,Laptop Pro,20,28215.97,20885.45,1
2025-08-03,East,Laptop Air,14,12971.11,10497.75,0
2025-08-03,East,Tablet,19,11007.75,7525.76,1
2025-08-03,East,Smartwatch,24,7048.14,4436.85,1
2025-08-03,East,Headphones,52,7718.07,4110.16,1
2025-08-03,West,Laptop Pro,15,20816.11,15300.25,0
2025-08-03,West,Laptop Air,19,18648.96,13223.88,1
2025-08-03,West,Tablet,25,13906.71,10060.79,0
2025-08-03,West,Smartwatch,33,9754.47,6078.04,0
2025-08-03,West,Headphones,44,6590.43,3438.97,1
2025-08-04,North,Laptop Pro,17,25042.59,17536.73,0
2025-08-04,North,Laptop Air,17,16329.81,12334.52,0
2025-08-04,North,Tablet,38,22163.96,15199.23,1
2025-08-04,North,Smartwatch,29,8068.23,5158.86,0
2025-08-04,North,Headphones,47,6742.57,3663.8,1
2025-08-04,South,Laptop Pro,13,19098.9,13734.38,4
2025-08-04,South,Laptop Air,20,18999.47,14588.04,0
2025-08-04,South,Tablet,27,15695.92,10906.22,0
2025-08-04,South,Smartwatch,28,7943.75,5042.67,2
2025-08-04,South,Headphones,43,6044.33,3367.37,0
2025-08-04,East,Laptop Pro,10,13817.34,10566.06,1
2025-08-04,East,Laptop Air,12,11446.42,8681.44,1
2025-08-04,East,Tablet,26,15142.3,10126.85,1
2025-08-04,East,Smartwatch,26,7529.43,4651.7,0
2025-08-04,East,Headphones,49,7113.26,3948.73,0
2025-08-04,West,Laptop Pro,17,24580.9,17822.07,1
2025-08-04,West,Laptop Air,19,18954.31,13143.6,0
2025-08-04,West,Tablet,26,15291.33,10266.81,1
2025-08-04,West,Smartwatch,42,11604.34,7453.12,2
2025-08-04,West,Headphones,53,7359.78,4287.43,1
2025-08-05,North,Laptop Pro,16,23907.29,17673.06,0
2025-08-05,North,Laptop Air,19,17511.04,13716.65,1
2025-08-05,North,Tablet,22,12363.7,8589.16,1
2025-08-05,North,Smartwatch,36,10797.63,6459.2,0
2025-08-05,North,Headphones,31,4310.19,2480.53,2
2025-08-05,South,Laptop Pro,11,15042.97,11724.77,0
2025-08-05,South,Laptop Air,23,21843.09,16971.39,3
2025-08-05,South,Tablet,19,10681.04,7811.43,0
2025-08-05,South,Smartwatch,28,8176.54,5094.15,0
2025-08-05,South,Headphones,57,8158.53,4559.93,2
2025-08-05,East,Laptop Pro,12,16946.57,12973.82,0
2025-08-05,East,Laptop Air,16,15281.59,11439.94,0
2025-08-05,East,Tablet,19,11122.2,7608.28,0
2025-08-05,East,Smartwatch,37,10523.51,6627.57,2
2025-08-05,East,Headphones,41,5737.5,3140.19,0
2025-08-05,West,Laptop Pro,9,12597.11,9690.36,0
2025-08-05,West,Laptop Air,19,18799.1,13864.82,1
2025-08-05,West,Tablet,20,11572.4,7620.8,0
2025-08-05,West,Smartwatch,36,10766.53,6609.83,0
2025-08-05,West,Headphones,54,7689.97,4293.78,0
2025-08-06,North,Laptop Pro,16,23535.05,17132.15,2
2025-08-06,North,Laptop Air,29,26841.58,20911.65,2
2025-08-06,North,Tablet,24,13687.77,9339.39,2
2025-08-06,North,Smartwatch,41,11905.79,7383.89,2
2025-08-06,North,Headphones,53,7484.79,4163.81,2
2025-08-06,South,Laptop Pro,13,18946.31,13316.15,3
2025-08-06,South,Laptop Air,16,15882.97,11719.76,0
2025-08-06,South,Tablet,23,13703.53,9272.04,2
2025-08-06,South,Smartwatch,39,11154.49,7230.26,0
2025-08-06,South,Headphones,41,5712.68,3254.13,0
2025-08-06,East,Laptop Pro,14,20625.77,14416.91,0
2025-08-06,East,Laptop Air,17,15966.33,12396.38,0
2025-08-06,East,Tablet,26,15553.05,10226.59,0
2025-08-06,East,Smartwatch,28,8162.56,5008.73,1
2025-08-06,East,Headphones,48,6823.46,3880.33,1
2025-08-06,West,Laptop Pro,13,18211.05,13615.62,1
2025-08-06,West,Laptop Air,19,17566.35,13546.28,0
2025-08-06,West,Tablet,23,13101.64,8941.91,0
2025-08-06,West,Smartwatch,31,8955.77,5684.56,1
2025-08-06,West,Headphones,65,9702.7,5161.68,2
2025-08-07,North,Laptop Pro,10,14669.22,10629.8,1
2025-08-07,North,Laptop Air,21,19449.17,15266.96,0
2025-08-07,North,Tablet,27,15444.57,11035.72,0
2025-08-07,North,Smartwatch,36,10503.93,6449.47,3
2025-08-07,North,Headphones,64,9408.91,5084.39,0
2025-08-07,South,Laptop Pro,12,17617.97,12320.72,1
2025-08-07,South,Laptop Air,18,16917.69,12819.34,0
2025-08-07,South,Tablet,23,13344.74,9262.77,0
2025-08-07,South,Smartwatch,28,7770.64,4957.64,1
2025-08-07,South,Headphones,38,5492.8,3059.2,0
2025-08-07,East,Laptop Pro,14,19625.13,15131.38,0
2025-08-07,East,Laptop Air,15,14843.71,10703.83,1
2025-08-07,East,Tablet,24,14226.15,9347.64,0
2025-08-07,East,Smartwatch,31,9096.73,5533.86,0
2025-08-07,East,Headphones,42,6203.62,3264.4,1
2025-08-07,West,Laptop Pro,17,23507.45,18326.32,0
2025-08-07,West,Laptop Air,23,21513.02,16588.1,1
2025-08-07,West,Tablet,29,16915.01,11431.0,0
2025-08-07,West,Smartwatch,30,8625.73,5339.54,0
2025-08-07,West,Headphones,51,7323.65,3983.54,0
2025-08-08,North,Laptop Pro,16,22834.16,17139.74,2
2025-08-08,North,Laptop Air,21,20825.92,15675.57,0
2025-08-08,North,Tablet,19,11081.73,7372.9,2
2025-08-08,North,Smartwatch,33,9831.94,6063.94,0
2025-08-08,North,Headphones,46,6392.68,3661.91,0
2025-08-08,South,Laptop Pro,10,14328.97,10766.17,1
2025-08-08,South,Laptop Air,19,17894.93,13178.26,0
2025-08-08,South,Tablet,23,12783.41,9241.47,1
2025-08-08,South,Smartwatch,46,13458.38,8212.45,3
2025-08-08,South,Headphones,51,7596.24,4133.78,2
2025-08-08,East,Laptop Pro,13,18975.5,13666.69,0
2025-08-08,East,Laptop Air,24,22711.7,17287.69,1
2025-08-08,East,Tablet,20,11520.19,7983.04,0
2025-08-08,East,Smartwatch,23,6858.63,4269.36,1
2025-08-08,East,Headphones,54,8054.51,4304.88,0
2025-08-08,West,Laptop Pro,11,15576.58,11749.65,0
2025-08-08,West,Laptop Air,16,15057.22,11664.81,0
2025-08-08,West,Tablet,34,20221.28,13841.76,0
2025-08-08,West,Smartwatch,32,8989.66,5643.1,1
2025-08-08,West,Headphones,44,6417.54,3569.78,0
2025-08-09,North,Laptop Pro,12,17901.78,12684.89,0
2025-08-09,North,Laptop Air,30,29198.73,21086.15,1
2025-08-09,North,Tablet,27,15253.3,10754.12,1
2025-08-09,North,Smartwatch,55,15634.37,10354.27,4
2025-08-09,North,Headphones,67,9662.9,5318.0,0
2025-08-09,South,Laptop Pro,20,28945.23,20845.59,0
2025-08-09,South,Laptop Air,13,12565.35,9444.37,0
2025-08-09,South,Tablet,20,11633.65,7913.46,0
2025-08-09,South,Smartwatch,37,10753.66,6678.71,0
2025-08-09,South,Headphones,44,6341.44,3488.4,1
2025-08-09,East,Laptop Pro,16,23125.86,16935.2,0
2025-08-09,East,Laptop Air,26,25786.86,18696.83,2
2025-08-09,East,Tablet,25,14651.8,10390.4,1
2025-08-09,East,Smartwatch,36,10688.45,6485.96,1
2025-08-09,East,Headphones,41,5853.77,3265.4,0
2025-08-09,West,Laptop Pro,19,27535.98,20360.75,0
2025-08-09,West,Laptop Air,24,22709.9,16799.24,0
2025-08-09,West,Tablet,33,19661.24,13646.61,1
2025-08-09,West,Smartwatch,42,12252.33,7410.54,1
2025-08-09,West,Headphones,53,7835.3,4341.12,0
2025-08-10,North,Laptop Pro,14,20845.29,15128.24,0
2025-08-10,North,Laptop Air,16,15009.99,11398.85,2
2025-08-10,North,Tablet,30,17811.45,11896.87,0
2025-08-10,North,Smartwatch,31,9169.86,5567.82,0
2025-08-10,North,Headphones,56,8153.53,4535.69,1
2025-08-10,South,Laptop Pro,17,24568.34,17493.69,0
2025-08-10,South,Laptop Air,23,21307.53,16523.82,0
2025-08-10,South,Tablet,36,19891.62,14309.73,1
2025-08-10,South,Smartwatch,31,8985.73,5451.51,1
2025-08-10,South,Headphones,39,5755.87,3054.79,1
2025-08-10,East,Laptop Pro,10,14402.27,10526.93,0
2025-08-10,East,Laptop Air,19,18246.58,13710.24,0
2025-08-10,East,Tablet,21,12130.23,8271.65,1
2025-08-10,East,Smartwatch,37,11081.94,6670.56,0
2025-08-10,East,Headphones,41,6086.84,3237.56,0
2025-08-10,West,Laptop Pro,9,13347.71,9697.04,0
2025-08-10,West,Laptop Air,15,14577.89,10777.76,1
2025-08-10,West,Tablet,20,11442.44,8175.61,0
2025-08-10,West,Smartwatch,31,8646.88,5391.1,2
2025-08-10,West,Headphones,47,6924.03,3784.27,0
2025-08-11,North,Laptop Pro,10,14074.56,10625.18,2
2025-08-11,North,Laptop Air,16,15710.45,11488.23,0
2025-08-11,North,Tablet,31,18551.47,12266.36,1
2025-08-11,North,Smartwatch,39,11091.73,6998.39,1
2025-08-11,North,Headphones,39,5749.55,3166.33,2
2025-08-11,South,Laptop Pro,11,15064.25,11270.37,0
2025-08-11,South,Laptop Air,17,15730.55,12411.48,1
2025-08-11,South,Tablet,31,18443.71,12478.95,1
2025-08-11,South,Smartwatch,26,7678.5,4655.59,1
2025-08-11,South,Headphones,48,7078.8,3823.25,0
2025-08-11,East,Laptop Pro,5,6953.14,5256.5,0
2025-08-11,East,Laptop Air,26,25837.71,19340.99,4
2025-08-11,East,Tablet,18,10150.99,7250.11,2
2025-08-11,East,Smartwatch,28,8206.66,4944.98,0
2025-08-11,East,Headphones,48,6864.52,3806.57,0
2025-08-11,West,Laptop Pro,15,22180.89,15389.46,0
2025-08-11,West,Laptop Air,15,14032.16,10391.81,0
2025-08-11,West,Tablet,28,15898.48,10939.68,0
2025-08-11,West,Smartwatch,36,10781.73,6495.56,2
2025-08-11,West,Headphones,40,5886.18,3281.53,0
2025-08-12,North,Laptop Pro,14,20216.53,14992.76,1
2025-08-12,North,Laptop Air,25,23937.65,17584.11,3
2025-08-12,North,Tablet,27,15127.86,10627.71,0
2025-08-12,North,Smartwatch,31,9012.1,5475.24,1
2025-08-12,North,Headphones,43,5971.75,3262.39,1
2025-08-12,South,Laptop Pro,15,21841.17,15697.19,0
2025-08-12,South,Laptop Air,19,17696.28,13899.77,1
2025-08-12,South,Tablet,21,11688.47,8357.6,1
2025-08-12,South,Smartwatch,21,5984.15,3684.15,0
2025-08-12,South,Headphones,35,4843.64,2752.67,2
2025-08-12,East,Laptop Pro,10,14507.3,10430.94,0
2025-08-12,East,Laptop Air,20,18881.15,14621.82,0
2025-08-12,East,Tablet,25,14987.88,9963.44,3
2025-08-12,East,Smartwatch,29,8508.82,5286.28,0
2025-08-12,East,Headphones,50,7160.18,3993.49,0
2025-08-12,West,Laptop Pro,17,23713.1,17934.53,0
2025-08-12,West,Laptop Air,20,18475.32,14129.23,0
2025-08-12,West,Tablet,29,16593.43,11440.88,1
2025-08-12,West,Smartwatch,28,7824.86,4913.41,1
2025-08-12,West,Headphones,44,6178.01,3562.36,0
2025-08-13,North,Laptop Pro,13,18293.07,13570.51,0
2025-08-13,North,Laptop Air,17,16848.42,11359.3,0
2025-08-13,North,Tablet,25,14425.63,10096.23,0
2025-08-13,North,Smartwatch,29,8361.56,5321.7,2
2025-08-13,North,Headphones,52,7308.63,4092.47,2
2025-08-13,South,Laptop Pro,11,15493.72,11660.95,1
2025-08-13,South,Laptop Air,19,17753.82,13622.62,0
2025-08-13,South,Tablet,13,7203.17,4979.75,0
2025-08-13,South,Smartwatch,31,8887.33,5797.95,2
2025-08-13,South,Headphones,31,4355.48,2469.9,2
2025-08-13,East,Laptop Pro,10,14327.33,10542.3,1
2025-08-13,East,Laptop Air,28,26598.43,19908.16,1
2025-08-13,East,Tablet,13,7502.97,5169.26,0
2025-08-13,East,Smartwatch,23,6370.3,4153.39,0
2025-08-13,East,Headphones,43,6028.13,3368.27,0
2025-08-13,West,Laptop Pro,7,9868.37,7599.01,0
2025-08-13,West,Laptop Air,20,19472.67,14641.39,0
2025-08-13,West,Tablet,30,17301.0,12124.04,1
2025-08-13,West,Smartwatch,32,8937.29,5743.67,1
2025-08-13,West,Headphones,57,7909.51,4490.58,1
2025-08-14,North,Laptop Pro,9,12422.65,9644.69,0
2025-08-14,North,Laptop Air,21,19766.16,15304.67,0
2025-08-14,North,Tablet,29,16382.67,11507.33,1
2025-08-14,North,Smartwatch,40,11909.88,7043.83,3
2025-08-14,North,Headphones,46,6485.15,3564.01,1
2025-08-14,South,Laptop Pro,10,14367.52,10506.0,2
2025-08-14,South,Laptop Air,19,17685.77,13611.89,0
2025-08-14,South,Tablet,15,8991.9,6142.27,0
2025-08-14,South,Smartwatch,28,7772.09,5140.01,0
2025-08-14,South,Headphones,50,7209.67,4003.11,1
2025-08-14,East,Laptop Pro,10,14846.45,10482.96,1
2025-08-14,East,Laptop Air,18,17134.56,12661.38,0
2025-08-14,East,Tablet,16,9068.52,6535.81,1
2025-08-14,East,Smartwatch,33,9282.4,5933.26,2
2025-08-14,East,Headphones,43,6087.85,3481.64,2
2025-08-14,West,Laptop Pro,8,11468.76,8597.7,0
2025-08-14,West,Laptop Air,16,15895.11,11389.68,0
2025-08-14,West,Tablet,24,13405.94,9441.04,2
2025-08-14,West,Smartwatch,35,9673.94,6611.06,1
2025-08-14,West,Headphones,46,6470.54,3723.75,3
2025-08-15,North,Laptop Pro,16,23933.3,16706.39,0
2025-08-15,North,Laptop Air,24,22549.06,17708.51,1
2025-08-15,North,Tablet,14,8218.8,5565.48,1
2025-08-15,North,Smartwatch,20,5538.19,3623.43,1
2025-08-15,North,Headphones,51,7611.13,4033.63,1
2025-08-15,South,Laptop Pro,7,10267.58,7347.51,0
2025-08-15,South,Laptop Air,23,22666.28,16469.23,1
2025-08-15,South,Tablet,29,16351.6,11425.56,1
2025-08-15,South,Smartwatch,32,9099.72,5787.98,0
2025-08-15,South,Headphones,38,5368.38,3001.17,0
2025-08-15,East,Laptop Pro,13,18947.94,13807.24,1
2025-08-15,East,Laptop Air,13,12085.24,9302.99,0
2025-08-15,East,Tablet,13,7521.54,5021.11,0
2025-08-15,East,Smartwatch,38,11277.69,6924.93,1
2025-08-15,East,Headphones,47,6617.14,3807.95,3
2025-08-15,West,Laptop Pro,15,21546.83,16459.87,1
2025-08-15,West,Laptop Air,19,18098.02,13684.85,0
2025-08-15,West,Tablet,22,12793.31,8832.26,0
2025-08-15,West,Smartwatch,26,7356.51,4724.8,0
2025-08-15,West,Headphones,42,6282.07,3428.52,0
2025-08-16,North,Laptop Pro,13,18733.77,13911.32,1
2025-08-16,North,Laptop Air,26,25111.51,18839.35,0
2025-08-16,North,Tablet,35,19745.92,13990.77,0
2025-08-16,North,Smartwatch,45,13212.86,8236.51,2
2025-08-16,North,Headphones,64,9420.51,5112.36,0
2025-08-16,South,Laptop Pro,8,11511.98,8183.42,0
2025-08-16,South,Laptop Air,22,21154.24,15364.41,1
2025-08-16,South,Tablet,27,15928.0,10736.65,0
2025-08-16,South,Smartwatch,34,9641.69,6134.68,0
2025-08-16,South,Headphones,42,6132.87,3526.12,3
2025-08-16,East,Laptop Pro,17,24640.08,17807.15,1
2025-08-16,East,Laptop Air,29,27706.38,20899.46,2
2025-08-16,East,Tablet,28,16293.48,11109.43,1
2025-08-16,East,Smartwatch,37,10477.31,6742.42,0
2025-08-16,East,Headphones,52,7390.53,4183.32,2
2025-08-16,West,Laptop Pro,8,11273.44,8292.76,0
2025-08-16,West,Laptop Air,27,25870.31,19046.74,0
2025-08-16,West,Tablet,20,11647.28,7935.62,0
2025-08-16,West,Smartwatch,40,11806.92,7078.55,1
2025-08-16,West,Headphones,55,7961.66,4379.66,0
2025-08-17,North,Laptop Pro,13,18138.1,13688.62,0
2025-08-17,North,Laptop Air,20,19806.36,14255.66,0
2025-08-17,North,Tablet,24,14151.86,9879.26,0
2025-08-17,North,Smartwatch,34,9657.16,6261.91,0
2025-08-17,North,Headphones,64,9158.44,5096.49,1
2025-08-17,South,Laptop Pro,13,17770.26,13386.78,0
2025-08-17,South,Laptop Air,18,17958.19,12952.28,1
2025-08-17,South,Tablet,28,15619.27,11170.05,0
2025-08-17,South,Smartwatch,28,7912.47,5033.67,0
2025-08-17,South,Headphones,61,8582.32,4841.15,1
2025-08-17,East,Laptop Pro,13,18909.28,13363.51,1
2025-08-17,East,Laptop Air,22,21459.11,15851.05,0
2025-08-17,East,Tablet,23,13784.13,9135.44,1
2025-08-17,East,Smartwatch,31,8714.17,5550.77,1
2025-08-17,East,Headphones,31,4589.9,2484.66,0
2025-08-17,West,Laptop Pro,6,8837.19,6291.26,0
2025-08-17,West,Laptop Air,23,22491.13,16583.92,1
2025-08-17,West,Tablet,19,10606.86,7539.63,1
2025-08-17,West,Smartwatch,32,9378.89,5801.49,0
2025-08-17,West,Headphones,48,6954.81,3784.87,3
2025-08-18,North,Laptop Pro,8,11282.55,8217.23,0
2025-08-18,North,Laptop Air,23,21358.22,16265.24,1
2025-08-18,North,Tablet,26,14612.6,10259.25,0
2025-08-18,North,Smartwatch,35,10050.25,6137.74,1
2025-08-18,North,Headphones,51,7648.67,3941.88,0
2025-08-18,South,Laptop Pro,15,21861.79,15908.59,1
2025-08-18,South,Laptop Air,18,17634.81,13290.28,0
2025-08-18,South,Tablet,28,16243.9,11324.93,1
2025-08-18,South,Smartwatch,32,9321.84,5704.35,1
2025-08-18,South,Headphones,40,5753.08,3090.15,2
2025-08-18,East,Laptop Pro,9,13055.01,9486.28,0
2025-08-18,East,Laptop Air,17,16012.55,11846.53,2
2025-08-18,East,Tablet,28,16729.8,11180.59,2
2025-08-18,East,Smartwatch,38,10492.81,6730.62,2
2025-08-18,East,Headphones,33,4616.15,2519.58,1
2025-08-18,West,Laptop Pro,16,23356.86,17297.46,0
2025-08-18,West,Laptop Air,21,20333.37,14740.24,2
2025-08-18,West,Tablet,17,9413.62,6751.61,1
2025-08-18,West,Smartwatch,33,9158.84,5924.68,1
2025-08-18,West,Headphones,57,8281.07,4517.09,0
2025-08-19,North,Laptop Pro,13,19407.0,13776.83,0
2025-08-19,North,Laptop Air,19,17498.29,13477.27,0
2025-08-19,North,Tablet,26,14784.12,10479.44,1
2025-08-19,North,Smartwatch,30,8501.04,5434.4,0
2025-08-19,North,Headphones,53,7775.36,4123.17,2
2025-08-19,South,Laptop Pro,12,16531.89,12659.43,0
2025-08-19,South,Laptop Air,21,20063.43,14801.28,0
2025-08-19,South,Tablet,28,16167.99,10938.9,0
2025-08-19,South,Smartwatch,29,8184.12,5250.33,0
2025-08-19,South,Headphones,37,5384.88,2935.83,0
2025-08-19,East,Laptop Pro,11,15933.19,11636.15,1
2025-08-19,East,Laptop Air,17,16112.84,12333.45,3
2025-08-19,East,Tablet,19,10816.7,7382.94,0
2025-08-19,East,Smartwatch,35,9684.2,6393.32,0
2025-08-19,East,Headphones,41,5873.08,3298.7,1
2025-08-19,West,Laptop Pro,15,21922.23,15565.21,0
2025-08-19,West,Laptop Air,20,19540.1,14360.87,1
2025-08-19,West,Tablet,21,12061.71,8529.22,1
2025-08-19,West,Smartwatch,38,11290.96,6796.28,2
2025-08-19,West,Headphones,39,5574.77,3251.99,0
2025-08-20,North,Laptop Pro,13,18891.2,14056.96,2
2025-08-20,North,Laptop Air,28,27211.53,20207.09,3
2025-08-20,North,Tablet,24,14178.27,9556.23,0
2025-08-20,North,Smartwatch,32,9219.52,5738.73,1
2025-08-20,North,Headphones,56,8374.71,4426.18,1
2025-08-20,South,Laptop Pro,14,19635.67,14736.82,0
2025-08-20,South,Laptop Air,14,13680.19,10218.61,2
2025-08-20,South,Tablet,24,13357.36,9340.9,0
2025-08-20,South,Smartwatch,21,6034.71,3828.59,0
2025-08-20,South,Headphones,34,4781.52,2770.79,0
2025-08-20,East,Laptop Pro,9,12580.72,9558.14,0
2025-08-20,East,Laptop Air,23,21382.67,16516.96,2
2025-08-20,East,Tablet,19,10605.98,7680.66,1
2025-08-20,East,Smartwatch,26,7659.31,4801.61,1
2025-08-20,East,Headphones,51,7464.37,4075.25,0
2025-08-20,West,Laptop Pro,13,18395.62,13656.45,1
2025-08-20,West,Laptop Air,24,22967.77,18017.01,0
2025-08-20,West,Tablet,21,11985.79,8451.62,0
2025-08-20,West,Smartwatch,36,10214.44,6349.45,1
2025-08-20,West,Headphones,43,6391.05,3500.06,3
2025-08-21,North,Laptop Pro,13,19237.44,13759.73,1
2025-08-21,North,Laptop Air,24,22775.35,17053.49,1
2025-08-21,North,Tablet,29,16529.48,11343.88,1
2025-08-21,North,Smartwatch,33,9252.59,5968.35,0
2025-08-21,North,Headphones,53,7508.75,4234.9,1
2025-08-21,South,Laptop Pro,11,15949.97,11262.58,1
2025-08-21,South,Laptop Air,16,15910.31,11499.62,1
2025-08-21,South,Tablet,21,12205.85,8374.56,1
2025-08-21,South,Smartwatch,31,9023.77,5573.03,0
2025-08-21,South,Headphones,39,5490.85,3150.68,0
2025-08-21,East,Laptop Pro,10,14194.22,10130.0,0
2025-08-21,East,Laptop Air,21,19534.7,14783.69,1
2025-08-21,East,Tablet,19,10940.11,7525.98,2
2025-08-21,East,Smartwatch,33,9671.35,6097.55,1
2025-08-21,East,Headphones,48,6909.55,4021.85,1
2025-08-21,West,Laptop Pro,13,19163.82,13651.32,1
2025-08-21,West,Laptop Air,19,18907.99,13692.46,0
2025-08-21,West,Tablet,24,13824.37,9130.87,0
2025-08-21,West,Smartwatch,33,9572.42,6047.45,0
2025-08-21,West,Headphones,47,7031.82,3793.81,3
2025-08-22,North,Laptop Pro,10,14134.47,10559.46,0
2025-08-22,North,Laptop Air,22,20865.94,15445.2,1
2025-08-22,North,Tablet,20,11929.15,8316.78,0
2025-08-22,North,Smartwatch,28,7922.86,5193.27,1
2025-08-22,North,Headphones,47,7003.29,3782.14,0
2025-08-22,South,Laptop Pro,12,16947.69,12849.98,3
2025-08-22,South,Laptop Air,17,16153.74,12252.51,0
2025-08-22,South,Tablet,17,9792.83,6911.67,2
2025-08-22,South,Smartwatch,22,6205.37,3856.47,1
2025-08-22,South,Headphones,45,6541.79,3436.29,1
2025-08-22,East,Laptop Pro,11,16218.9,11256.75,1
2025-08-22,East,Laptop Air,19,18260.66,13459.35,1
2025-08-22,East,Tablet,14,8170.02,5527.92,0
2025-08-22,East,Smartwatch,26,7705.6,4721.94,1
2025-08-22,East,Headphones,34,4907.8,2706.0,1
2025-08-22,West,Laptop Pro,14,20661.6,14691.57,1
2025-08-22,West,Laptop Air,9,8661.39,6326.47,1
2025-08-22,West,Tablet,23,13145.85,8966.11,1
2025-08-22,West,Smartwatch,36,10124.18,6485.33,0
2025-08-22,West,Headphones,58,8106.2,4589.69,1
2025-08-23,North,Laptop Pro,25,35495.51,26252.4,0
2025-08-23,North,Laptop Air,21,19498.85,15284.63,1
2025-08-23,North,Tablet,29,16623.56,11980.36,0
2025-08-23,North,Smartwatch,36,10186.19,6477.35,0
2025-08-23,North,Headphones,52,7319.29,4310.87,2
2025-08-23,South,Laptop Pro,9,12374.58,9526.79,0
2025-08-23,South,Laptop Air,25,23496.3,18248.22,0
2025-08-23,South,Tablet,26,14473.79,10619.04,2
2025-08-23,South,Smartwatch,36,10391.45,6573.28,1
2025-08-23,South,Headphones,67,9283.4,5274.06,2
2025-08-23,East,Laptop Pro,11,15971.62,11800.19,0
2025-08-23,East,Laptop Air,18,17898.93,12863.04,1
2025-08-23,East,Tablet,15,8868.88,6036.2,2
2025-08-23,East,Smartwatch,43,12323.87,7760.57,0
2025-08-23,East,Headphones,51,7641.07,4173.36,0
2025-08-23,West,Laptop Pro,13,19254.47,13757.31,0
2025-08-23,West,Laptop Air,19,18431.4,13300.75,2
2025-08-23,West,Tablet,22,12540.74,9168.13,0
2025-08-23,West,Smartwatch,22,6512.59,4026.13,0
2025-08-23,West,Headphones,55,7870.59,4351.56,1
2025-08-24,North,Laptop Pro,17,24147.18,17443.98,2
2025-08-24,North,Laptop Air,24,22533.77,17608.07,0
2025-08-24,North,Tablet,32,18185.5,12539.12,1
2025-08-24,North,Smartwatch,42,12347.92,7681.07,3
2025-08-24,North,Headphones,60,8281.9,4902.63,0
2025-08-24,South,Laptop Pro,13,17769.09,13472.61,1
2025-08-24,South,Laptop Air,20,19402.37,14187.17,0
2025-08-24,South,Tablet,19,11373.38,7528.53,0
2025-08-24,South,Smartwatch,38,10917.82,6704.72,0
2025-08-24,South,Headphones,54,7539.36,4339.83,0
2025-08-24,East,Laptop Pro,15,21020.5,15867.27,0
2025-08-24,East,Laptop Air,21,19492.1,15339.99,1
2025-08-24,East,Tablet,19,10515.8,7473.33,0
2025-08-24,East,Smartwatch,48,13578.59,8785.14,1
2025-08-24,East,Headphones,48,7106.46,3764.15,1
2025-08-24,West,Laptop Pro,16,23930.09,17082.04,2
2025-08-24,West,Laptop Air,11,10866.76,7684.51,0
2025-08-24,West,Tablet,31,18300.76,12788.8,0
2025-08-24,West,Smartwatch,41,12239.59,7303.02,0
2025-08-24,West,Headphones,58,8384.4,4695.6,2
2025-08-25,North,Laptop Pro,13,18277.15,13835.22,1
2025-08-25,North,Laptop Air,17,16994.22,11929.22,0
2025-08-25,North,Tablet,18,10105.67,7320.26,0
2025-08-25,North,Smartwatch,35,9722.74,6230.61,1
2025-08-25,North,Headphones,46,6816.1,3657.47,1
2025-08-25,South,Laptop Pro,12,17644.67,12431.1,0
2025-08-25,South,Laptop Air,9,8654.86,6689.15,0
2025-08-25,South,Tablet,18,10049.59,7031.52,0
2025-08-25,South,Smartwatch,38,10728.01,6898.86,1
2025-08-25,South,Headphones,41,6132.93,3239.09,3
2025-08-25,East,Laptop Pro,12,17030.5,12874.95,0
2025-08-25,East,Laptop Air,22,20560.77,16575.41,2
2025-08-25,East,Tablet,23,13500.76,9084.02,0
2025-08-25,East,Smartwatch,34,9666.81,6137.14,1
2025-08-25,East,Headphones,38,5474.76,3016.58,2
2025-08-25,West,Laptop Pro,14,20654.54,15005.19,0
2025-08-25,West,Laptop Air,18,16701.83,12895.54,0
2025-08-25,West,Tablet,11,6482.25,4479.69,0
2025-08-25,West,Smartwatch,35,9794.0,6249.89,2
2025-08-25,West,Headphones,57,8070.07,4764.63,1
2025-08-26,North,Laptop Pro,22,32416.8,22087.52,0
2025-08-26,North,Laptop Air,14,13203.32,10155.98,0
2025-08-26,North,Tablet,19,11376.28,7598.4,0
2025-08-26,North,Smartwatch,40,11773.18,7193.27,0
2025-08-26,North,Headphones,43,6302.73,3459.64,2
2025-08-26,South,Laptop Pro,11,15023.32,11563.5,0
2025-08-26,South,Laptop Air,19,17608.61,13739.93,0
2025-08-26,South,Tablet,21,12326.84,8468.56,0
2025-08-26,South,Smartwatch,33,9524.07,6147.78,2
2025-08-26,South,Headphones,50,6911.03,3778.75,0
2025-08-26,East,Laptop Pro,10,14200.83,10887.89,0
2025-08-26,East,Laptop Air,21,20882.88,15894.08,0
2025-08-26,East,Tablet,23,13367.86,8877.8,0
2025-08-26,East,Smartwatch,33,9566.22,5945.69,0
2025-08-26,East,Headphones,43,6291.9,3534.34,0
2025-08-26,West,Laptop Pro,10,14376.1,10692.89,0
2025-08-26,West,Laptop Air,21,19763.49,15626.89,1
2025-08-26,West,Tablet,23,13036.58,9268.44,0
2025-08-26,West,Smartwatch,31,9038.45,5353.14,0
2025-08-26,West,Headphones,48,6775.7,3940.2,1
2025-08-27,North,Laptop Pro,15,21538.67,15950.17,0
2025-08-27,North,Laptop Air,16,15015.02,11857.85,0
2025-08-27,North,Tablet,20,11890.67,7754.56,3
2025-08-27,North,Smartwatch,29,8418.29,5093.05,1
2025-08-27,North,Headphones,41,5955.83,3281.08,1
2025-08-27,South,Laptop Pro,9,12867.76,9701.95,1
2025-08-27,South,Laptop Air,17,16050.67,12634.52,2
2025-08-27,South,Tablet,28,16051.22,11037.43,0
2025-08-27,South,Smartwatch,25,7268.46,4463.42,0
2025-08-27,South,Headphones,38,5455.45,3214.62,1
2025-08-27,East,Laptop Pro,10,14154.73,10383.92,0
2025-08-27,East,Laptop Air,16,15135.84,11675.6,0
2025-08-27,East,Tablet,26,14650.68,10306.02,0
2025-08-27,East,Smartwatch,28,7827.81,5087.86,0
2025-08-27,East,Headphones,46,6491.86,3616.24,1
2025-08-27,West,Laptop Pro,11,16262.22,11356.46,0
2025-08-27,West,Laptop Air,16,14916.38,11434.57,0
2025-08-27,West,Tablet,23,13433.45,9099.68,0
2025-08-27,West,Smartwatch,21,5964.35,3757.01,0
2025-08-27,West,Headphones,60,8286.5,4850.48,2
2025-08-28,North,Laptop Pro,10,14646.43,10896.98,0
2025-08-28,North,Laptop Air,20,19567.66,14229.93,1
2025-08-28,North,Tablet,25,14781.4,9802.31,1
2025-08-28,North,Smartwatch,34,9396.99,6121.16,0
2025-08-28,North,Headphones,54,7823.35,4246.44,0
2025-08-28,South,Laptop Pro,10,13774.12,10156.62,1
2025-08-28,South,Laptop Air,12,11952.73,8823.91,0
2025-08-28,South,Tablet,23,13600.81,9214.81,0
2025-08-28,South,Smartwatch,30,8954.51,5419.28,3
2025-08-28,South,Headphones,45,6309.56,3461.24,0
2025-08-28,East,Laptop Pro,6,8923.28,6226.32,1
2025-08-28,East,Laptop Air,25,23153.68,17490.28,0
2025-08-28,East,Tablet,19,10794.65,7596.89,0
2025-08-28,East,Smartwatch,27,7510.62,4873.06,1
2025-08-28,East,Headphones,35,5078.28,2807.48,0
2025-08-28,West,Laptop Pro,15,21553.82,15539.91,1
2025-08-28,West,Laptop Air,17,16962.5,12031.19,0
2025-08-28,West,Tablet,16,9242.18,6375.27,0
2025-08-28,West,Smartwatch,36,10289.62,6526.27,2
2025-08-28,West,Headphones,46,6844.47,3637.37,1
2025-08-29,North,Laptop Pro,9,12440.27,9272.83,0
2025-08-29,North,Laptop Air,27,26990.52,19092.14,0
2025-08-29,North,Tablet,22,12917.57,8684.12,0
2025-08-29,North,Smartwatch,42,11979.45,7491.56,3
2025-08-29,North,Headphones,54,7777.53,4225.12,1
2025-08-29,South,Laptop Pro,8,11538.24,8325.15,1
2025-08-29,South,Laptop Air,12,11052.72,8853.6,0
2025-08-29,South,Tablet,23,13591.48,9145.81,0
2025-08-29,South,Smartwatch,28,8018.07,4915.12,0
2025-08-29,South,Headphones,46,6836.03,3513.77,0
2025-08-29,East,Laptop Pro,13,19412.42,14151.33,0
2025-08-29,East,Laptop Air,11,10570.67,8100.47,0
2025-08-29,East,Tablet,20,11227.49,8045.54,0
2025-08-29,East,Smartwatch,23,6606.71,4236.27,0
2025-08-29,East,Headphones,40,5859.06,3233.77,1
2025-08-29,West,Laptop Pro,15,22469.89,15726.16,0
2025-08-29,West,Laptop Air,17,15720.88,11936.4,1
2025-08-29,West,Tablet,27,15925.4,11212.26,1
2025-08-29,West,Smartwatch,38,10875.99,6780.21,0
2025-08-29,West,Headphones,52,7790.31,4128.19,2
2025-08-30,North,Laptop Pro,20,29766.71,21015.73,1
2025-08-30,North,Laptop Air,17,16768.57,12253.37,0
2025-08-30,North,Tablet,28,16649.05,11328.73,2
2025-08-30,North,Smartwatch,42,12065.0,7629.49,0
2025-08-30,North,Headphones,62,9004.59,4902.78,1
2025-08-30,South,Laptop Pro,7,9620.36,7353.81,0
2025-08-30,South,Laptop Air,10,9907.04,7278.2,0
2025-08-30,South,Tablet,28,16220.64,11051.71,1
2025-08-30,South,Smartwatch,33,9560.83,6111.86,0
2025-08-30,South,Headphones,59,8686.59,4718.09,0
2025-08-30,East,Laptop Pro,13,19350.3,14086.38,0
2025-08-30,East,Laptop Air,13,12988.91,9099.39,0
2025-08-30,East,Tablet,27,16175.6,10941.4,0
2025-08-30,East,Smartwatch,55,15973.81,9723.71,0
2025-08-30,East,Headphones,51,7616.78,4028.23,1
2025-08-30,West,Laptop Pro,17,24695.1,18173.03,0
2025-08-30,West,Laptop Air,13,12545.09,9317.23,0
2025-08-30,West,Tablet,28,16201.4,11781.82,1
2025-08-30,West,Smartwatch,42,12406.81,7638.33,4
2025-08-30,West,Headphones,50,7200.77,3944.34,0
2025-08-31,North,Laptop Pro,20,29058.44,21218.32,0
2025-08-31,North,Laptop Air,21,19337.59,15048.27,2
2025-08-31,North,Tablet,29,17336.85,11793.04,1
2025-08-31,North,Smartwatch,35,10454.74,6262.68,3
2025-08-31,North,Headphones,48,6725.07,3871.23,1
2025-08-31,South,Laptop Pro,6,8628.47,6325.0,1
2025-08-31,South,Laptop Air,14,13794.16,10095.81,0
2025-08-31,South,Tablet,22,12276.54,8983.36,0
2025-08-31,South,Smartwatch,25,7180.36,4337.71,1
2025-08-31,South,Headphones,43,6132.25,3446.71,1
2025-08-31,East,Laptop Pro,16,23984.72,16564.41,1
2025-08-31,East,Laptop Air,26,25457.64,18215.07,4
2025-08-31,East,Tablet,25,14688.96,9832.44,0
2025-08-31,East,Smartwatch,29,8170.42,5155.3,0
2025-08-31,East,Headphones,40,5814.93,3184.94,2
2025-08-31,West,Laptop Pro,19,27183.45,20084.59,2
2025-08-31,West,Laptop Air,13,12030.82,9461.52,1
2025-08-31,West,Tablet,29,16029.33,11505.1,1
2025-08-31,West,Smartwatch,36,10689.99,6685.37,4
2025-08-31,West,Headphones,58,8313.12,4605.54,1
2025-09-01,North,Laptop Pro,10,14161.03,10091.24,0
2025-09-01,North,Laptop Air,20,18748.72,14300.76,0
2025-09-01,North,Tablet,26,14451.7,10409.81,0
2025-09-01,North,Smartwatch,44,12430.88,7401.56,2
2025-09-01,North,Headphones,62,8786.69,5079.77,1
2025-09-01,South,Laptop Pro,13,19019.21,13622.95,1
2025-09-01,South,Laptop Air,12,11476.97,8440.87,0
2025-09-01,South,Tablet,29,16566.52,11377.25,1
2025-09-01,South,Smartwatch,34,9631.66,6213.24,0
2025-09-01,South,Headphones,44,6291.98,3582.23,1
2025-09-01,East,Laptop Pro,8,11606.93,8291.01,0
2025-09-01,East,Laptop Air,11,10571.04,7705.32,0
2025-09-01,East,Tablet,16,8857.1,6416.75,0
2025-09-01,East,Smartwatch,23,6718.33,4166.03,1
2025-09-01,East,Headphones,35,4920.53,2831.66,1
2025-09-01,West,Laptop Pro,15,21406.61,15572.61,2
2025-09-01,West,Laptop Air,21,20254.36,15083.08,2
2025-09-01,West,Tablet,20,11602.25,8003.22,0
2025-09-01,West,Smartwatch,27,7751.88,4953.97,0
2025-09-01,West,Headphones,45,6318.11,3695.71,0
2025-09-02,North,Laptop Pro,16,23765.47,17337.83,0
2025-09-02,North,Laptop Air,22,20397.24,16252.63,0
2025-09-02,North,Tablet,12,6754.09,4974.09,1
2025-09-02,North,Smartwatch,27,7873.83,4958.48,2
2025-09-02,North,Headphones,50,7493.89,3952.85,0
2025-09-02,South,Laptop Pro,12,17476.67,12986.44,2
2025-09-02,South,Laptop Air,23,22734.31,16104.13,2
2025-09-02,South,Tablet,21,12495.59,8797.23,0
2025-09-02,South,Smartwatch,29,8628.47,5118.19,2
2025-09-02,South,Headphones,34,4708.26,2768.29,3
2025-09-02,East,Laptop Pro,11,15630.83,11883.62,2
2025-09-02,East,Laptop Air,19,17752.63,13805.66,1
2025-09-02,East,Tablet,17,9740.74,6521.15,0
2025-09-02,East,Smartwatch,25,7128.31,4414.69,0
2025-09-02,East,Headphones,48,6692.54,3867.4,4
2025-09-02,West,Laptop Pro,7,10279.95,7443.44,0
2025-09-02,West,Laptop Air,12,11333.26,8609.1,0
2025-09-02,West,Tablet,27,15034.5,10816.06,0
2025-09-02,West,Smartwatch,31,8603.4,5416.07,1
2025-09-02,West,Headphones,38,5497.51,3147.88,0
2025-09-03,North,Laptop Pro,17,23752.31,17715.08,1
2025-09-03,North,Laptop Air,15,14395.37,10970.37,0
2025-09-03,North,Tablet,33,19391.51,13570.54,1
2025-09-03,North,Smartwatch,41,12053.06,7209.52,1
2025-09-03,North,Headphones,50,7228.94,4010.24,1
2025-09-03,South,Laptop Pro,9,12938.2,9502.54,1
2025-09-03,South,Laptop Air,25,24940.04,17907.1,2
2025-09-03,South,Tablet,22,13088.54,8963.21,1
2025-09-03,South,Smartwatch,38,10625.51,6748.72,1
2025-09-03,South,Headphones,36,5018.76,2883.17,1
2025-09-03,East,Laptop Pro,8,11161.88,8337.69,0
2025-09-03,East,Laptop Air,21,20069.76,15823.24,1
2025-09-03,East,Tablet,26,14432.85,10262.14,1
2025-09-03,East,Smartwatch,34,9792.74,6211.18,0
2025-09-03,East,Headphones,45,6500.23,3729.36,1
2025-09-03,West,Laptop Pro,9,12987.67,9276.43,1
2025-09-03,West,Laptop Air,23,22532.43,16591.57,0
2025-09-03,West,Tablet,21,11981.59,8234.28,1
2025-09-03,West,Smartwatch,37,10701.33,6391.88,0
2025-09-03,West,Headphones,36,4978.95,2834.78,1
2025-09-04,North,Laptop Pro,10,14793.62,10380.22,1
2025-09-04,North,Laptop Air,13,12920.23,9264.35,0
2025-09-04,North,Tablet,27,15744.92,10735.28,0
2025-09-04,North,Smartwatch,36,10613.76,6480.79,1
2025-09-04,North,Headphones,64,8838.22,4997.45,0
2025-09-04,South,Laptop Pro,11,15411.04,11631.22,0
2025-09-04,South,Laptop Air,19,18453.23,14011.97,1
2025-09-04,South,Tablet,18,10244.67,7391.61,0
2025-09-04,South,Smartwatch,29,8384.63,5192.84,1
2025-09-04,South,Headphones,38,5604.78,3094.35,0
2025-09-04,East,Laptop Pro,9,13073.92,9321.29,0
2025-09-04,East,Laptop Air,20,19541.83,14301.11,0
2025-09-04,East,Tablet,14,7971.54,5644.63,2
2025-09-04,East,Smartwatch,30,8412.07,5363.85,1
2025-09-04,East,Headphones,51,7489.3,3976.87,0
2025-09-04,West,Laptop Pro,12,17105.29,12809.98,0
2025-09-04,West,Laptop Air,19,17923.11,13453.29,1
2025-09-04,West,Tablet,26,15138.23,10291.84,1
2025-09-04,West,Smartwatch,38,10955.37,6984.76,0
2025-09-04,West,Headphones,43,6264.85,3476.95,0
2025-09-05,North,Laptop Pro,16,23284.02,16859.17,0
2025-09-05,North,Laptop Air,20,19286.05,13976.84,1
2025-09-05,North,Tablet,20,11716.39,7813.87,1
2025-09-05,North,Smartwatch,39,11242.92,7075.78,1
2025-09-05,North,Headphones,58,8176.44,4698.47,2
2025-09-05,South,Laptop Pro,6,8521.35,6331.88,0
2025-09-05,South,Laptop Air,14,12941.11,9984.49,0
2025-09-05,South,Tablet,17,10022.12,6731.1,1
2025-09-05,South,Smartwatch,32,9254.78,5784.86,0
2025-09-05,South,Headphones,43,6139.53,3353.88,2
2025-09-05,East,Laptop Pro,13,18652.51,13675.03,0
2025-09-05,East,Laptop Air,22,20333.38,15400.04,1
2025-09-05,East,Tablet,23,13441.94,9006.32,1
2025-09-05,East,Smartwatch,28,8146.23,5057.96,2
2025-09-05,East,Headphones,38,5428.37,3075.46,0
2025-09-05,West,Laptop Pro,10,14284.36,10571.78,1
2025-09-05,West,Laptop Air,24,22488.11,16894.82,0
2025-09-05,West,Tablet,32,17979.62,12321.02,0
2025-09-05,West,Smartwatch,30,8992.17,5399.1,2
2025-09-05,West,Headphones,42,5914.84,3232.36,0
2025-09-06,North,Laptop Pro,8,11310.85,8558.66,0
2025-09-06,North,Laptop Air,29,27641.01,20428.43,1
2025-09-06,North,Tablet,27,15789.19,11282.58,2
2025-09-06,North,Smartwatch,40,11129.23,7061.47,2
2025-09-06,North,Headphones,48,6774.79,3875.55,0
2025-09-06,South,Laptop Pro,12,17234.1,12414.37,2
2025-09-06,South,Laptop Air,23,22438.39,16504.3,0
2025-09-06,South,Tablet,21,11883.86,8430.91,1
2025-09-06,South,Smartwatch,27,7505.36,4943.62,1
2025-09-06,South,Headphones,49,7061.56,3999.93,1
2025-09-06,East,Laptop Pro,10,13944.96,10652.74,0
2025-09-06,East,Laptop Air,14,13572.03,10289.19,1
2025-09-06,East,Tablet,18,10458.58,7111.28,0
2025-09-06,East,Smartwatch,33,9356.73,6017.08,2
2025-09-06,East,Headphones,47,7021.5,3734.36,0
2025-09-06,West,Laptop Pro,23,34116.58,24626.35,0
2025-09-06,West,Laptop Air,22,20717.97,15876.61,1
2025-09-06,West,Tablet,28,16474.64,11338.94,0
2025-09-06,West,Smartwatch,36,10648.73,6517.78,1
2025-09-06,West,Headphones,54,8042.29,4385.7,2
2025-09-07,North,Laptop Pro,11,16203.19,11363.43,0
2025-09-07,North,Laptop Air,21,20579.21,14644.65,0
2025-09-07,North,Tablet,25,14590.61,10197.79,0
2025-09-07,North,Smartwatch,37,10266.76,6839.15,0
2025-09-07,North,Headphones,53,7540.02,4230.17,0
2025-09-07,South,Laptop Pro,8,11066.88,8536.26,0
2025-09-07,South,Laptop Air,16,15830.08,11144.61,1
2025-09-07,South,Tablet,21,12405.79,8295.58,0
2025-09-07,South,Smartwatch,43,11972.57,7752.69,2
2025-09-07,South,Headphones,41,5837.92,3166.17,3
2025-09-07,East,Laptop Pro,12,16834.1,12214.57,0
2025-09-07,East,Laptop Air,26,25256.48,18779.14,3
2025-09-07,East,Tablet,19,10873.59,7507.94,0
2025-09-07,East,Smartwatch,30,8638.41,5362.56,1
2025-09-07,East,Headphones,47,6934.15,3729.45,4
2025-09-07,West,Laptop Pro,10,14010.28,10230.45,1
2025-09-07,West,Laptop Air,25,24332.49,17921.69,0
2025-09-07,West,Tablet,23,13284.56,9197.48,0
2025-09-07,West,Smartwatch,35,10388.29,6226.58,0
2025-09-07,West,Headphones,59,8398.04,4672.66,3
2025-09-08,North,Laptop Pro,12,16860.76,12548.6,0
2025-09-08,North,Laptop Air,19,18376.21,13904.29,1
2025-09-08,North,Tablet,23,12720.14,9182.62,0
2025-09-08,North,Smartwatch,27,7933.09,4672.76,0
2025-09-08,North,Headphones,56,7813.29,4373.03,1
2025-09-08,South,Laptop Pro,10,13795.2,10695.68,0
2025-09-08,South,Laptop Air,20,18516.38,14202.55,1
2025-09-08,South,Tablet,25,14111.22,9982.3,0
2025-09-08,South,Smartwatch,40,11524.94,7477.18,1
2025-09-08,South,Headphones,44,6381.69,3564.48,1
2025-09-08,East,Laptop Pro,9,12604.25,9043.97,0
2025-09-08,East,Laptop Air,15,13991.56,11112.1,1
2025-09-08,East,Tablet,32,18295.44,12838.31,1
2025-09-08,East,Smartwatch,21,5946.13,3807.92,0
2025-09-08,East,Headphones,44,6355.61,3541.41,0
2025-09-08,West,Laptop Pro,13,19159.34,13899.35,0
2025-09-08,West,Laptop Air,17,16932.03,12220.48,1
2025-09-08,West,Tablet,22,12509.69,8539.24,1
2025-09-08,West,Smartwatch,25,7098.47,4529.12,0
2025-09-08,West,Headphones,41,5822.69,3189.35,0
2025-09-09,North,Laptop Pro,9,12892.6,9793.34,0
2025-09-09,North,Laptop Air,13,12643.9,9292.21,1
2025-09-09,North,Tablet,21,12356.03,8391.31,0
2025-09-09,North,Smartwatch,28,8355.85,4971.86,3
2025-09-09,North,Headphones,66,9782.78,5315.82,0
2025-09-09,South,Laptop Pro,10,13901.78,10595.42,3
2025-09-09,South,Laptop Air,25,23463.86,17755.67,0
2025-09-09,South,Tablet,23,12797.98,9283.36,0
2025-09-09,South,Smartwatch,23,6853.68,4145.61,0
2025-09-09,South,Headphones,47,6590.89,3752.79,0
2025-09-09,East,Laptop Pro,10,14283.1,10342.18,3
2025-09-09,East,Laptop Air,12,11710.74,9039.93,0
2025-09-09,East,Tablet,21,11868.4,8598.71,0
2025-09-09,East,Smartwatch,25,6906.39,4565.55,3
2025-09-09,East,Headphones,46,6690.56,3762.91,0
2025-09-09,West,Laptop Pro,10,14247.07,10562.98,0
2025-09-09,West,Laptop Air,20,19582.67,14299.39,0
2025-09-09,West,Tablet,27,15934.28,10229.1,1
2025-09-09,West,Smartwatch,35,10374.73,6146.41,2
2025-09-09,West,Headphones,55,8228.78,4590.52,0
2025-09-10,North,Laptop Pro,9,12718.28,9669.28,1
2025-09-10,North,Laptop Air,16,15813.17,11566.61,0
2025-09-10,North,Tablet,20,11350.78,7747.59,0
2025-09-10,North,Smartwatch,34,9490.4,6197.7,1
2025-09-10,North,Headphones,45,6292.84,3579.98,1
2025-09-10,South,Laptop Pro,5,7146.03,5323.29,0
2025-09-10,South,Laptop Air,31,30691.47,21823.64,0
2025-09-10,South,Tablet,23,13310.86,9109.85,0
2025-09-10,South,Smartwatch,21,6208.63,3846.91,1
2025-09-10,South,Headphones,57,8294.52,4735.82,1
2025-09-10,East,Laptop Pro,8,11453.93,8289.38,0
2025-09-10,East,Laptop Air,18,17072.14,12700.9,0
2025-09-10,East,Tablet,19,11200.89,7755.48,1
2025-09-10,East,Smartwatch,26,7658.17,4562.07,0
2025-09-10,East,Headphones,35,4886.29,2733.47,1
2025-09-10,West,Laptop Pro,16,22185.82,16889.35,1
2025-09-10,West,Laptop Air,16,15177.67,12000.54,0
2025-09-10,West,Tablet,22,12611.99,8650.61,0
2025-09-10,West,Smartwatch,33,9378.81,5896.07,1
2025-09-10,West,Headphones,52,7719.74,4169.26,1
2025-09-11,North,Laptop Pro,8,11138.84,8320.58,1
2025-09-11,North,Laptop Air,18,17699.62,12502.04,1
2025-09-11,North,Tablet,18,10221.4,7315.48,0
2025-09-11,North,Smartwatch,29,8545.51,5239.45,0
2025-09-11,North,Headphones,35,4953.57,2820.54,1
2025-09-11,South,Laptop Pro,7,9619.25,7329.17,0
2025-09-11,South,Laptop Air,15,14110.74,11126.85,1
2025-09-11,South,Tablet,25,14485.56,9899.09,0
2025-09-11,South,Smartwatch,25,7135.78,4403.07,0
2025-09-11,South,Headphones,35,4998.84,2893.17,0
2025-09-11,East,Laptop Pro,13,18376.31,13049.78,1
2025-09-11,East,Laptop Air,12,11520.96,8613.42,1
2025-09-11,East,Tablet,18,10361.7,7189.13,0
2025-09-11,East,Smartwatch,31,8790.8,5567.22,0
2025-09-11,East,Headphones,38,5622.41,2945.69,2
2025-09-11,West,Laptop Pro,17,24168.94,17426.94,2
2025-09-11,West,Laptop Air,19,18774.69,13942.11,0
2025-09-11,West,Tablet,20,11304.16,8221.65,1
2025-09-11,West,Smartwatch,34,9882.65,6068.92,2
2025-09-11,West,Headphones,40,5597.0,3140.44,0
2025-09-12,North,Laptop Pro,9,13404.52,9112.67,0
2025-09-12,North,Laptop Air,20,19263.16,14670.88,1
2025-09-12,North,Tablet,19,11247.5,7751.95,0
2025-09-12,North,Smartwatch,26,7257.83,4416.91,1
2025-09-12,North,Headphones,45,6682.37,3425.48,1
2025-09-12,South,Laptop Pro,9,12652.87,9475.86,0
2025-09-12,South,Laptop Air,19,18840.02,13752.83,0
2025-09-12,South,Tablet,36,20221.55,14262.53,1
2025-09-12,South,Smartwatch,31,9090.16,5576.32,0
2025-09-12,South,Headphones,32,4571.88,2547.34,0
2025-09-12,East,Laptop Pro,12,17754.99,12606.66,0
2025-09-12,East,Laptop Air,23,22353.05,16261.62,2
2025-09-12,East,Tablet,16,9512.68,6398.43,0
2025-09-12,East,Smartwatch,36,10324.08,6392.6,0
2025-09-12,East,Headphones,47,7048.05,3703.02,2
2025-09-12,West,Laptop Pro,9,12427.48,9097.16,0
2025-09-12,West,Laptop Air,13,12567.07,9327.14,1
2025-09-12,West,Tablet,28,15954.02,11379.87,0
2025-09-12,West,Smartwatch,30,8793.52,5364.84,1
2025-09-12,West,Headphones,40,5878.44,3177.38,0
2025-09-13,North,Laptop Pro,12,16781.57,12916.44,0
2025-09-13,North,Laptop Air,25,23483.63,18368.99,0
2025-09-13,North,Tablet,33,18781.03,13657.93,3
2025-09-13,North,Smartwatch,32,9022.23,6020.02,2
2025-09-13,North,Headphones,54,7986.4,4325.14,0
2025-09-13,South,Laptop Pro,13,17569.7,13334.09,0
2025-09-13,South,Laptop Air,25,24090.51,17812.39,0
2025-09-13,South,Tablet,26,14515.85,10519.18,0
2025-09-13,South,Smartwatch,28,7905.37,5185.16,0
2025-09-13,South,Headphones,60,8794.14,4699.31,3
2025-09-13,East,Laptop Pro,19,27201.96,20051.86,0
2025-09-13,East,Laptop Air,24,22144.04,17005.99,2
2025-09-13,East,Tablet,25,14955.49,9970.67,0
2025-09-13,East,Smartwatch,42,12170.11,7535.56,2
2025-09-13,East,Headphones,37,5274.48,2982.57,0
2025-09-13,West,Laptop Pro,6,8755.27,6556.07,0
2025-09-13,West,Laptop Air,22,21440.47,15990.51,1
2025-09-13,West,Tablet,27,15229.7,10707.16,0
2025-09-13,West,Smartwatch,31,8618.25,5513.61,2
2025-09-13,West,Headphones,49,7033.87,3905.04,2
2025-09-14,North,Laptop Pro,13,18020.79,13412.03,2
2025-09-14,North,Laptop Air,21,20829.85,15162.23,1
2025-09-14,North,Tablet,32,18850.61,12182.72,0
2025-09-14,North,Smartwatch,36,10724.22,6452.63,1
2025-09-14,North,Headphones,55,7962.55,4388.38,1
2025-09-14,South,Laptop Pro,11,15267.0,11281.89,0
2025-09-14,South,Laptop Air,20,19679.24,14289.94,1
2025-09-14,South,Tablet,27,15618.69,11041.9,0
2025-09-14,South,Smartwatch,36,10208.68,6634.49,1
2025-09-14,South,Headphones,41,5835.37,3245.03,0
2025-09-14,East,Laptop Pro,11,15669.35,11670.93,0
2025-09-14,East,Laptop Air,18,17127.31,12571.59,2
2025-09-14,East,Tablet,29,16026.64,11531.29,2
2025-09-14,East,Smartwatch,21,5940.18,3797.45,0
2025-09-14,East,Headphones,47,6538.07,3874.82,0
2025-09-14,West,Laptop Pro,18,24944.26,19350.88,1
2025-09-14,West,Laptop Air,13,12105.93,9399.11,0
2025-09-14,West,Tablet,27,16076.66,10603.11,1
2025-09-14,West,Smartwatch,30,8618.94,5546.72,1
2025-09-14,West,Headphones,51,7416.51,4052.23,0
2025-09-15,North,Laptop Pro,12,17860.22,12713.02,0
2025-09-15,North,Laptop Air,18,17187.54,12928.24,0
2025-09-15,North,Tablet,25,14744.61,10398.45,0
2025-09-15,North,Smartwatch,37,10583.42,6578.74,1
2025-09-15,North,Headphones,49,6869.38,3991.83,0
2025-09-15,South,Laptop Pro,10,14153.62,10481.86,3
2025-09-15,South,Laptop Air,20,18480.27,14563.9,1
2025-09-15,South,Tablet,19,10700.98,7846.24,0
2025-09-15,South,Smartwatch,36,10105.1,6220.21,1
2025-09-15,South,Headphones,45,6689.36,3595.29,0
2025-09-15,East,Laptop Pro,6,8321.85,6187.35,0
2025-09-15,East,Laptop Air,15,14958.57,10896.28,0
2025-09-15,East,Tablet,17,9511.38,6894.02,0
2025-09-15,East,Smartwatch,21,6285.06,3744.43,0
2025-09-15,East,Headphones,55,8142.78,4354.06,0
2025-09-15,West,Laptop Pro,14,20470.22,14759.92,0
2025-09-15,West,Laptop Air,35,32934.27,24558.3,2
2025-09-15,West,Tablet,17,9466.07,6845.32,3
2025-09-15,West,Smartwatch,28,7952.11,4957.57,1
2025-09-15,West,Headphones,45,6357.0,3652.82,3
2025-09-16,North,Laptop Pro,12,17582.73,12267.89,0
2025-09-16,North,Laptop Air,11,10141.67,7830.14,0
2025-09-16,North,Tablet,27,15671.58,10637.75,2
2025-09-16,North,Smartwatch,34,9455.06,6083.51,0
2025-09-16,North,Headphones,49,6891.8,4027.91,0
2025-09-16,South,Laptop Pro,12,17016.71,12813.18,3
2025-09-16,South,Laptop Air,20,19450.98,14261.85,1
2025-09-16,South,Tablet,25,14184.62,9903.89,2
2025-09-16,South,Smartwatch,29,8045.43,5312.43,0
2025-09-16,South,Headphones,36,5109.55,2812.96,1
2025-09-16,East,Laptop Pro,10,13971.09,10504.7,0
2025-09-16,East,Laptop Air,12,11072.37,8535.32,0
2025-09-16,East,Tablet,24,14019.84,9567.04,2
2025-09-16,East,Smartwatch,26,7463.98,4755.73,0
2025-09-16,East,Headphones,34,4851.48,2683.59,1
2025-09-16,West,Laptop Pro,7,10317.57,7493.2,1
2025-09-16,West,Laptop Air,11,10298.16,8268.41,1
2025-09-16,West,Tablet,29,17035.63,11740.13,0
2025-09-16,West,Smartwatch,44,12453.54,7906.68,0
2025-09-16,West,Headphones,50,7185.71,4092.57,2
2025-09-17,North,Laptop Pro,14,19594.39,14374.0,0
2025-09-17,North,Laptop Air,15,14386.13,11128.55,0
2025-09-17,North,Tablet,26,14867.84,10243.36,0
2025-09-17,North,Smartwatch,25,7391.36,4695.13,0
2025-09-17,North,Headphones,56,7856.9,4415.75,3
2025-09-17,South,Laptop Pro,8,11307.08,8511.17,1
2025-09-17,South,Laptop Air,13,12397.07,9068.05,1
2025-09-17,South,Tablet,20,11187.78,7965.88,0
2025-09-17,South,Smartwatch,43,12405.27,7572.86,0
2025-09-17,South,Headphones,43,6308.38,3340.82,1
2025-09-17,East,Laptop Pro,10,14681.51,10753.16,1
2025-09-17,East,Laptop Air,16,15275.1,11237.17,0
2025-09-17,East,Tablet,27,15822.6,10641.22,0
2025-09-17,East,Smartwatch,34,9923.74,6015.76,1
2025-09-17,East,Headphones,39,5740.11,3191.11,0
2025-09-17,West,Laptop Pro,9,13018.01,9642.31,0
2025-09-17,West,Laptop Air,18,17328.84,13289.26,1
2025-09-17,West,Tablet,29,16667.92,11417.54,0
2025-09-17,West,Smartwatch,24,6858.52,4436.61,1
2025-09-17,West,Headphones,47,6718.42,3700.22,0
2025-09-18,North,Laptop Pro,13,18927.09,13443.97,1
2025-09-18,North,Laptop Air,15,13919.19,10649.07,1
2025-09-18,North,Tablet,26,14961.45,10262.24,2
2025-09-18,North,Smartwatch,27,7560.79,4851.18,1
2025-09-18,North,Headphones,37,5302.52,2910.35,1
2025-09-18,South,Laptop Pro,8,11333.39,8438.88,0
2025-09-18,South,Laptop Air,16,15054.53,10918.79,0
2025-09-18,South,Tablet,17,10055.6,6831.03,0
2025-09-18,South,Smartwatch,27,7471.65,4754.08,1
2025-09-18,South,Headphones,52,7442.88,4104.31,0
2025-09-18,East,Laptop Pro,10,14875.0,10364.5,0
2025-09-18,East,Laptop Air,16,15460.66,11737.31,0
2025-09-18,East,Tablet,22,12447.56,8888.81,1
2025-09-18,East,Smartwatch,29,8652.6,5202.72,0
2025-09-18,East,Headphones,46,6755.72,3627.36,1
2025-09-18,West,Laptop Pro,9,12501.68,9597.96,0
2025-09-18,West,Laptop Air,17,16515.56,12679.35,2
2025-09-18,West,Tablet,24,14216.64,9594.63,1
2025-09-18,West,Smartwatch,36,10715.0,6272.86,0
2025-09-18,West,Headphones,48,6843.42,3786.02,2
2025-09-19,North,Laptop Pro,15,21495.36,15926.15,0
2025-09-19,North,Laptop Air,15,14222.71,10704.37,0
2025-09-19,North,Tablet,27,14958.38,10614.52,0
2025-09-19,North,Smartwatch,25,7463.93,4418.8,0
2025-09-19,North,Headphones,41,6052.75,3286.01,1
2025-09-19,South,Laptop Pro,7,10028.18,7124.53,1
2025-09-19,South,Laptop Air,14,13521.66,10073.01,1
2025-09-19,South,Tablet,24,14260.58,9616.99,1
2025-09-19,South,Smartwatch,36,10445.87,6421.74,0
2025-09-19,South,Headphones,35,4907.2,2741.6,1
2025-09-19,East,Laptop Pro,10,14803.61,10713.86,1
2025-09-19,East,Laptop Air,17,15753.45,11913.74,0
2025-09-19,East,Tablet,20,11125.2,8027.64,0
2025-09-19,East,Smartwatch,33,9493.71,6026.46,1
2025-09-19,East,Headphones,45,6285.51,3611.48,1
2025-09-19,West,Laptop Pro,9,12731.58,9682.69,0
2025-09-19,West,Laptop Air,28,27200.91,19702.21,2
2025-09-19,West,Tablet,24,13752.86,9448.14,0
2025-09-19,West,Smartwatch,32,9510.44,5706.87,0
2025-09-19,West,Headphones,40,5762.03,3410.6,1
2025-09-20,North,Laptop Pro,11,15404.43,11667.3,1
2025-09-20,North,Laptop Air,18,17157.25,13140.15,1
2025-09-20,North,Tablet,29,16868.21,11751.58,1
2025-09-20,North,Smartwatch,45,12783.36,8112.77,4
2025-09-20,North,Headphones,46,6360.78,3757.24,0
2025-09-20,South,Laptop Pro,6,8712.4,6064.34,0
2025-09-20,South,Laptop Air,16,15577.13,11583.81,1
2025-09-20,South,Tablet,27,15997.9,10892.49,0
2025-09-20,South,Smartwatch,26,7202.86,4775.35,1
2025-09-20,South,Headphones,50,7172.46,3907.55,3
2025-09-20,East,Laptop Pro,18,26719.91,18490.97,0
2025-09-20,East,Laptop Air,10,9510.26,7053.28,0
2025-09-20,East,Tablet,19,10943.62,7679.39,0
2025-09-20,East,Smartwatch,31,9255.87,5639.88,1
2025-09-20,East,Headphones,47,6562.41,3688.57,1
2025-09-20,West,Laptop Pro,16,22638.34,17443.2,2
2025-09-20,West,Laptop Air,14,13994.13,10137.73,1
2025-09-20,West,Tablet,15,8309.04,6014.9,2
2025-09-20,West,Smartwatch,28,8292.97,5019.07,0
2025-09-20,West,Headphones,60,8999.81,4889.33,0
2025-09-21,North,Laptop Pro,16,23179.64,16930.87,0
2025-09-21,North,Laptop Air,25,24718.44,18680.35,2
2025-09-21,North,Tablet,32,18324.25,12489.24,0
2025-09-21,North,Smartwatch,31,9068.3,5407.52,0
2025-09-21,North,Headphones,53,7832.23,4177.24,1
2025-09-21,South,Laptop Pro,6,8048.58,6369.72,0
2025-09-21,South,Laptop Air,16,15574.11,11421.37,1
2025-09-21,South,Tablet,25,14502.32,10254.21,2
2025-09-21,South,Smartwatch,31,9081.09,5536.08,0
2025-09-21,South,Headphones,58,8117.46,4740.4,1
2025-09-21,East,Laptop Pro,15,22145.79,15488.31,0
2025-09-21,East,Laptop Air,24,23754.9,17688.86,0
2025-09-21,East,Tablet,22,12269.18,9040.97,0
2025-09-21,East,Smartwatch,30,8867.98,5339.0,1
2025-09-21,East,Headphones,55,7683.76,4443.08,1
2025-09-21,West,Laptop Pro,8,11444.95,8444.98,0
2025-09-21,West,Laptop Air,28,26155.65,20368.34,2
2025-09-21,West,Tablet,24,14319.18,9846.61,0
2025-09-21,West,Smartwatch,29,8029.32,5321.6,1
2025-09-21,West,Headphones,51,7466.55,4121.95,1
2025-09-22,North,Laptop Pro,15,22394.47,15958.86,0
2025-09-22,North,Laptop Air,20,18776.18,14034.45,0
2025-09-22,North,Tablet,26,15377.29,10391.49,0
2025-09-22,North,Smartwatch,27,7872.48,4752.93,0
2025-09-22,North,Headphones,43,6143.16,3438.75,0
2025-09-22,South,Laptop Pro,10,14509.46,10734.53,0
2025-09-22,South,Laptop Air,16,15741.53,11518.37,2
2025-09-22,South,Tablet,32,18448.79,12158.57,2
2025-09-22,South,Smartwatch,26,7536.73,4582.02,1
2025-09-22,South,Headphones,49,7022.15,3965.56,1
2025-09-22,East,Laptop Pro,10,14125.64,10386.79,4
2025-09-22,East,Laptop Air,15,14576.41,10969.31,0
2025-09-22,East,Tablet,25,14514.71,9758.56,1
2025-09-22,East,Smartwatch,27,7923.5,4897.1,1
2025-09-22,East,Headphones,41,5982.87,3308.34,2
2025-09-22,West,Laptop Pro,20,29877.53,21331.76,1
2025-09-22,West,Laptop Air,25,23839.75,17764.12,0
2025-09-22,West,Tablet,22,13017.55,8937.24,1
2025-09-22,West,Smartwatch,29,8201.46,5377.28,0
2025-09-22,West,Headphones,40,5979.75,3054.55,0
2025-09-23,North,Laptop Pro,14,20899.41,14715.2,0
2025-09-23,North,Laptop Air,10,9772.25,6939.89,0
2025-09-23,North,Tablet,25,14473.91,9827.96,0
2025-09-23,North,Smartwatch,36,10200.72,6379.1,0
2025-09-23,North,Headphones,43,6092.83,3435.43,1
2025-09-23,South,Laptop Pro,5,6709.42,5289.64,0
2025-09-23,South,Laptop Air,16,15549.9,11728.51,1
2025-09-23,South,Tablet,20,11943.02,8042.24,0
2025-09-23,South,Smartwatch,26,7262.57,4743.05,1
2025-09-23,South,Headphones,37,5225.6,2896.15,0
2025-09-23,East,Laptop Pro,10,14918.25,10721.9,2
2025-09-23,East,Laptop Air,15,14899.99,10088.1,2
2025-09-23,East,Tablet,16,9233.94,6595.42,0
2025-09-23,East,Smartwatch,34,9921.22,6284.9,1
2025-09-23,East,Headphones,45,6427.96,3654.0,2
2025-09-23,West,Laptop Pro,10,14737.01,10968.08,0
2025-09-23,West,Laptop Air,12,11079.03,8328.3,0
2025-09-23,West,Tablet,28,16111.69,11374.59,2
2025-09-23,West,Smartwatch,32,9023.45,5775.56,1
2025-09-23,West,Headphones,38,5642.64,3054.84,2
2025-09-24,North,Laptop Pro,10,14259.69,10255.65,0
2025-09-24,North,Laptop Air,18,16754.14,13062.33,2
2025-09-24,North,Tablet,28,16769.1,11277.91,3
2025-09-24,North,Smartwatch,27,7750.09,4792.97,0
2025-09-24,North,Headphones,46,6763.79,3674.94,1
2025-09-24,South,Laptop Pro,9,12607.11,9201.56,1
2025-09-24,South,Laptop Air,18,16824.97,12857.51,2
2025-09-24,South,Tablet,25,14171.92,10192.16,0
2025-09-24,South,Smartwatch,29,8174.87,5322.4,0
2025-09-24,South,Headphones,35,5161.09,2843.05,1
2025-09-24,East,Laptop Pro,9,12600.88,9631.51,0
2025-09-24,East,Laptop Air,12,11410.57,8808.21,0
2025-09-24,East,Tablet,29,17303.53,11450.7,1
2025-09-24,East,Smartwatch,35,9775.32,6342.78,3
2025-09-24,East,Headphones,49,7317.22,4005.2,0
2025-09-24,West,Laptop Pro,14,20951.67,14294.41,2
2025-09-24,West,Laptop Air,18,16799.4,12600.93,1
2025-09-24,West,Tablet,21,12586.87,8157.97,2
2025-09-24,West,Smartwatch,28,8340.57,4860.02,0
2025-09-24,West,Headphones,48,7190.24,3759.3,1
2025-09-25,North,Laptop Pro,18,25098.6,18701.37,2
2025-09-25,North,Laptop Air,18,17935.64,13351.99,1
2025-09-25,North,Tablet,26,15134.9,10309.01,0
2025-09-25,North,Smartwatch,32,9433.35,5585.31,1
2025-09-25,North,Headphones,52,7586.8,4173.83,0
2025-09-25,South,Laptop Pro,7,9959.84,7322.22,0
2025-09-25,South,Laptop Air,15,13934.55,10631.06,1
2025-09-25,South,Tablet,22,12388.25,8696.41,2
2025-09-25,South,Smartwatch,27,7526.51,4963.72,1
2025-09-25,South,Headphones,36,5088.94,2798.79,0
2025-09-25,East,Laptop Pro,10,14603.58,10150.19,0
2025-09-25,East,Laptop Air,24,23643.18,17441.34,0
2025-09-25,East,Tablet,22,12640.55,8691.94,0
2025-09-25,East,Smartwatch,35,10200.4,6495.58,2
2025-09-25,East,Headphones,45,6402.56,3588.89,0
2025-09-25,West,Laptop Pro,15,22429.92,15718.38,0
2025-09-25,West,Laptop Air,25,23574.04,18283.16,1
2025-09-25,West,Tablet,33,19325.5,12758.55,0
2025-09-25,West,Smartwatch,36,10400.62,6523.75,1
2025-09-25,West,Headphones,55,7604.11,4367.83,1
2025-09-26,North,Laptop Pro,12,17689.57,12858.76,0
2025-09-26,North,Laptop Air,16,15849.4,11370.98,0
2025-09-26,North,Tablet,26,15338.15,10436.78,1
2025-09-26,North,Smartwatch,24,6997.53,4288.99,1
2025-09-26,North,Headphones,56,8039.65,4517.0,0
2025-09-26,South,Laptop Pro,7,9377.1,7313.08,0
2025-09-26,South,Laptop Air,18,16747.37,13027.99,1
2025-09-26,South,Tablet,29,16404.78,12006.75,0
2025-09-26,South,Smartwatch,33,9329.34,5906.02,0
2025-09-26,South,Headphones,43,6303.57,3467.71,0
2025-09-26,East,Laptop Pro,13,18052.37,14274.21,0
2025-09-26,East,Laptop Air,13,12438.87,9432.98,0
2025-09-26,East,Tablet,21,12436.18,7991.06,3
2025-09-26,East,Smartwatch,29,8038.59,5150.44,0
2025-09-26,East,Headphones,35,5037.26,2732.59,1
2025-09-26,West,Laptop Pro,10,14813.39,10693.61,0
2025-09-26,West,Laptop Air,19,17882.45,13654.33,0
2025-09-26,West,Tablet,21,12364.34,8578.67,1
2025-09-26,West,Smartwatch,23,6796.41,4190.64,1
2025-09-26,West,Headphones,40,5871.56,3238.86,3
2025-09-27,North,Laptop Pro,10,14306.07,10243.11,0
2025-09-27,North,Laptop Air,18,17578.67,13090.87,0
2025-09-27,North,Tablet,33,19735.35,13560.78,1
2025-09-27,North,Smartwatch,26,7558.2,4544.55,0
2025-09-27,North,Headphones,44,6476.24,3497.67,0
2025-09-27,South,Laptop Pro,9,12558.13,9516.99,0
2025-09-27,South,Laptop Air,20,19264.7,14428.23,0
2025-09-27,South,Tablet,24,14310.05,9875.82,1
2025-09-27,South,Smartwatch,31,9117.49,5661.3,2
2025-09-27,South,Headphones,50,7331.11,4032.49,1
2025-09-27,East,Laptop Pro,12,17301.98,12806.04,0
2025-09-27,East,Laptop Air,20,18684.45,14620.12,1
2025-09-27,East,Tablet,22,12969.16,8807.23,1
2025-09-27,East,Smartwatch,37,10959.53,6612.74,2
2025-09-27,East,Headphones,47,7049.42,3834.47,1
2025-09-27,West,Laptop Pro,21,29971.61,21722.3,3
2025-09-27,West,Laptop Air,21,20452.93,15098.14,0
2025-09-27,West,Tablet,27,15331.48,10550.15,1
2025-09-27,West,Smartwatch,35,9920.28,6392.19,2
2025-09-27,West,Headphones,60,8967.81,4918.32,3
2025-09-28,North,Laptop Pro,10,14497.91,10303.53,2
2025-09-28,North,Laptop Air,23,21218.91,16509.02,0
2025-09-28,North,Tablet,34,19950.97,13469.42,1
2025-09-28,North,Smartwatch,32,9193.31,5883.88,0
2025-09-28,North,Headphones,68,9761.14,5594.17,2
2025-09-28,South,Laptop Pro,10,14249.63,10399.39,0
2025-09-28,South,Laptop Air,17,15940.21,11483.28,0
2025-09-28,South,Tablet,23,13795.93,9412.12,2
2025-09-28,South,Smartwatch,28,8247.6,5044.55,1
2025-09-28,South,Headphones,54,7716.04,4324.23,1
2025-09-28,East,Laptop Pro,13,18069.02,13913.09,0
2025-09-28,East,Laptop Air,21,20983.99,15009.92,0
2025-09-28,East,Tablet,19,10852.01,7504.2,0
2025-09-28,East,Smartwatch,33,9897.33,5897.74,0
2025-09-28,East,Headphones,55,7838.94,4443.04,3
2025-09-28,West,Laptop Pro,15,21759.13,16026.87,0
2025-09-28,West,Laptop Air,22,21235.36,16357.38,0
2025-09-28,West,Tablet,23,12731.87,9274.22,1
2025-09-28,West,Smartwatch,36,10210.54,6461.26,0
2025-09-28,West,Headphones,57,8415.65,4640.82,1
2025-09-29,North,Laptop Pro,14,19324.47,14414.45,0
2025-09-29,North,Laptop Air,17,16650.92,12587.47,0
2025-09-29,North,Tablet,37,20981.83,14862.57,1
2025-09-29,North,Smartwatch,36,10212.23,6450.36,1
2025-09-29,North,Headphones,52,7269.77,4079.46,1
2025-09-29,South,Laptop Pro,12,16894.48,12757.99,2
2025-09-29,South,Laptop Air,16,15109.17,11455.35,2
2025-09-29,South,Tablet,16,9119.28,6387.93,1
2025-09-29,South,Smartwatch,27,7817.2,4697.56,2
2025-09-29,South,Headphones,47,6533.4,3727.31,2
2025-09-29,East,Laptop Pro,15,22046.53,15570.92,1
2025-09-29,East,Laptop Air,17,16694.99,12342.46,0
2025-09-29,East,Tablet,14,7976.38,5570.02,0
2025-09-29,East,Smartwatch,32,9453.88,5454.85,1
2025-09-29,East,Headphones,47,6581.88,3728.79,2
2025-09-29,West,Laptop Pro,15,21888.58,15291.84,1
2025-09-29,West,Laptop Air,24,23191.49,16919.59,1
2025-09-29,West,Tablet,23,13046.72,9384.71,1
2025-09-29,West,Smartwatch,27,7526.45,4695.83,1
2025-09-29,West,Headphones,40,5668.82,3218.87,1
2025-09-30,North,Laptop Pro,19,28285.21,19747.62,0
2025-09-30,North,Laptop Air,20,19459.1,14198.39,0
2025-09-30,North,Tablet,23,12971.93,9019.8,0
2025-09-30,North,Smartwatch,32,8902.85,5796.81,0
2025-09-30,North,Headphones,41,5838.16,3308.33,1
2025-09-30,South,Laptop Pro,10,13837.07,10137.72,0
2025-09-30,South,Laptop Air,14,13575.27,10311.95,1
2025-09-30,South,Tablet,18,10386.96,7029.18,0
2025-09-30,South,Smartwatch,22,6371.78,3990.78,1
2025-09-30,South,Headphones,39,5824.18,3046.31,0
2025-09-30,East,Laptop Pro,16,23958.04,16645.76,1
2025-09-30,East,Laptop Air,17,16160.33,11926.95,0
2025-09-30,East,Tablet,24,13812.67,9498.48,1
2025-09-30,East,Smartwatch,26,7647.19,4661.19,1
2025-09-30,East,Headphones,43,5989.34,3360.93,1
2025-09-30,West,Laptop Pro,14,20652.92,14792.45,0
2025-09-30,West,Laptop Air,19,17935.24,13801.87,1
2025-09-30,West,Tablet,32,17989.07,13492.74,2
2025-09-30,West,Smartwatch,30,8395.04,5500.3,0
2025-09-30,West,Headphones,44,6156.73,3602.82,2
2025-10-01,North,Laptop Pro,14,19665.77,14179.91,0
2025-10-01,North,Laptop Air,20,19267.52,13835.96,0
2025-10-01,North,Tablet,24,13681.25,9542.98,0
2025-10-01,North,Smartwatch,33,9220.69,6152.27,0
2025-10-01,North,Headphones,45,6523.04,3778.15,0
2025-10-01,South,Laptop Pro,14,19239.52,14497.86,3
2025-10-01,South,Laptop Air,21,20731.98,14942.73,1
2025-10-01,South,Tablet,30,17186.84,12130.53,3
2025-10-01,South,Smartwatch,36,10678.14,6454.45,0
2025-10-01,South,Headphones,51,7245.9,4065.97,1
2025-10-01,East,Laptop Pro,8,11638.24,8506.66,0
2025-10-01,East,Laptop Air,20,19635.45,15182.07,0
2025-10-01,East,Tablet,29,16897.85,11902.66,0
2025-10-01,East,Smartwatch,35,9910.81,6535.51,1
2025-10-01,East,Headphones,41,5703.25,3159.02,1
2025-10-01,West,Laptop Pro,9,13487.82,9653.13,0
2025-10-01,West,Laptop Air,23,22691.16,16245.4,0
2025-10-01,West,Tablet,24,13587.0,9921.88,0
2025-10-01,West,Smartwatch,37,10594.96,6840.8,0
2025-10-01,West,Headphones,54,7893.17,4372.17,1
2025-10-02,North,Laptop Pro,15,21326.83,15515.99,0
2025-10-02,North,Laptop Air,20,18612.5,14260.66,1
2025-10-02,North,Tablet,22,12927.57,8729.09,3
2025-10-02,North,Smartwatch,28,8073.63,5116.84,0
2025-10-02,North,Headphones,43,6439.28,3467.79,2
2025-10-02,South,Laptop Pro,14,18770.4,15117.49,2
2025-10-02,South,Laptop Air,16,14973.9,11891.13,0
2025-10-02,South,Tablet,17,9787.85,6685.03,1
2025-10-02,South,Smartwatch,33,9114.34,5996.45,1
2025-10-02,South,Headphones,36,5304.87,2906.67,1
2025-10-02,East,Laptop Pro,10,14107.24,10480.05,1
2025-10-02,East,Laptop Air,15,14076.59,11003.42,1
2025-10-02,East,Tablet,24,13442.85,9694.27,1
2025-10-02,East,Smartwatch,32,9073.85,5693.81,2
2025-10-02,East,Headphones,46,6794.79,3669.54,0
2025-10-02,West,Laptop Pro,12,17868.48,12512.0,2
2025-10-02,West,Laptop Air,16,15769.14,11352.38,1
2025-10-02,West,Tablet,20,11176.01,7986.35,1
2025-10-02,West,Smartwatch,37,10743.03,6487.25,2
2025-10-02,West,Headphones,55,7889.53,4441.7,0
2025-10-03,North,Laptop Pro,20,29939.1,21589.73,0
2025-10-03,North,Laptop Air,9,8646.17,6486.54,1
2025-10-03,North,Tablet,29,16830.3,11819.57,2
2025-10-03,North,Smartwatch,20,5743.41,3611.18,1
2025-10-03,North,Headphones,46,6692.85,3604.77,1
2025-10-03,South,Laptop Pro,6,8668.3,6552.89,0
2025-10-03,South,Laptop Air,18,17936.7,12332.11,0
2025-10-03,South,Tablet,23,12751.42,9201.9,0
2025-10-03,South,Smartwatch,28,7994.23,4962.53,2
2025-10-03,South,Headphones,41,5833.45,3383.76,1
2025-10-03,East,Laptop Pro,9,12511.35,9490.82,0
2025-10-03,East,Laptop Air,16,15294.9,12108.78,0
2025-10-03,East,Tablet,20,11409.07,8005.76,2
2025-10-03,East,Smartwatch,25,7186.18,4431.52,1
2025-10-03,East,Headphones,46,6802.86,3554.12,0
2025-10-03,West,Laptop Pro,12,17551.42,12878.87,0
2025-10-03,West,Laptop Air,18,16726.55,12743.64,0
2025-10-03,West,Tablet,32,18518.22,12692.53,0
2025-10-03,West,Smartwatch,36,10623.61,6639.16,1
2025-10-03,West,Headphones,58,8123.68,4737.75,0
2025-10-04,North,Laptop Pro,8,11916.19,8297.58,0
2025-10-04,North,Laptop Air,27,25618.61,19263.48,1
2025-10-04,North,Tablet,30,16991.82,11578.54,1
2025-10-04,North,Smartwatch,33,9659.42,5695.81,1
2025-10-04,North,Headphones,53,7843.86,4304.76,1
2025-10-04,South,Laptop Pro,5,6997.42,5341.77,0
2025-10-04,South,Laptop Air,18,16912.75,13052.59,0
2025-10-04,South,Tablet,21,11706.21,8431.45,1
2025-10-04,South,Smartwatch,27,7571.66,4791.36,2
2025-10-04,South,Headphones,56,8326.4,4611.54,0
2025-10-04,East,Laptop Pro,16,23572.27,16200.57,0
2025-10-04,East,Laptop Air,21,19963.46,14978.33,2
2025-10-04,East,Tablet,19,10752.56,7624.43,0
2025-10-04,East,Smartwatch,31,9293.5,5579.95,3
2025-10-04,East,Headphones,49,7266.17,3919.84,2
2025-10-04,West,Laptop Pro,14,20842.05,14547.34,0
2025-10-04,West,Laptop Air,18,17508.8,13100.2,0
2025-10-04,West,Tablet,27,15317.68,10537.48,3
2025-10-04,West,Smartwatch,30,8320.9,5384.45,0
2025-10-04,West,Headphones,62,9233.39,5002.84,1
2025-10-05,North,Laptop Pro,13,18710.5,13559.22,0
2025-10-05,North,Laptop Air,21,20374.26,15121.45,1
2025-10-05,North,Tablet,32,18588.18,12855.17,2
2025-10-05,North,Smartwatch,26,7757.54,4515.19,1
2025-10-05,North,Headphones,54,7913.17,4175.95,0
2025-10-05,South,Laptop Pro,11,15647.41,11580.94,1
2025-10-05,South,Laptop Air,18,16965.65,12802.31,1
2025-10-05,South,Tablet,23,13091.39,9099.16,0
2025-10-05,South,Smartwatch,40,11389.14,7281.94,2
2025-10-05,South,Headphones,42,6038.29,3293.55,1
2025-10-05,East,Laptop Pro,9,13130.55,8993.9,0
2025-10-05,East,Laptop Air,27,26473.41,20084.25,3
2025-10-05,East,Tablet,23,13787.54,9422.61,0
2025-10-05,East,Smartwatch,38,11265.09,7003.77,0
2025-10-05,East,Headphones,55,8104.88,4301.37,0
2025-10-05,West,Laptop Pro,5,6914.66,5241.87,0
2025-10-05,West,Laptop Air,25,23059.1,17543.37,0
2025-10-05,West,Tablet,17,9573.58,6791.85,0
2025-10-05,West,Smartwatch,31,8845.92,5541.16,1
2025-10-05,West,Headphones,61,8660.43,4774.78,1
2025-10-06,North,Laptop Pro,16,22846.95,16969.1,0
2025-10-06,North,Laptop Air,18,17068.56,12892.93,1
2025-10-06,North,Tablet,28,16505.35,11585.88,1
2025-10-06,North,Smartwatch,42,11615.48,7572.97,1
2025-10-06,North,Headphones,55,7750.62,4175.79,5
2025-10-06,South,Laptop Pro,5,7120.93,5059.73,0
2025-10-06,South,Laptop Air,8,7671.27,6001.42,0
2025-10-06,South,Tablet,25,14052.94,9928.19,0
2025-10-06,South,Smartwatch,25,6953.3,4521.6,0
2025-10-06,South,Headphones,43,6251.94,3440.67,1
2025-10-06,East,Laptop Pro,14,20187.33,15116.4,0
2025-10-06,East,Laptop Air,19,18528.98,13158.27,1
2025-10-06,East,Tablet,19,11056.56,7802.05,2
2025-10-06,East,Smartwatch,28,8246.98,5167.05,1
2025-10-06,East,Headphones,35,5237.44,2800.34,1
2025-10-06,West,Laptop Pro,14,20300.56,14821.51,1
2025-10-06,West,Laptop Air,20,19247.07,14293.27,1
2025-10-06,West,Tablet,30,16876.95,11595.54,1
2025-10-06,West,Smartwatch,29,8336.26,5280.58,0
2025-10-06,West,Headphones,50,7304.16,4019.73,0
2025-10-07,North,Laptop Pro,14,20221.75,14778.6,0
2025-10-07,North,Laptop Air,19,17789.88,13811.96,1
2025-10-07,North,Tablet,27,15576.69,10669.46,1
2025-10-07,North,Smartwatch,33,9460.3,6117.4,0
2025-10-07,North,Headphones,49,7248.28,3920.64,0
2025-10-07,South,Laptop Pro,10,14508.87,10613.76,2
2025-10-07,South,Laptop Air,18,16661.27,12889.47,0
2025-10-07,South,Tablet,20,11742.75,8168.04,0
2025-10-07,South,Smartwatch,25,7291.45,4509.36,0
2025-10-07,South,Headphones,34,5053.14,2715.37,0
2025-10-07,East,Laptop Pro,13,18699.72,13979.61,1
2025-10-07,East,Laptop Air,17,15997.55,11818.24,0
2025-10-07,East,Tablet,18,10207.24,7159.68,0
2025-10-07,East,Smartwatch,30,8383.97,5333.83,3
2025-10-07,East,Headphones,35,5129.64,2820.94,0
2025-10-07,West,Laptop Pro,14,20471.37,14792.85,1
2025-10-07,West,Laptop Air,6,5536.52,4318.98,0
2025-10-07,West,Tablet,16,9249.33,6308.61,0
2025-10-07,West,Smartwatch,37,10358.95,6656.8,0
2025-10-07,West,Headphones,45,6419.79,3623.28,0
2025-10-08,North,Laptop Pro,11,16261.26,11508.78,0
2025-10-08,North,Laptop Air,18,16621.29,13247.08,0
2025-10-08,North,Tablet,22,12857.39,8907.71,1
2025-10-08,North,Smartwatch,39,11099.28,7022.67,0
2025-10-08,North,Headphones,54,7935.07,4117.3,0
2025-10-08,South,Laptop Pro,7,9675.62,7317.91,1
2025-10-08,South,Laptop Air,17,16264.08,12394.25,0
2025-10-08,South,Tablet,27,15861.69,10739.66,1
2025-10-08,South,Smartwatch,25,6906.74,4527.29,0
2025-10-08,South,Headphones,32,4745.98,2548.5,1
2025-10-08,East,Laptop Pro,10,14468.38,10548.82,1
2025-10-08,East,Laptop Air,16,15959.84,11842.79,0
2025-10-08,East,Tablet,19,10777.36,7719.59,1
2025-10-08,East,Smartwatch,20,5778.19,3506.72,0
2025-10-08,East,Headphones,44,6304.27,3403.28,0
2025-10-08,West,Laptop Pro,11,15577.97,11652.23,0
2025-10-08,West,Laptop Air,17,15960.95,12525.89,0
2025-10-08,West,Tablet,29,16055.57,11214.73,2
2025-10-08,West,Smartwatch,26,7260.87,4660.36,0
2025-10-08,West,Headphones,37,5406.23,3100.49,0
2025-10-09,North,Laptop Pro,15,21190.92,15665.38,2
2025-10-09,North,Laptop Air,25,24848.07,18909.31,0
2025-10-09,North,Tablet,25,14836.55,9835.28,1
2025-10-09,North,Smartwatch,35,10113.93,6218.49,0
2025-10-09,North,Headphones,54,7802.16,4259.26,3
2025-10-09,South,Laptop Pro,11,15291.43,11254.51,0
2025-10-09,South,Laptop Air,11,10581.83,7652.1,1
2025-10-09,South,Tablet,23,13091.92,9159.29,1
2025-10-09,South,Smartwatch,30,8312.87,5415.65,3
2025-10-09,South,Headphones,50,7396.39,3942.66,4
2025-10-09,East,Laptop Pro,14,20399.46,14559.99,1
2025-10-09,East,Laptop Air,19,18887.12,14075.65,0
2025-10-09,East,Tablet,23,13579.22,9378.8,0
2025-10-09,East,Smartwatch,30,8289.14,5372.06,2
2025-10-09,East,Headphones,34,5083.86,2743.39,1
2025-10-09,West,Laptop Pro,10,14743.59,10156.35,1
2025-10-09,West,Laptop Air,21,20283.47,15201.54,1
2025-10-09,West,Tablet,26,15234.75,10387.02,0
2025-10-09,West,Smartwatch,40,11476.59,7146.12,0
2025-10-09,West,Headphones,47,6491.39,3762.47,0
2025-10-10,North,Laptop Pro,9,12739.75,9425.65,1
2025-10-10,North,Laptop Air,16,15480.5,11217.34,0
2025-10-10,North,Tablet,21,11911.6,8682.2,0
2025-10-10,North,Smartwatch,34,9488.24,6236.38,1
2025-10-10,North,Headphones,43,6331.83,3413.32,0
2025-10-10,South,Laptop Pro,6,8185.78,6078.17,0
2025-10-10,South,Laptop Air,11,10459.72,7530.93,0
2025-10-10,South,Tablet,19,10730.76,7904.71,0
2025-10-10,South,Smartwatch,26,7747.48,4663.75,0
2025-10-10,South,Headphones,26,3671.32,2111.74,1
2025-10-10,East,Laptop Pro,14,19676.12,14421.07,1
2025-10-10,East,Laptop Air,22,20790.47,15742.62,1
2025-10-10,East,Tablet,20,11810.65,7958.99,2
2025-10-10,East,Smartwatch,22,6514.81,3979.12,0
2025-10-10,East,Headphones,38,5363.3,3045.46,0
2025-10-10,West,Laptop Pro,15,21334.12,15459.49,0
2025-10-10,West,Laptop Air,15,13819.64,10598.54,1
2025-10-10,West,Tablet,22,12719.79,8785.65,0
2025-10-10,West,Smartwatch,30,8834.89,5210.53,2
2025-10-10,West,Headphones,48,6756.64,3776.79,1
2025-10-11,North,Laptop Pro,17,23973.01,17794.97,1
2025-10-11,North,Laptop Air,23,22038.23,16691.65,0
2025-10-11,North,Tablet,27,15233.12,11124.74,1
2025-10-11,North,Smartwatch,37,10824.19,6596.53,1
2025-10-11,North,Headphones,41,6043.87,3282.37,1
2025-10-11,South,Laptop Pro,9,12912.34,9097.07,2
2025-10-11,South,Laptop Air,14,13674.66,10147.5,0
2025-10-11,South,Tablet,23,13077.36,9032.68,2
2025-10-11,South,Smartwatch,39,11458.11,6976.72,1
2025-10-11,South,Headphones,60,8363.92,4845.68,2
2025-10-11,East,Laptop Pro,13,19110.37,13791.33,0
2025-10-11,East,Laptop Air,10,9452.44,6990.66,0
2025-10-11,East,Tablet,22,12642.89,8941.14,0
2025-10-11,East,Smartwatch,21,6193.38,3777.06,1
2025-10-11,East,Headphones,41,5876.35,3363.13,0
2025-10-11,West,Laptop Pro,13,18010.62,14049.03,4
2025-10-11,West,Laptop Air,22,20338.25,16348.82,3
2025-10-11,West,Tablet,18,10548.06,6994.88,0
2025-10-11,West,Smartwatch,34,9762.23,6169.24,1
2025-10-11,West,Headphones,55,8150.44,4261.19,0
2025-10-12,North,Laptop Pro,16,23099.45,17237.29,0
2025-10-12,North,Laptop Air,17,16562.77,12593.44,0
2025-10-12,North,Tablet,26,14440.01,10603.43,2
2025-10-12,North,Smartwatch,38,10822.99,6781.91,2
2025-10-12,North,Headphones,42,6206.8,3396.57,0
2025-10-12,South,Laptop Pro,14,18623.69,14537.64,1
2025-10-12,South,Laptop Air,20,18889.32,14403.97,0
2025-10-12,South,Tablet,19,11277.18,7585.98,0
2025-10-12,South,Smartwatch,34,9547.57,5875.4,0
2025-10-12,South,Headphones,53,7595.39,4171.35,2
2025-10-12,East,Laptop Pro,18,26135.44,19758.38,2
2025-10-12,East,Laptop Air,23,22638.78,16531.29,0
2025-10-12,East,Tablet,23,13493.17,9229.48,2
2025-10-12,East,Smartwatch,50,14799.29,8998.44,2
2025-10-12,East,Headphones,42,5895.11,3332.41,1
2025-10-12,West,Laptop Pro,11,16139.67,11558.34,1
2025-10-12,West,Laptop Air,10,9624.03,7141.39,0
2025-10-12,West,Tablet,28,15499.12,10688.62,1
2025-10-12,West,Smartwatch,26,7179.4,4753.59,0
2025-10-12,West,Headphones,43,6041.71,3550.97,1
2025-10-13,North,Laptop Pro,13,18253.7,13332.18,0
2025-10-13,North,Laptop Air,19,17563.83,13567.04,0
2025-10-13,North,Tablet,28,15729.07,11535.99,1
2025-10-13,North,Smartwatch,34,9832.02,6025.58,0
2025-10-13,North,Headphones,49,7314.54,3950.4,0
2025-10-13,South,Laptop Pro,12,17086.18,13690.38,0
2025-10-13,South,Laptop Air,15,14466.54,10936.57,1
2025-10-13,South,Tablet,12,7047.12,4806.61,0
2025-10-13,South,Smartwatch,25,7302.49,4579.35,0
2025-10-13,South,Headphones,43,6419.59,3493.44,2
2025-10-13,East,Laptop Pro,14,20072.42,14505.29,1
2025-10-13,East,Laptop Air,11,10690.61,7644.95,0
2025-10-13,East,Tablet,20,11751.51,8095.03,1
2025-10-13,East,Smartwatch,28,7989.83,5114.98,0
2025-10-13,East,Headphones,56,8214.01,4453.34,1
2025-10-13,West,Laptop Pro,13,18757.03,14099.14,1
2025-10-13,West,Laptop Air,12,11763.45,8889.65,0
2025-10-13,West,Tablet,28,15885.39,11373.49,1
2025-10-13,West,Smartwatch,41,11459.51,7338.88,0
2025-10-13,West,Headphones,44,6556.86,3372.8,1
2025-10-14,North,Laptop Pro,9,12614.56,9417.05,0
2025-10-14,North,Laptop Air,26,24228.47,18032.53,2
2025-10-14,North,Tablet,27,14949.45,10290.87,1
2025-10-14,North,Smartwatch,37,10364.88,6746.2,0
2025-10-14,North,Headphones,41,5878.22,3356.9,1
2025-10-14,South,Laptop Pro,6,8639.58,6054.22,0
2025-10-14,South,Laptop Air,14,13916.62,10028.28,0
2025-10-14,South,Tablet,22,12992.28,8796.92,0
2025-10-14,South,Smartwatch,22,6363.93,3936.84,0
2025-10-14,South,Headphones,45,6234.06,3500.75,0
2025-10-14,East,Laptop Pro,9,13310.62,9701.57,0
2025-10-14,East,Laptop Air,13,12439.65,9107.11,1
2025-10-14,East,Tablet,22,12146.04,8456.94,1
2025-10-14,East,Smartwatch,31,9289.75,5426.61,0
2025-10-14,East,Headphones,41,6126.88,3311.58,0
2025-10-14,West,Laptop Pro,9,13208.49,9399.5,1
2025-10-14,West,Laptop Air,21,20621.75,14887.08,0
2025-10-14,West,Tablet,19,10945.28,7680.2,0
2025-10-14,West,Smartwatch,30,8697.27,5435.92,1
2025-10-14,West,Headphones,52,7435.81,3968.03,0
2025-10-15,North,Laptop Pro,13,19270.56,13791.3,2
2025-10-15,North,Laptop Air,24,22683.18,17688.23,0
2025-10-15,North,Tablet,23,13562.98,9177.33,1
2025-10-15,North,Smartwatch,40,11566.09,7166.17,0
2025-10-15,North,Headphones,43,6432.79,3570.3,0
2025-10-15,South,Laptop Pro,8,10817.0,8280.75,0
2025-10-15,South,Laptop Air,17,16147.13,12199.45,2
2025-10-15,South,Tablet,12,7079.75,4831.77,0
2025-10-15,South,Smartwatch,22,6282.28,3963.84,0
2025-10-15,South,Headphones,36,5211.21,2864.32,2
2025-10-15,East,Laptop Pro,10,14008.48,10518.74,0
2025-10-15,East,Laptop Air,21,19347.35,15594.45,0
2025-10-15,East,Tablet,24,14256.55,9755.07,0
2025-10-15,East,Smartwatch,36,10376.55,6470.32,2
2025-10-15,East,Headphones,42,6169.96,3301.94,0
2025-10-15,West,Laptop Pro,13,18330.5,13450.44,0
2025-10-15,West,Laptop Air,12,11966.92,8804.2,2
2025-10-15,West,Tablet,22,12624.93,8519.58,1
2025-10-15,West,Smartwatch,35,9780.04,6602.8,0
2025-10-15,West,Headphones,55,7993.07,4397.2,1
2025-10-16,North,Laptop Pro,12,16793.43,12252.61,0
2025-10-16,North,Laptop Air,19,18776.73,13729.79,0
2025-10-16,North,Tablet,28,15565.77,11020.64,0
2025-10-16,North,Smartwatch,28,7868.14,4997.77,1
2025-10-16,North,Headphones,50,7265.34,3879.14,2
2025-10-16,South,Laptop Pro,3,4295.11,3134.97,0
2025-10-16,South,Laptop Air,23,22042.42,15856.98,0
2025-10-16,South,Tablet,26,14763.31,10275.23,0
2025-10-16,South,Smartwatch,19,5641.21,3363.41,1
2025-10-16,South,Headphones,41,5690.88,3247.05,1
2025-10-16,East,Laptop Pro,10,14084.76,10339.52,1
2025-10-16,East,Laptop Air,16,14781.91,11527.83,2
2025-10-16,East,Tablet,26,15226.54,10584.71,2
2025-10-16,East,Smartwatch,27,7819.14,4895.05,2
2025-10-16,East,Headphones,40,5884.75,3283.15,1
2025-10-16,West,Laptop Pro,17,24941.48,17672.03,0
2025-10-16,West,Laptop Air,25,24709.43,18116.9,1
2025-10-16,West,Tablet,24,14255.73,9669.91,0
2025-10-16,West,Smartwatch,31,8800.94,5708.52,0
2025-10-16,West,Headphones,33,4887.85,2601.43,0
2025-10-17,North,Laptop Pro,11,16323.87,11732.22,0
2025-10-17,North,Laptop Air,8,7657.87,5661.24,0
2025-10-17,North,Tablet,19,10757.95,7513.37,0
2025-10-17,North,Smartwatch,27,7595.83,4825.14,0
2025-10-17,North,Headphones,50,7151.86,4036.25,2
2025-10-17,South,Laptop Pro,8,11381.58,8217.38,1
2025-10-17,South,Laptop Air,18,17174.55,12714.37,0
2025-10-17,South,Tablet,14,7979.46,5527.75,0
2025-10-17,South,Smartwatch,20,5876.11,3603.49,0
2025-10-17,South,Headphones,36,5337.58,2826.07,2
2025-10-17,East,Laptop Pro,17,23611.67,17944.24,0
2025-10-17,East,Laptop Air,17,16869.51,12152.4,2
2025-10-17,East,Tablet,20,11733.91,8105.26,0
2025-10-17,East,Smartwatch,32,9422.25,5767.25,1
2025-10-17,East,Headphones,46,6407.62,3808.96,0
2025-10-17,West,Laptop Pro,7,10078.35,7367.81,0
2025-10-17,West,Laptop Air,21,19392.95,14751.56,0
2025-10-17,West,Tablet,20,11204.91,7965.96,0
2025-10-17,West,Smartwatch,37,10429.67,6662.82,4
2025-10-17,West,Headphones,55,8133.33,4320.04,2
2025-10-18,North,Laptop Pro,8,11669.42,8654.87,0
2025-10-18,North,Laptop Air,22,20556.32,15741.81,1
2025-10-18,North,Tablet,24,13266.97,9476.22,0
2025-10-18,North,Smartwatch,33,9204.69,5961.57,2
2025-10-18,North,Headphones,55,7624.05,4320.25,1
2025-10-18,South,Laptop Pro,7,9585.6,7492.05,0
2025-10-18,South,Laptop Air,14,13459.24,10234.3,0
2025-10-18,South,Tablet,18,10355.28,7218.81,0
2025-10-18,South,Smartwatch,29,8380.89,5281.76,2
2025-10-18,South,Headphones,50,7407.08,3960.03,0
2025-10-18,East,Laptop Pro,9,13169.78,9165.99,0
2025-10-18,East,Laptop Air,20,19855.4,14306.22,1
2025-10-18,East,Tablet,27,16085.23,10691.67,0
2025-10-18,East,Smartwatch,29,8482.96,5007.39,0
2025-10-18,East,Headphones,39,5538.25,3053.99,1
2025-10-18,West,Laptop Pro,8,11410.84,8193.3,0
2025-10-18,West,Laptop Air,16,15283.89,11277.21,1
2025-10-18,West,Tablet,33,18613.69,13551.99,1
2025-10-18,West,Smartwatch,27,7826.1,4909.76,0
2025-10-18,West,Headphones,49,7090.04,3995.65,1
2025-10-19,North,Laptop Pro,14,20129.73,14849.82,0
2025-10-19,North,Laptop Air,20,19893.46,14711.91,1
2025-10-19,North,Tablet,29,16590.28,11606.25,1
2025-10-19,North,Smartwatch,32,9023.82,5934.61,1
2025-10-19,North,Headphones,49,7194.98,3823.46,1
2025-10-19,South,Laptop Pro,5,6716.62,5242.89,1
2025-10-19,South,Laptop Air,16,15659.24,11283.87,0
2025-10-19,South,Tablet,33,18987.07,13527.81,2
2025-10-19,South,Smartwatch,33,9207.42,5989.87,0
2025-10-19,South,Headphones,52,7339.41,4258.73,2
2025-10-19,East,Laptop Pro,15,21462.97,15307.91,0
2025-10-19,East,Laptop Air,19,18053.45,13515.17,0
2025-10-19,East,Tablet,24,14274.56,9257.48,0
2025-10-19,East,Smartwatch,32,9062.92,5801.62,2
2025-10-19,East,Headphones,52,7418.16,4124.38,2
2025-10-19,West,Laptop Pro,11,16388.41,11724.54,1
2025-10-19,West,Laptop Air,14,13860.77,10086.38,0
2025-10-19,West,Tablet,22,12174.62,8425.09,1
2025-10-19,West,Smartwatch,41,12124.74,7134.93,0
2025-10-19,West,Headphones,40,5570.03,3205.27,1
2025-10-20,North,Laptop Pro,17,24937.3,18016.26,0
2025-10-20,North,Laptop Air,12,11619.72,8257.03,1
2025-10-20,North,Tablet,28,16053.42,11181.3,1
2025-10-20,North,Smartwatch,25,7124.48,4408.43,0
2025-10-20,North,Headphones,64,9217.71,5006.31,2
2025-10-20,South,Laptop Pro,9,12632.38,9326.2,0
2025-10-20,South,Laptop Air,14,13441.47,10104.9,0
2025-10-20,South,Tablet,26,14725.54,10253.04,0
2025-10-20,South,Smartwatch,29,8424.05,5012.65,0
2025-10-20,South,Headphones,44,6312.11,3528.14,0
2025-10-20,East,Laptop Pro,11,15999.49,11468.99,1
2025-10-20,East,Laptop Air,17,16551.3,12010.31,1
2025-10-20,East,Tablet,20,11713.13,7950.75,0
2025-10-20,East,Smartwatch,16,4714.0,2859.96,2
2025-10-20,East,Headphones,47,6620.93,3763.31,2
2025-10-20,West,Laptop Pro,16,22110.92,16716.71,0
2025-10-20,West,Laptop Air,18,17958.25,13002.87,0
2025-10-20,West,Tablet,29,17127.08,11588.72,2
2025-10-20,West,Smartwatch,27,7475.17,4939.67,0
2025-10-20,West,Headphones,53,7732.63,4374.39,1
2025-10-21,North,Laptop Pro,13,18893.2,13645.87,2
2025-10-21,North,Laptop Air,13,12310.51,9243.63,1
2025-10-21,North,Tablet,18,10495.28,6993.09,1
2025-10-21,North,Smartwatch,34,9797.96,6199.11,2
2025-10-21,North,Headphones,54,7516.33,4242.02,0
2025-10-21,South,Laptop Pro,5,6885.72,5496.49,1
2025-10-21,South,Laptop Air,17,16093.04,12920.34,1
2025-10-21,South,Tablet,22,12970.76,8762.51,0
2025-10-21,South,Smartwatch,18,5287.05,3132.11,0
2025-10-21,South,Headphones,41,5711.35,3322.89,0
2025-10-21,East,Laptop Pro,14,19458.46,15317.04,1
2025-10-21,East,Laptop Air,21,19644.28,14723.17,1
2025-10-21,East,Tablet,24,14259.38,9964.43,2
2025-10-21,East,Smartwatch,28,7849.95,4853.62,0
2025-10-21,East,Headphones,44,6589.85,3417.62,1
2025-10-21,West,Laptop Pro,15,21426.2,15847.32,0
2025-10-21,West,Laptop Air,28,26487.41,20569.94,3
2025-10-21,West,Tablet,24,13908.78,9587.24,1
2025-10-21,West,Smartwatch,25,7212.47,4540.45,1
2025-10-21,West,Headphones,43,6067.21,3515.98,0
2025-10-22,North,Laptop Pro,14,19496.61,15058.73,0
2025-10-22,North,Laptop Air,15,14772.79,10665.58,0
2025-10-22,North,Tablet,29,17207.23,11399.68,2
2025-10-22,North,Smartwatch,41,11680.09,7535.51,0
2025-10-22,North,Headphones,48,7067.08,3874.88,2
2025-10-22,South,Laptop Pro,8,11368.95,8498.91,0
2025-10-22,South,Laptop Air,21,20658.13,14920.06,1
2025-10-22,South,Tablet,15,8858.28,6076.57,0
2025-10-22,South,Smartwatch,31,8945.02,5457.86,0
2025-10-22,South,Headphones,46,6367.66,3698.2,1
2025-10-22,East,Laptop Pro,11,15406.95,11575.82,0
2025-10-22,East,Laptop Air,8,7652.27,5773.67,0
2025-10-22,East,Tablet,24,14306.5,9749.99,1
2025-10-22,East,Smartwatch,28,7947.79,4937.16,0
2025-10-22,East,Headphones,26,3759.24,2108.16,0
2025-10-22,West,Laptop Pro,11,15472.56,11554.77,1
2025-10-22,West,Laptop Air,16,15367.73,11337.63,0
2025-10-22,West,Tablet,27,15333.92,10514.49,0
2025-10-22,West,Smartwatch,32,9446.36,5977.58,0
2025-10-22,West,Headphones,41,5740.06,3275.44,0
2025-10-23,North,Laptop Pro,14,19690.57,14595.64,0
2025-10-23,North,Laptop Air,13,12611.02,9145.9,0
2025-10-23,North,Tablet,27,14951.12,11035.15,0
2025-10-23,North,Smartwatch,32,9476.82,5876.48,2
2025-10-23,North,Headphones,40,5990.39,3252.38,1
2025-10-23,South,Laptop Pro,6,8114.15,6292.31,0
2025-10-23,South,Laptop Air,22,20943.0,16078.0,1
2025-10-23,South,Tablet,15,8920.14,5901.14,0
2025-10-23,South,Smartwatch,26,7700.47,4700.37,0
2025-10-23,South,Headphones,46,6827.75,3676.0,4
2025-10-23,East,Laptop Pro,7,10359.84,7389.26,0
2025-10-23,East,Laptop Air,14,13483.22,9714.47,0
2025-10-23,East,Tablet,17,10158.41,7054.28,1
2025-10-23,East,Smartwatch,19,5463.16,3530.71,1
2025-10-23,East,Headphones,43,6137.63,3360.88,1
2025-10-23,West,Laptop Pro,11,15539.87,11683.37,1
2025-10-23,West,Laptop Air,22,20334.98,15368.92,1
2025-10-23,West,Tablet,24,14304.99,9616.1,1
2025-10-23,West,Smartwatch,37,11068.78,6367.53,1
2025-10-23,West,Headphones,50,7416.52,3976.63,2
2025-10-24,North,Laptop Pro,10,14595.22,10397.57,0
2025-10-24,North,Laptop Air,21,20117.39,15469.8,0
2025-10-24,North,Tablet,22,13195.47,9093.65,0
2025-10-24,North,Smartwatch,36,10201.79,6699.15,0
2025-10-24,North,Headphones,47,6510.32,3847.1,0
2025-10-24,South,Laptop Pro,8,11307.75,8413.85,0
2025-10-24,South,Laptop Air,13,12990.85,9432.69,0
2025-10-24,South,Tablet,22,12404.57,8867.48,2
2025-10-24,South,Smartwatch,30,8445.56,5272.53,0
2025-10-24,South,Headphones,42,6278.07,3437.01,0
2025-10-24,East,Laptop Pro,14,19962.9,14902.88,1
2025-10-24,East,Laptop Air,17,16669.74,12420.3,0
2025-10-24,East,Tablet,24,13670.93,9161.96,1
2025-10-24,East,Smartwatch,34,9607.28,6175.42,1
2025-10-24,East,Headphones,33,4861.79,2693.1,1
2025-10-24,West,Laptop Pro,14,20561.92,14695.52,0
2025-10-24,West,Laptop Air,14,13315.04,9979.05,0
2025-10-24,West,Tablet,22,12585.13,8560.22,1
2025-10-24,West,Smartwatch,24,6689.57,4196.09,0
2025-10-24,West,Headphones,42,6042.77,3370.37,0
2025-10-25,North,Laptop Pro,12,16848.33,12540.84,0
2025-10-25,North,Laptop Air,12,11297.27,8597.01,1
2025-10-25,North,Tablet,27,15337.25,11130.25,1
2025-10-25,North,Smartwatch,28,8271.13,4913.4,1
2025-10-25,North,Headphones,59,8654.34,4687.37,2
2025-10-25,South,Laptop Pro,9,12374.45,9770.19,0
2025-10-25,South,Laptop Air,20,19894.49,14310.12,2
2025-10-25,South,Tablet,28,16739.45,11214.85,2
2025-10-25,South,Smartwatch,21,6274.89,3766.76,0
2025-10-25,South,Headphones,35,4863.05,2839.52,0
2025-10-25,East,Laptop Pro,15,21260.02,15102.66,0
2025-10-25,East,Laptop Air,14,13062.83,10039.0,1
2025-10-25,East,Tablet,20,11075.12,8008.71,0
2025-10-25,East,Smartwatch,32,9061.66,5645.01,0
2025-10-25,East,Headphones,47,6759.36,3785.84,2
2025-10-25,West,Laptop Pro,12,17310.21,12798.17,0
2025-10-25,West,Laptop Air,19,17866.04,13803.65,0
2025-10-25,West,Tablet,28,15633.55,11598.56,1
2025-10-25,West,Smartwatch,32,8962.85,5710.08,1
2025-10-25,West,Headphones,54,7780.57,4363.08,1
2025-10-26,North,Laptop Pro,12,16886.15,12719.96,0
2025-10-26,North,Laptop Air,29,27894.32,20781.61,1
2025-10-26,North,Tablet,22,12794.09,8999.48,0
2025-10-26,North,Smartwatch,36,10542.81,6517.36,5
2025-10-26,North,Headphones,60,8960.73,4684.7,1
2025-10-26,South,Laptop Pro,2,2836.64,2131.53,0
2025-10-26,South,Laptop Air,18,16948.79,12830.56,1
2025-10-26,South,Tablet,16,9468.13,6358.69,0
2025-10-26,South,Smartwatch,42,11691.61,7522.4,0
2025-10-26,South,Headphones,42,6260.39,3409.41,3
2025-10-26,East,Laptop Pro,9,13444.78,9653.93,1
2025-10-26,East,Laptop Air,19,18268.75,13636.36,0
2025-10-26,East,Tablet,25,14732.8,9956.63,0
2025-10-26,East,Smartwatch,28,8330.82,4833.65,0
2025-10-26,East,Headphones,41,6120.54,3233.44,0
2025-10-26,West,Laptop Pro,11,15803.97,11331.3,0
2025-10-26,West,Laptop Air,19,18605.61,13765.14,1
2025-10-26,West,Tablet,31,17773.02,12373.45,0
2025-10-26,West,Smartwatch,34,10078.99,6008.76,1
2025-10-26,West,Headphones,45,6736.81,3610.99,3
2025-10-27,North,Laptop Pro,11,16464.02,11534.37,2
2025-10-27,North,Laptop Air,17,16846.76,11618.1,1
2025-10-27,North,Tablet,29,16291.91,11857.04,1
2025-10-27,North,Smartwatch,38,10990.96,6978.29,1
2025-10-27,North,Headphones,49,6983.17,3901.35,1
2025-10-27,South,Laptop Pro,6,8021.81,6344.43,0
2025-10-27,South,Laptop Air,20,19659.83,14306.32,2
2025-10-27,South,Tablet,30,16745.26,11614.93,1
2025-10-27,South,Smartwatch,23,6488.41,4319.16,1
2025-10-27,South,Headphones,32,4520.06,2598.39,0
2025-10-27,East,Laptop Pro,11,15350.63,11767.28,0
2025-10-27,East,Laptop Air,13,12869.09,9306.73,1
2025-10-27,East,Tablet,18,10333.01,7362.14,0
2025-10-27,East,Smartwatch,38,10959.02,6652.55,0
2025-10-27,East,Headphones,47,6675.5,3741.54,1
2025-10-27,West,Laptop Pro,9,13242.97,9589.82,1
2025-10-27,West,Laptop Air,17,16826.84,12086.56,0
2025-10-27,West,Tablet,19,10512.22,7738.43,0
2025-10-27,West,Smartwatch,33,9531.18,5976.09,1
2025-10-27,West,Headphones,46,6771.92,3695.43,2
2025-10-28,North,Laptop Pro,13,19299.3,13453.42,0
2025-10-28,North,Laptop Air,23,21907.78,16693.93,1
2025-10-28,North,Tablet,19,11265.24,7893.75,0
2025-10-28,North,Smartwatch,29,8572.6,5238.3,1
2025-10-28,North,Headphones,63,8730.17,5096.04,1
2025-10-28,South,Laptop Pro,9,12941.78,9582.97,2
2025-10-28,South,Laptop Air,14,13790.75,9849.29,1
2025-10-28,South,Tablet,26,14762.32,10372.42,0
2025-10-28,South,Smartwatch,31,9138.63,5561.81,0
2025-10-28,South,Headphones,37,5469.22,2834.21,1
2025-10-28,East,Laptop Pro,13,18631.86,13865.39,0
2025-10-28,East,Laptop Air,20,18886.47,14131.63,1
2025-10-28,East,Tablet,25,14483.24,10135.93,1
2025-10-28,East,Smartwatch,34,9562.47,6027.22,0
2025-10-28,East,Headphones,32,4486.96,2664.56,1
2025-10-28,West,Laptop Pro,9,12827.07,9397.35,0
2025-10-28,West,Laptop Air,18,17167.94,13457.96,1
2025-10-28,West,Tablet,19,10655.53,7573.75,0
2025-10-28,West,Smartwatch,22,6592.06,3955.77,0
2025-10-28,West,Headphones,34,4891.66,2805.22,0
2025-10-29,North,Laptop Pro,13,19299.18,13399.5,0
2025-10-29,North,Laptop Air,13,12769.58,9369.35,1
2025-10-29,North,Tablet,21,11643.41,8490.64,0
2025-10-29,North,Smartwatch,35,10496.88,6350.88,0
2025-10-29,North,Headphones,57,8340.0,4563.92,4
2025-10-29,South,Laptop Pro,8,11379.68,8384.15,0
2025-10-29,South,Laptop Air,18,17178.6,13179.4,0
2025-10-29,South,Tablet,17,9511.08,6824.04,1
2025-10-29,South,Smartwatch,24,6974.85,4403.5,1
2025-10-29,South,Headphones,35,4898.38,2821.95,0
2025-10-29,East,Laptop Pro,11,15918.89,11700.2,2
2025-10-29,East,Laptop Air,19,17618.25,13990.14,0
2025-10-29,East,Tablet,21,11746.28,8347.91,0
2025-10-29,East,Smartwatch,20,5914.17,3679.66,0
2025-10-29,East,Headphones,44,6132.69,3508.96,2
2025-10-29,West,Laptop Pro,15,22153.38,15308.79,0
2025-10-29,West,Laptop Air,27,25940.75,19312.01,2
2025-10-29,West,Tablet,15,8858.88,5913.28,0
2025-10-29,West,Smartwatch,40,11629.0,7254.05,0
2025-10-29,West,Headphones,45,6217.77,3579.42,2
2025-10-30,North,Laptop Pro,13,18306.38,13684.91,3
2025-10-30,North,Laptop Air,15,14335.11,11019.07,0
2025-10-30,North,Tablet,21,11657.04,8649.61,0
2025-10-30,North,Smartwatch,35,10197.85,6336.88,1
2025-10-30,North,Headphones,44,6508.55,3596.43,1
2025-10-30,South,Laptop Pro,7,9387.12,7323.96,0
2025-10-30,South,Laptop Air,22,21978.57,15344.79,0
2025-10-30,South,Tablet,27,15157.24,10545.27,2
2025-10-30,South,Smartwatch,27,8085.84,4840.98,0
2025-10-30,South,Headphones,54,7915.72,4388.74,0
2025-10-30,East,Laptop Pro,13,18945.42,13597.35,0
2025-10-30,East,Laptop Air,16,15592.28,11793.23,0
2025-10-30,East,Tablet,16,9413.04,6634.45,0
2025-10-30,East,Smartwatch,29,8624.71,5127.26,0
2025-10-30,East,Headphones,36,5398.63,3002.39,1
2025-10-30,West,Laptop Pro,15,21105.52,15235.06,0
2025-10-30,West,Laptop Air,18,17342.04,13439.22,0
2025-10-30,West,Tablet,9,5330.04,3597.59,1
2025-10-30,West,Smartwatch,27,8046.75,4837.37,1
2025-10-30,West,Headphones,48,7039.62,3839.38,0
2025-10-31,North,Laptop Pro,9,13117.28,9298.81,0
2025-10-31,North,Laptop Air,18,17335.56,13349.2,1
2025-10-31,North,Tablet,23,13688.44,9072.67,1
2025-10-31,North,Smartwatch,32,8847.42,5694.97,1
2025-10-31,North,Headphones,45,6604.88,3500.69,2
2025-10-31,South,Laptop Pro,5,6935.22,5173.28,0
2025-10-31,South,Laptop Air,13,12262.62,9228.91,2
2025-10-31,South,Tablet,18,10532.0,7089.5,0
2025-10-31,South,Smartwatch,30,8940.6,5381.02,0
2025-10-31,South,Headphones,40,5819.26,3128.66,1
2025-10-31,East,Laptop Pro,12,17203.86,13001.82,0
2025-10-31,East,Laptop Air,14,13057.24,10049.2,0
2025-10-31,East,Tablet,20,11646.79,8059.85,0
2025-10-31,East,Smartwatch,34,9474.15,6225.48,1
2025-10-31,East,Headphones,52,7459.25,4328.47,2
2025-10-31,West,Laptop Pro,9,12725.11,9621.97,0
2025-10-31,West,Laptop Air,16,15961.39,11462.9,0
2025-10-31,West,Tablet,21,11697.11,8219.78,0
2025-10-31,West,Smartwatch,23,6782.18,4167.99,1
2025-10-31,West,Headphones,51,7450.57,4166.68,1
2025-11-01,North,Laptop Pro,12,17245.94,12635.77,0
2025-11-01,North,Laptop Air,22,20310.7,15860.66,0
2025-11-01,North,Tablet,32,18669.04,12854.65,0
2025-11-01,North,Smartwatch,47,13851.27,8143.63,1
2025-11-01,North,Headphones,64,8862.16,5135.0,2
2025-11-01,South,Laptop Pro,9,12082.43,9588.4,2
2025-11-01,South,Laptop Air,21,19885.45,15106.19,3
2025-11-01,South,Tablet,29,16829.79,11860.65,1
2025-11-01,South,Smartwatch,33,9567.0,6077.44,1
2025-11-01,South,Headphones,59,8176.93,4672.43,2
2025-11-01,East,Laptop Pro,12,17900.7,12711.33,0
2025-11-01,East,Laptop Air,18,16909.2,12971.08,1
2025-11-01,East,Tablet,43,24559.23,16502.18,2
2025-11-01,East,Smartwatch,29,8025.97,5200.46,0
2025-11-01,East,Headphones,67,9601.04,5249.49,1
2025-11-01,West,Laptop Pro,20,29326.7,21056.28,0
2025-11-01,West,Laptop Air,16,15001.7,11677.31,1
2025-11-01,West,Tablet,27,14922.63,10752.99,0
2025-11-01,West,Smartwatch,43,11963.51,7600.67,0
2025-11-01,West,Headphones,54,7909.01,4340.21,0
2025-11-02,North,Laptop Pro,21,30627.2,23127.67,2
2025-11-02,North,Laptop Air,27,25369.59,18595.41,2
2025-11-02,North,Tablet,25,14282.17,10046.56,2
2025-11-02,North,Smartwatch,42,12588.29,7477.78,2
2025-11-02,North,Headphones,66,9787.65,5235.01,0
2025-11-02,South,Laptop Pro,9,12858.82,9430.21,0
2025-11-02,South,Laptop Air,16,15771.23,11440.73,0
2025-11-02,South,Tablet,28,16390.2,11334.8,1
2025-11-02,South,Smartwatch,32,8857.19,5732.15,1
2025-11-02,South,Headphones,58,8229.18,4439.38,0
2025-11-02,East,Laptop Pro,15,22401.43,16153.1,2
2025-11-02,East,Laptop Air,18,17125.39,13252.71,0
2025-11-02,East,Tablet,22,12738.88,8693.21,1
2025-11-02,East,Smartwatch,36,10148.51,6486.45,2
2025-11-02,East,Headphones,49,6830.25,4015.46,1
2025-11-02,West,Laptop Pro,21,31335.66,22505.63,1
2025-11-02,West,Laptop Air,17,15667.29,12572.28,1
2025-11-02,West,Tablet,35,20902.72,14104.85,2
2025-11-02,West,Smartwatch,37,10449.65,6762.5,2
2025-11-02,West,Headphones,61,8488.91,5017.5,1
2025-11-03,North,Laptop Pro,11,15507.73,11470.7,0
2025-11-03,North,Laptop Air,20,19758.74,14526.9,1
2025-11-03,North,Tablet,32,18880.52,12250.47,1
2025-11-03,North,Smartwatch,31,9269.36,5403.69,1
2025-11-03,North,Headphones,60,8905.63,4848.0,1
2025-11-03,South,Laptop Pro,7,10018.42,7445.94,0
2025-11-03,South,Laptop Air,14,13939.92,10001.92,0
2025-11-03,South,Tablet,25,14325.47,9878.72,3
2025-11-03,South,Smartwatch,49,14609.8,8757.28,1
2025-11-03,South,Headphones,53,7679.66,4256.27,0
2025-11-03,East,Laptop Pro,12,16978.09,12016.94,0
2025-11-03,East,Laptop Air,22,21973.36,15987.51,1
2025-11-03,East,Tablet,21,11956.01,8405.44,0
2025-11-03,East,Smartwatch,34,9582.14,6150.29,1
2025-11-03,East,Headphones,51,7321.56,4069.9,0
2025-11-03,West,Laptop Pro,19,27415.65,19398.15,0
2025-11-03,West,Laptop Air,15,14122.99,10562.79,0
2025-11-03,West,Tablet,24,13789.75,9892.51,0
2025-11-03,West,Smartwatch,37,10647.76,6574.4,2
2025-11-03,West,Headphones,59,8282.31,4796.26,3
2025-11-04,North,Laptop Pro,17,23791.39,17463.6,1
2025-11-04,North,Laptop Air,24,23292.64,17274.82,2
2025-11-04,North,Tablet,19,11021.08,7533.02,0
2025-11-04,North,Smartwatch,34,9546.58,6084.81,2
2025-11-04,North,Headphones,71,10185.77,5641.38,1
2025-11-04,South,Laptop Pro,13,17623.0,14044.19,2
2025-11-04,South,Laptop Air,12,11927.83,8973.07,0
2025-11-04,South,Tablet,12,7145.07,4822.81,0
2025-11-04,South,Smartwatch,40,11489.47,7140.57,0
2025-11-04,South,Headphones,62,8690.49,4828.14,0
2025-11-04,East,Laptop Pro,16,23392.24,16330.25,0
2025-11-04,East,Laptop Air,18,16616.69,13335.67,0
2025-11-04,East,Tablet,29,16341.63,11259.29,3
2025-11-04,East,Smartwatch,34,9562.12,6066.1,0
2025-11-04,East,Headphones,38,5319.68,3049.44,1
2025-11-04,West,Laptop Pro,16,23511.38,15925.87,1
2025-11-04,West,Laptop Air,24,23365.77,16847.79,0
2025-11-04,West,Tablet,32,19018.09,12457.36,0
2025-11-04,West,Smartwatch,29,8435.27,5150.5,0
2025-11-04,West,Headphones,53,7927.21,4261.94,1
2025-11-05,North,Laptop Pro,13,18327.68,13930.58,0
2025-11-05,North,Laptop Air,17,15908.52,12077.56,0
2025-11-05,North,Tablet,26,15333.4,10303.97,0
2025-11-05,North,Smartwatch,40,11529.7,7182.78,2
2025-11-05,North,Headphones,41,5819.38,3227.16,2
2025-11-05,South,Laptop Pro,3,4045.31,3176.32,0
2025-11-05,South,Laptop Air,22,20293.79,15982.15,1
2025-11-05,South,Tablet,24,14168.85,9077.46,2
2025-11-05,South,Smartwatch,38,11174.99,6927.47,0
2025-11-05,South,Headphones,50,6987.67,4010.18,0
2025-11-05,East,Laptop Pro,9,13395.01,9498.91,0
2025-11-05,East,Laptop Air,19,17805.46,14002.74,0
2025-11-05,East,Tablet,35,20775.99,13499.84,2
2025-11-05,East,Smartwatch,33,9532.14,5790.85,2
2025-11-05,East,Headphones,40,5715.72,3195.5,1
2025-11-05,West,Laptop Pro,16,22525.68,16020.02,0
2025-11-05,West,Laptop Air,24,23780.1,17206.85,2
2025-11-05,West,Tablet,21,11769.35,8542.14,0
2025-11-05,West,Smartwatch,32,8946.77,5805.69,0
2025-11-05,West,Headphones,59,8288.2,4727.46,0
2025-11-06,North,Laptop Pro,11,15262.75,11496.24,1
2025-11-06,North,Laptop Air,18,16744.0,12849.1,1
2025-11-06,North,Tablet,35,19709.8,13864.07,1
2025-11-06,North,Smartwatch,40,11443.84,7232.94,1
2025-11-06,North,Headphones,46,6453.64,3565.85,0
2025-11-06,South,Laptop Pro,8,10560.07,8645.8,1
2025-11-06,South,Laptop Air,16,15184.23,11350.05,1
2025-11-06,South,Tablet,26,15297.23,10516.0,2
2025-11-06,South,Smartwatch,32,9409.65,5769.26,1
2025-11-06,South,Headphones,46,6460.62,3595.09,0
2025-11-06,East,Laptop Pro,15,20718.99,16157.19,2
2025-11-06,East,Laptop Air,16,15730.8,11769.17,0
2025-11-06,East,Tablet,27,14942.77,10460.74,0
2025-11-06,East,Smartwatch,21,6164.78,3774.44,0
2025-11-06,East,Headphones,38,5511.76,3052.61,0
2025-11-06,West,Laptop Pro,14,19474.3,14091.03,1
2025-11-06,West,Laptop Air,32,29537.75,22062.85,1
2025-11-06,West,Tablet,30,17183.59,11799.92,0
2025-11-06,West,Smartwatch,38,10533.52,6660.35,0
2025-11-06,West,Headphones,47,6574.88,3681.53,1
2025-11-07,North,Laptop Pro,18,25128.59,18403.67,0
2025-11-07,North,Laptop Air,23,21402.42,16519.46,0
2025-11-07,North,Tablet,25,14536.5,9821.54,0
2025-11-07,North,Smartwatch,41,12269.82,7544.42,2
2025-11-07,North,Headphones,56,8289.35,4496.15,4
2025-11-07,South,Laptop Pro,4,5710.48,4266.72,0
2025-11-07,South,Laptop Air,18,17650.95,12522.4,1
2025-11-07,South,Tablet,28,16725.68,11059.28,2
2025-11-07,South,Smartwatch,28,8213.9,5053.73,0
2025-11-07,South,Headphones,55,7861.29,4439.86,3
2025-11-07,East,Laptop Pro,11,16313.8,11400.38,0
2025-11-07,East,Laptop Air,19,18520.07,13542.89,1
2025-11-07,East,Tablet,20,11784.83,7937.35,0
2025-11-07,East,Smartwatch,34,10122.4,6083.54,0
2025-11-07,East,Headphones,45,6384.91,3755.82,2
2025-11-07,West,Laptop Pro,17,23678.23,17961.83,1
2025-11-07,West,Laptop Air,24,22625.29,17293.78,0
2025-11-07,West,Tablet,30,17014.73,11697.84,1
2025-11-07,West,Smartwatch,34,9397.86,5968.79,3
2025-11-07,West,Headphones,46,6496.34,3664.31,2
2025-11-08,North,Laptop Pro,15,22415.22,16106.07,1
2025-11-08,North,Laptop Air,35,34388.91,25099.63,0
2025-11-08,North,Tablet,36,20498.47,14354.98,1
2025-11-08,North,Smartwatch,21,5977.92,3723.73,0
2025-11-08,North,Headphones,60,8400.53,4632.8,2
2025-11-08,South,Laptop Pro,6,8502.03,6355.05,1
2025-11-08,South,Laptop Air,16,14744.04,11461.4,2
2025-11-08,South,Tablet,29,16681.32,11703.48,0
2025-11-08,South,Smartwatch,31,8615.21,5597.26,3
2025-11-08,South,Headphones,54,7756.99,4236.7,3
2025-11-08,East,Laptop Pro,10,14775.7,10547.34,1
2025-11-08,East,Laptop Air,31,30129.47,21743.67,2
2025-11-08,East,Tablet,24,14145.22,9641.77,0
2025-11-08,East,Smartwatch,34,9984.39,6112.31,0
2025-11-08,East,Headphones,57,7941.0,4700.5,0
2025-11-08,West,Laptop Pro,13,18911.26,13413.34,0
2025-11-08,West,Laptop Air,25,24634.66,17522.32,0
2025-11-08,West,Tablet,22,12815.04,8727.28,1
2025-11-08,West,Smartwatch,46,13118.55,8380.86,1
2025-11-08,West,Headphones,73,10774.02,5513.23,0
2025-11-09,North,Laptop Pro,14,20914.35,14957.41,0
2025-11-09,North,Laptop Air,26,24185.99,18641.89,1
2025-11-09,North,Tablet,38,22363.66,14852.86,3
2025-11-09,North,Smartwatch,39,10823.56,6968.35,1
2025-11-09,North,Headphones,57,8517.75,4492.41,2
2025-11-09,South,Laptop Pro,10,13574.73,10242.73,4
2025-11-09,South,Laptop Air,16,15148.49,11073.35,1
2025-11-09,South,Tablet,20,11850.21,8116.88,1
2025-11-09,South,Smartwatch,26,7384.9,4627.63,1
2025-11-09,South,Headphones,41,5959.28,3254.32,3
2025-11-09,East,Laptop Pro,14,20358.63,14948.36,0
2025-11-09,East,Laptop Air,26,24174.84,18740.92,2
2025-11-09,East,Tablet,39,21617.08,15113.46,1
2025-11-09,East,Smartwatch,30,8877.52,5472.66,0
2025-11-09,East,Headphones,44,6238.8,3624.46,1
2025-11-09,West,Laptop Pro,20,29628.7,21211.3,2
2025-11-09,West,Laptop Air,15,14958.0,10613.16,1
2025-11-09,West,Tablet,33,19563.14,12811.19,2
2025-11-09,West,Smartwatch,42,11960.27,7423.71,2
2025-11-09,West,Headphones,64,9042.1,5130.55,1
2025-11-10,North,Laptop Pro,6,8634.93,6479.71,1
2025-11-10,North,Laptop Air,16,14781.87,11345.04,0
2025-11-10,North,Tablet,21,11829.71,8290.98,0
2025-11-10,North,Smartwatch,43,12733.21,7898.12,1
2025-11-10,North,Headphones,57,8407.77,4520.42,1
2025-11-10,South,Laptop Pro,6,8181.31,6515.96,1
2025-11-10,South,Laptop Air,19,18493.38,13639.48,1
2025-11-10,South,Tablet,33,19798.59,13508.29,0
2025-11-10,South,Smartwatch,33,9880.76,5985.47,2
2025-11-10,South,Headphones,51,7400.24,4137.7,1
2025-11-10,East,Laptop Pro,9,12934.5,9416.53,2
2025-11-10,East,Laptop Air,22,20850.16,15804.63,0
2025-11-10,East,Tablet,26,14647.6,10487.14,1
2025-11-10,East,Smartwatch,34,9409.49,6217.69,1
2025-11-10,East,Headphones,42,5877.21,3395.35,1
2025-11-10,West,Laptop Pro,14,20402.02,14180.37,0
2025-11-10,West,Laptop Air,20,19144.49,14474.21,0
2025-11-10,West,Tablet,22,12971.99,8684.44,0
2025-11-10,West,Smartwatch,28,7749.0,4984.98,1
2025-11-10,West,Headphones,46,6604.44,3713.67,1
2025-11-11,North,Laptop Pro,19,27930.75,20627.47,1
2025-11-11,North,Laptop Air,23,21667.76,16483.14,1
2025-11-11,North,Tablet,34,19603.76,14136.62,0
2025-11-11,North,Smartwatch,33,9110.59,5809.68,0
2025-11-11,North,Headphones,56,8349.79,4590.36,2
2025-11-11,South,Laptop Pro,6,8366.0,6354.27,1
2025-11-11,South,Laptop Air,13,12020.47,9399.04,1
2025-11-11,South,Tablet,15,8667.94,6165.98,1
2025-11-11,South,Smartwatch,36,10530.61,6397.51,3
2025-11-11,South,Headphones,42,5995.14,3445.85,2
2025-11-11,East,Laptop Pro,9,12782.35,9410.63,0
2025-11-11,East,Laptop Air,21,20844.08,14925.83,0
2025-11-11,East,Tablet,17,9988.34,6619.57,0
2025-11-11,East,Smartwatch,43,12581.14,7985.41,1
2025-11-11,East,Headphones,55,8087.77,4500.43,1
2025-11-11,West,Laptop Pro,14,20356.77,14559.45,0
2025-11-11,West,Laptop Air,24,23357.36,17468.5,0
2025-11-11,West,Tablet,26,14687.19,10426.33,2
2025-11-11,West,Smartwatch,35,9996.9,6255.53,0
2025-11-11,West,Headphones,48,6952.78,3914.09,2
2025-11-12,North,Laptop Pro,17,25091.99,17626.73,2
2025-11-12,North,Laptop Air,21,20293.33,14457.25,1
2025-11-12,North,Tablet,41,24244.81,16485.23,0
2025-11-12,North,Smartwatch,35,9700.2,6308.41,2
2025-11-12,North,Headphones,60,8874.88,4743.05,1
2025-11-12,South,Laptop Pro,15,19965.86,15468.89,1
2025-11-12,South,Laptop Air,16,15212.06,11160.71,1
2025-11-12,South,Tablet,25,14027.02,9927.46,0
2025-11-12,South,Smartwatch,32,8917.58,5659.17,1
2025-11-12,South,Headphones,46,6456.2,3750.98,2
2025-11-12,East,Laptop Pro,14,20009.98,14851.85,0
2025-11-12,East,Laptop Air,12,11743.69,8556.27,2
2025-11-12,East,Tablet,28,15912.95,11317.09,1
2025-11-12,East,Smartwatch,29,8696.63,5208.78,2
2025-11-12,East,Headphones,58,8437.28,4615.0,2
2025-11-12,West,Laptop Pro,8,11176.35,8390.79,0
2025-11-12,West,Laptop Air,24,22885.37,17892.16,2
2025-11-12,West,Tablet,24,14099.76,9723.65,2
2025-11-12,West,Smartwatch,35,9750.57,6262.39,0
2025-11-12,West,Headphones,64,9588.27,5211.53,2
2025-11-13,North,Laptop Pro,14,19516.69,14952.2,0
2025-11-13,North,Laptop Air,20,18784.87,14474.8,0
2025-11-13,North,Tablet,36,21347.06,14305.37,0
2025-11-13,North,Smartwatch,34,10148.67,6071.7,1
2025-11-13,North,Headphones,55,7622.18,4305.39,0
2025-11-13,South,Laptop Pro,5,7127.81,5268.95,0
2025-11-13,South,Laptop Air,20,18441.98,14224.36,2
2025-11-13,South,Tablet,25,14495.25,9912.66,1
2025-11-13,South,Smartwatch,36,10494.57,6560.87,2
2025-11-13,South,Headphones,42,5972.38,3473.38,0
2025-11-13,East,Laptop Pro,11,15845.22,11636.44,0
2025-11-13,East,Laptop Air,12,11625.55,8621.83,1
2025-11-13,East,Tablet,21,11954.72,8396.85,0
2025-11-13,East,Smartwatch,30,8747.95,5522.9,0
2025-11-13,East,Headphones,48,7180.21,3869.78,4
2025-11-13,West,Laptop Pro,20,28020.87,21081.37,0
2025-11-13,West,Laptop Air,18,17258.92,13028.58,0
2025-11-13,West,Tablet,27,15310.06,10491.42,1
2025-11-13,West,Smartwatch,36,10303.05,6530.61,0
2025-11-13,West,Headphones,48,6846.23,3772.78,1
2025-11-14,North,Laptop Pro,15,22105.91,15874.24,0
2025-11-14,North,Laptop Air,19,17579.32,13478.85,0
2025-11-14,North,Tablet,25,14462.73,10118.23,0
2025-11-14,North,Smartwatch,37,10282.95,6639.61,1
2025-11-14,North,Headphones,62,8699.65,4846.38,1
2025-11-14,South,Laptop Pro,12,16160.46,12526.75,3
2025-11-14,South,Laptop Air,16,15411.05,12028.24,1
2025-11-14,South,Tablet,16,9582.61,6109.05,0
2025-11-14,South,Smartwatch,35,10235.22,6320.96,3
2025-11-14,South,Headphones,38,5396.82,2978.56,1
2025-11-14,East,Laptop Pro,12,17523.86,12946.97,0
2025-11-14,East,Laptop Air,19,18849.33,13903.34,0
2025-11-14,East,Tablet,19,10927.8,7628.26,0
2025-11-14,East,Smartwatch,26,7703.6,4765.87,0
2025-11-14,East,Headphones,47,6877.29,3778.39,1
2025-11-14,West,Laptop Pro,9,12957.93,9451.16,0
2025-11-14,West,Laptop Air,25,24767.44,17784.41,3
2025-11-14,West,Tablet,21,12486.57,8339.37,0
2025-11-14,West,Smartwatch,26,7668.9,4636.56,0
2025-11-14,West,Headphones,63,9002.59,5041.04,4
2025-11-15,North,Laptop Pro,11,15268.18,11112.92,0
2025-11-15,North,Laptop Air,22,21579.3,16166.2,0
2025-11-15,North,Tablet,27,15267.11,11220.52,0
2025-11-15,North,Smartwatch,38,11227.29,6780.87,1
2025-11-15,North,Headphones,61,8684.8,4994.68,1
2025-11-15,South,Laptop Pro,15,21241.45,15707.76,2
2025-11-15,South,Laptop Air,21,19579.76,14937.86,2
2025-11-15,South,Tablet,17,9594.11,6748.08,1
2025-11-15,South,Smartwatch,38,10779.18,6851.72,2
2025-11-15,South,Headphones,59,8839.62,4651.91,2
2025-11-15,East,Laptop Pro,9,12596.68,9564.57,0
2025-11-15,East,Laptop Air,20,19758.64,14250.45,0
2025-11-15,East,Tablet,22,12636.64,8611.11,0
2025-11-15,East,Smartwatch,36,10128.96,6477.42,1
2025-11-15,East,Headphones,48,6836.16,3786.71,1
2025-11-15,West,Laptop Pro,13,18222.32,13560.64,0
2025-11-15,West,Laptop Air,17,16035.96,12226.71,1
2025-11-15,West,Tablet,30,16911.25,11678.47,0
2025-11-15,West,Smartwatch,38,11127.52,7039.57,1
2025-11-15,West,Headphones,67,9745.2,5447.12,1
2025-11-16,North,Laptop Pro,20,28796.51,20735.38,2
2025-11-16,North,Laptop Air,24,22874.57,17273.39,0
2025-11-16,North,Tablet,24,13603.19,9722.07,1
2025-11-16,North,Smartwatch,29,8313.32,5241.79,1
2025-11-16,North,Headphones,63,8912.89,5229.49,1
2025-11-16,South,Laptop Pro,9,12726.37,9404.89,2
2025-11-16,South,Laptop Air,18,17431.71,13268.18,2
2025-11-16,South,Tablet,34,18909.49,13236.98,2
2025-11-16,South,Smartwatch,30,8843.79,5272.47,2
2025-11-16,South,Headphones,44,6524.15,3638.59,1
2025-11-16,East,Laptop Pro,11,15516.85,11450.22,1
2025-11-16,East,Laptop Air,26,25595.59,18282.91,2
2025-11-16,East,Tablet,21,12138.73,8391.98,1
2025-11-16,East,Smartwatch,31,8770.4,5721.06,2
2025-11-16,East,Headphones,58,8362.54,4569.14,2
2025-11-16,West,Laptop Pro,8,11134.55,8392.99,0
2025-11-16,West,Laptop Air,18,16735.47,12479.32,1
2025-11-16,West,Tablet,37,21306.76,14661.22,1
2025-11-16,West,Smartwatch,41,11354.52,7527.19,1
2025-11-16,West,Headphones,63,9229.42,4960.94,1
2025-11-17,North,Laptop Pro,21,30910.59,21489.09,1
2025-11-17,North,Laptop Air,12,11356.56,8505.89,0
2025-11-17,North,Tablet,26,14885.17,10273.19,0
2025-11-17,North,Smartwatch,62,18226.35,11330.68,0
2025-11-17,North,Headphones,62,9023.88,4997.67,0
2025-11-17,South,Laptop Pro,7,9825.73,7434.22,1
2025-11-17,South,Laptop Air,23,22563.96,16569.42,0
2025-11-17,South,Tablet,20,11647.13,7900.82,0
2025-11-17,South,Smartwatch,23,6389.83,4075.72,0
2025-11-17,South,Headphones,48,6719.1,3873.2,0
2025-11-17,East,Laptop Pro,22,31647.22,23834.12,0
2025-11-17,East,Laptop Air,17,16350.23,12009.71,0
2025-11-17,East,Tablet,17,10174.31,6661.55,1
2025-11-17,East,Smartwatch,29,8378.24,5101.42,1
2025-11-17,East,Headphones,50,7125.73,4066.52,3
2025-11-17,West,Laptop Pro,15,21098.54,15736.72,0
2025-11-17,West,Laptop Air,24,23316.52,17471.95,0
2025-11-17,West,Tablet,29,16120.21,11482.15,0
2025-11-17,West,Smartwatch,31,8674.9,5649.0,1
2025-11-17,West,Headphones,42,6258.55,3340.67,0
2025-11-18,North,Laptop Pro,15,20874.69,15263.35,0
2025-11-18,North,Laptop Air,16,15714.78,11732.64,1
2025-11-18,North,Tablet,26,14447.7,10392.47,0
2025-11-18,North,Smartwatch,37,10539.96,6618.67,1
2025-11-18,North,Headphones,58,8413.3,4666.1,1
2025-11-18,South,Laptop Pro,10,13787.73,10196.73,2
2025-11-18,South,Laptop Air,14,13369.68,10166.83,0
2025-11-18,South,Tablet,21,11749.38,8299.9,0
2025-11-18,South,Smartwatch,31,8677.33,5562.58,1
2025-11-18,South,Headphones,36,5220.76,2945.62,0
2025-11-18,East,Laptop Pro,14,19573.63,14888.81,0
2025-11-18,East,Laptop Air,26,25018.34,18653.96,1
2025-11-18,East,Tablet,21,12179.11,8383.02,0
2025-11-18,East,Smartwatch,30,8824.86,5123.46,0
2025-11-18,East,Headphones,45,6302.92,3540.82,1
2025-11-18,West,Laptop Pro,15,21383.89,15802.65,1
2025-11-18,West,Laptop Air,23,22206.74,16306.91,0
2025-11-18,West,Tablet,22,12500.53,8566.55,1
2025-11-18,West,Smartwatch,39,10894.09,7087.41,3
2025-11-18,West,Headphones,60,8857.57,4925.42,0
2025-11-19,North,Laptop Pro,14,20340.7,14487.91,1
2025-11-19,North,Laptop Air,17,16482.79,12454.2,0
2025-11-19,North,Tablet,37,22064.99,15014.54,3
2025-11-19,North,Smartwatch,26,7591.54,4588.57,0
2025-11-19,North,Headphones,59,8310.65,4651.31,0
2025-11-19,South,Laptop Pro,7,9801.78,7615.06,3
2025-11-19,South,Laptop Air,19,17767.41,13374.38,1
2025-11-19,South,Tablet,17,9420.51,6717.17,0
2025-11-19,South,Smartwatch,26,7660.24,4863.99,1
2025-11-19,South,Headphones,43,6238.61,3400.86,2
2025-11-19,East,Laptop Pro,14,20779.36,15097.78,0
2025-11-19,East,Laptop Air,14,13224.8,9873.96,0
2025-11-19,East,Tablet,22,12690.8,8824.34,0
2025-11-19,East,Smartwatch,38,10863.1,6988.55,3
2025-11-19,East,Headphones,48,6751.47,3804.1,0
2025-11-19,West,Laptop Pro,14,19696.02,14729.32,0
2025-11-19,West,Laptop Air,31,29720.38,22652.32,0
2025-11-19,West,Tablet,31,17287.11,12176.31,0
2025-11-19,West,Smartwatch,38,10550.08,7146.48,1
2025-11-19,West,Headphones,55,7833.73,4491.32,1
2025-11-20,North,Laptop Pro,16,23926.26,16679.95,0
2025-11-20,North,Laptop Air,32,30013.53,22931.79,0
2025-11-20,North,Tablet,28,15601.26,11628.23,0
2025-11-20,North,Smartwatch,37,10605.7,6612.74,0
2025-11-20,North,Headphones,59,8354.15,4675.43,0
2025-11-20,South,Laptop Pro,8,11099.51,8592.56,2
2025-11-20,South,Laptop Air,12,11517.98,8397.98,0
2025-11-20,South,Tablet,21,11795.51,8386.84,0
2025-11-20,South,Smartwatch,30,8369.31,5409.09,1
2025-11-20,South,Headphones,49,7282.25,3864.83,2
2025-11-20,East,Laptop Pro,13,19473.19,13222.59,1
2025-11-20,East,Laptop Air,20,19402.25,14419.9,3
2025-11-20,East,Tablet,24,13949.66,9732.13,0
2025-11-20,East,Smartwatch,29,8161.76,5149.11,0
2025-11-20,East,Headphones,53,7944.53,4139.95,0
2025-11-20,West,Laptop Pro,16,22533.11,17222.04,0
2025-11-20,West,Laptop Air,20,19141.88,14552.1,3
2025-11-20,West,Tablet,29,16428.63,11516.06,1
2025-11-20,West,Smartwatch,36,10360.0,6599.34,2
2025-11-20,West,Headphones,51,7166.08,4099.73,4
2025-11-21,North,Laptop Pro,14,20265.72,15226.03,1
2025-11-21,North,Laptop Air,18,17501.99,13132.15,0
2025-11-21,North,Tablet,29,16513.97,11277.55,2
2025-11-21,North,Smartwatch,40,11573.33,7105.14,1
2025-11-21,North,Headphones,64,9366.97,5057.44,0
2025-11-21,South,Laptop Pro,10,13200.47,10565.01,1
2025-11-21,South,Laptop Air,19,17900.62,13596.97,2
2025-11-21,South,Tablet,24,14173.2,9383.56,1
2025-11-21,South,Smartwatch,33,9313.84,6009.99,0
2025-11-21,South,Headphones,45,6613.71,3672.01,2
2025-11-21,East,Laptop Pro,12,17378.97,12574.11,0
2025-11-21,East,Laptop Air,25,24565.16,18075.41,1
2025-11-21,East,Tablet,22,13080.36,8629.71,0
2025-11-21,East,Smartwatch,34,9874.36,6056.04,0
2025-11-21,East,Headphones,40,5733.56,3169.18,0
2025-11-21,West,Laptop Pro,8,11709.96,8493.84,1
2025-11-21,West,Laptop Air,20,19880.0,14473.74,3
2025-11-21,West,Tablet,26,15288.45,10331.42,0
2025-11-21,West,Smartwatch,37,10881.86,6610.8,0
2025-11-21,West,Headphones,50,7145.55,3842.57,0
2025-11-22,North,Laptop Pro,20,29322.84,21674.47,1
2025-11-22,North,Laptop Air,29,27761.64,20009.12,1
2025-11-22,North,Tablet,37,21364.68,14924.88,1
2025-11-22,North,Smartwatch,40,11744.3,7205.43,0
2025-11-22,North,Headphones,62,8748.53,4933.64,0
2025-11-22,South,Laptop Pro,8,10792.56,8398.62,2
2025-11-22,South,Laptop Air,17,16074.83,12077.7,1
2025-11-22,South,Tablet,20,11583.76,8104.45,0
2025-11-22,South,Smartwatch,35,10234.06,6134.49,0
2025-11-22,South,Headphones,51,7288.47,4106.75,0
2025-11-22,East,Laptop Pro,8,11079.27,8286.14,0
2025-11-22,East,Laptop Air,15,14479.25,10707.78,0
2025-11-22,East,Tablet,23,13065.53,9126.42,1
2025-11-22,East,Smartwatch,46,13311.65,8252.62,0
2025-11-22,East,Headphones,43,5968.78,3474.55,0
2025-11-22,West,Laptop Pro,16,23491.74,16787.97,1
2025-11-22,West,Laptop Air,20,19266.56,14668.7,0
2025-11-22,West,Tablet,27,15560.23,11025.7,1
2025-11-22,West,Smartwatch,38,10735.47,6882.24,2
2025-11-22,West,Headphones,57,8056.62,4622.25,0
2025-11-23,North,Laptop Pro,15,21169.0,16387.85,1
2025-11-23,North,Laptop Air,28,26358.21,19590.15,0
2025-11-23,North,Tablet,26,15013.74,10623.84,0
2025-11-23,North,Smartwatch,33,9776.79,6123.53,0
2025-11-23,North,Headphones,69,9629.28,5567.88,2
2025-11-23,South,Laptop Pro,7,9727.96,7629.89,1
2025-11-23,South,Laptop Air,18,17841.14,13419.76,1
2025-11-23,South,Tablet,26,15439.28,10329.9,0
2025-11-23,South,Smartwatch,39,11236.91,6983.43,1
2025-11-23,South,Headphones,58,8403.55,4689.24,0
2025-11-23,East,Laptop Pro,19,26987.16,19700.98,0
2025-11-23,East,Laptop Air,30,28531.52,22771.25,1
2025-11-23,East,Tablet,34,20224.7,13814.56,0
2025-11-23,East,Smartwatch,30,8786.34,5405.03,0
2025-11-23,East,Headphones,62,8633.19,4820.11,1
2025-11-23,West,Laptop Pro,17,23935.97,17939.93,1
2025-11-23,West,Laptop Air,18,16746.42,12652.68,1
2025-11-23,West,Tablet,33,19765.17,13400.62,0
2025-11-23,West,Smartwatch,49,13627.38,8378.61,0
2025-11-23,West,Headphones,54,7542.02,4439.55,1
2025-11-24,North,Laptop Pro,16,23131.63,16657.49,0
2025-11-24,North,Laptop Air,20,18922.26,13912.78,0
2025-11-24,North,Tablet,34,19956.11,13595.54,0
2025-11-24,North,Smartwatch,43,12220.34,7742.6,1
2025-11-24,North,Headphones,46,6459.08,3675.27,1
2025-11-24,South,Laptop Pro,7,9591.19,7552.82,0
2025-11-24,South,Laptop Air,20,19954.76,14509.69,0
2025-11-24,South,Tablet,19,11020.29,7721.01,0
2025-11-24,South,Smartwatch,42,11869.22,7522.39,0
2025-11-24,South,Headphones,39,5520.64,3146.64,1
2025-11-24,East,Laptop Pro,14,20183.01,14315.3,0
2025-11-24,East,Laptop Air,19,17501.72,13750.62,0
2025-11-24,East,Tablet,28,16642.69,11030.16,2
2025-11-24,East,Smartwatch,34,10070.84,6281.52,0
2025-11-24,East,Headphones,33,4847.7,2643.99,0
2025-11-24,West,Laptop Pro,18,25264.34,19150.56,1
2025-11-24,West,Laptop Air,25,23474.36,18094.44,1
2025-11-24,West,Tablet,28,15761.41,11604.61,2
2025-11-24,West,Smartwatch,37,10318.89,6452.16,2
2025-11-24,West,Headphones,43,6221.46,3432.17,1
2025-11-25,North,Laptop Pro,21,30697.2,21626.6,0
2025-11-25,North,Laptop Air,23,21895.3,15881.16,1
2025-11-25,North,Tablet,31,17990.11,12145.79,0
2025-11-25,North,Smartwatch,38,10922.26,7000.33,1
2025-11-25,North,Headphones,52,7712.5,4157.49,3
2025-11-25,South,Laptop Pro,6,8280.83,6272.31,0
2025-11-25,South,Laptop Air,24,23092.54,17547.32,2
2025-11-25,South,Tablet,19,11320.25,7617.55,0
2025-11-25,South,Smartwatch,26,7179.43,4737.41,0
2025-11-25,South,Headphones,39,5832.32,3140.15,2
2025-11-25,East,Laptop Pro,19,26403.5,20166.54,1
2025-11-25,East,Laptop Air,20,19871.68,14270.49,0
2025-11-25,East,Tablet,20,11175.07,8167.53,0
2025-11-25,East,Smartwatch,29,8318.42,5093.45,0
2025-11-25,East,Headphones,42,6201.05,3354.22,0
2025-11-25,West,Laptop Pro,11,16194.65,11803.39,1
2025-11-25,West,Laptop Air,22,21381.17,15791.19,2
2025-11-25,West,Tablet,30,16856.61,11896.6,1
2025-11-25,West,Smartwatch,30,8894.05,5647.15,2
2025-11-25,West,Headphones,50,7354.66,4113.49,2
2025-11-26,North,Laptop Pro,13,18419.42,13688.67,0
2025-11-26,North,Laptop Air,19,18066.73,13414.48,1
2025-11-26,North,Tablet,30,17394.01,11511.58,1
2025-11-26,North,Smartwatch,47,14031.72,8579.91,1
2025-11-26,North,Headphones,61,8741.18,5003.55,1
2025-11-26,South,Laptop Pro,10,13997.07,10583.11,2
2025-11-26,South,Laptop Air,17,16167.54,11821.22,3
2025-11-26,South,Tablet,22,12910.11,8828.22,3
2025-11-26,South,Smartwatch,20,5529.44,3564.95,0
2025-11-26,South,Headphones,41,5859.43,3290.6,1
2025-11-26,East,Laptop Pro,12,17177.32,13089.74,0
2025-11-26,East,Laptop Air,17,15861.99,12433.25,1
2025-11-26,East,Tablet,21,11598.89,8496.78,1
2025-11-26,East,Smartwatch,30,8439.0,5395.1,2
2025-11-26,East,Headphones,61,8715.27,4920.45,5
2025-11-26,West,Laptop Pro,22,30720.29,22765.97,0
2025-11-26,West,Laptop Air,18,17739.06,13103.84,3
2025-11-26,West,Tablet,28,15772.88,11156.69,1
2025-11-26,West,Smartwatch,37,10496.25,6550.48,0
2025-11-26,West,Headphones,62,8880.94,5040.85,0
2025-11-27,North,Laptop Pro,15,20939.84,15047.06,1
2025-11-27,North,Laptop Air,27,25467.14,19228.25,0
2025-11-27,North,Tablet,22,12443.13,8907.94,0
2025-11-27,North,Smartwatch,45,12517.48,8298.38,1
2025-11-27,North,Headphones,58,8213.21,4683.77,0
2025-11-27,South,Laptop Pro,10,13960.7,10358.86,1
2025-11-27,South,Laptop Air,21,20691.51,15104.6,1
2025-11-27,South,Tablet,18,10356.6,7241.94,0
2025-11-27,South,Smartwatch,23,6770.33,4269.21,1
2025-11-27,South,Headphones,50,7080.22,4073.65,0
2025-11-27,East,Laptop Pro,10,13988.75,10694.87,1
2025-11-27,East,Laptop Air,17,16603.13,12256.01,0
2025-11-27,East,Tablet,20,11123.06,7828.64,1
2025-11-27,East,Smartwatch,22,6205.63,3848.64,1
2025-11-27,East,Headphones,48,6630.83,3816.86,2
2025-11-27,West,Laptop Pro,25,36903.89,26617.2,1
2025-11-27,West,Laptop Air,15,14446.14,10691.59,0
2025-11-27,West,Tablet,26,14800.9,10519.01,0
2025-11-27,West,Smartwatch,31,8732.39,5491.31,1
2025-11-27,West,Headphones,62,8621.52,4896.47,1
2025-11-28,North,Laptop Pro,11,15323.52,11875.25,0
2025-11-28,North,Laptop Air,29,28452.2,21200.25,0
2025-11-28,North,Tablet,17,9855.26,6758.32,0
2025-11-28,North,Smartwatch,29,8200.06,5133.29,0
2025-11-28,North,Headphones,60,8904.73,4891.1,1
2025-11-28,South,Laptop Pro,7,9177.74,7478.84,1
2025-11-28,South,Laptop Air,17,15984.14,12396.48,0
2025-11-28,South,Tablet,19,10644.1,7572.97,0
2025-11-28,South,Smartwatch,26,7233.75,4577.55,0
2025-11-28,South,Headphones,41,6062.45,3279.03,1
2025-11-28,East,Laptop Pro,16,23189.51,17272.95,1
2025-11-28,East,Laptop Air,22,20853.06,15552.02,0
2025-11-28,East,Tablet,23,12892.0,9208.73,0
2025-11-28,East,Smartwatch,33,9315.5,6134.33,1
2025-11-28,East,Headphones,51,7575.62,4055.17,2
2025-11-28,West,Laptop Pro,12,17070.23,12567.87,0
2025-11-28,West,Laptop Air,15,14647.14,10508.31,0
2025-11-28,West,Tablet,31,17995.13,12554.55,0
2025-11-28,West,Smartwatch,29,8008.02,5142.68,1
2025-11-28,West,Headphones,52,7702.0,4030.66,0
2025-11-29,North,Laptop Pro,14,20824.64,14419.65,1
2025-11-29,North,Laptop Air,27,26116.25,19521.04,1
2025-11-29,North,Tablet,26,14521.57,10071.34,2
2025-11-29,North,Smartwatch,42,12436.49,7350.46,4
2025-11-29,North,Headphones,62,9240.52,5015.48,1
2025-11-29,South,Laptop Pro,5,6877.38,5242.4,1
2025-11-29,South,Laptop Air,22,20887.16,15550.45,1
2025-11-29,South,Tablet,22,13036.64,8743.46,1
2025-11-29,South,Smartwatch,15,4210.35,2793.86,0
2025-11-29,South,Headphones,42,5873.66,3446.13,0
2025-11-29,East,Laptop Pro,16,22996.62,16763.9,3
2025-11-29,East,Laptop Air,21,20948.82,15366.81,0
2025-11-29,East,Tablet,21,12079.77,8420.33,2
2025-11-29,East,Smartwatch,47,13858.4,8159.81,0
2025-11-29,East,Headphones,50,7232.34,3843.75,1
2025-11-29,West,Laptop Pro,14,19723.64,14432.66,2
2025-11-29,West,Laptop Air,22,21904.22,15340.8,1
2025-11-29,West,Tablet,37,22199.73,14880.38,1
2025-11-29,West,Smartwatch,50,14839.86,8901.01,1
2025-11-29,West,Headphones,50,7472.78,4034.03,0
2025-11-30,North,Laptop Pro,23,33781.24,24362.86,0
2025-11-30,North,Laptop Air,31,29997.42,22628.03,1
2025-11-30,North,Tablet,24,13501.78,9421.32,0
2025-11-30,North,Smartwatch,59,17657.06,10729.53,0
2025-11-30,North,Headphones,49,7143.62,3845.09,1
2025-11-30,South,Laptop Pro,5,6568.56,5324.69,2
2025-11-30,South,Laptop Air,17,16216.12,12539.31,1
2025-11-30,South,Tablet,30,16809.46,12173.56,1
2025-11-30,South,Smartwatch,35,10093.85,6277.69,3
2025-11-30,South,Headphones,41,6102.16,3317.18,1
2025-11-30,East,Laptop Pro,12,17730.81,12213.62,0
2025-11-30,East,Laptop Air,22,20665.78,15282.84,0
2025-11-30,East,Tablet,22,12287.5,8882.16,2
2025-11-30,East,Smartwatch,34,9818.49,6280.07,0
2025-11-30,East,Headphones,53,7636.8,4135.57,0
2025-11-30,West,Laptop Pro,10,14459.85,10503.19,2
2025-11-30,West,Laptop Air,23,22966.21,16705.35,1
2025-11-30,West,Tablet,15,8931.23,5926.25,1
2025-11-30,West,Smartwatch,30,8285.84,5363.35,1
2025-11-30,West,Headphones,52,7773.78,4211.02,1
2025-12-01,North,Laptop Pro,14,20413.73,14731.81,0
2025-12-01,North,Laptop Air,22,20784.39,15875.66,1
2025-12-01,North,Tablet,32,18547.46,12548.53,0
2025-12-01,North,Smartwatch,36,9950.98,6475.96,0
2025-12-01,North,Headphones,55,8228.39,4364.98,4
2025-12-01,South,Laptop Pro,7,9238.65,7299.38,0
2025-12-01,South,Laptop Air,16,15827.53,11395.26,0
2025-12-01,South,Tablet,29,17114.89,11593.67,0
2025-12-01,South,Smartwatch,36,10343.55,6367.47,2
2025-12-01,South,Headphones,35,4883.99,2800.68,3
2025-12-01,East,Laptop Pro,16,23204.96,16677.35,0
2025-12-01,East,Laptop Air,15,14647.71,10598.67,0
2025-12-01,East,Tablet,25,14517.99,9610.28,1
2025-12-01,East,Smartwatch,29,8634.34,5318.92,1
2025-12-01,East,Headphones,52,7276.94,4222.09,0
2025-12-01,West,Laptop Pro,23,31974.01,23761.26,0
2025-12-01,West,Laptop Air,17,16080.95,12406.87,1
2025-12-01,West,Tablet,25,14466.4,9795.04,0
2025-12-01,West,Smartwatch,40,11410.42,7155.77,2
2025-12-01,West,Headphones,53,7599.01,4195.03,0
2025-12-02,North,Laptop Pro,16,23901.01,16706.73,1
2025-12-02,North,Laptop Air,30,29053.39,21879.15,1
2025-12-02,North,Tablet,24,13643.33,9522.84,1
2025-12-02,North,Smartwatch,30,8389.58,5363.32,1
2025-12-02,North,Headphones,51,7430.31,4140.65,0
2025-12-02,South,Laptop Pro,5,6629.75,5256.48,0
2025-12-02,South,Laptop Air,14,13152.25,9960.7,0
2025-12-02,South,Tablet,25,13884.83,10048.13,1
2025-12-02,South,Smartwatch,28,7735.1,5140.06,2
2025-12-02,South,Headphones,40,5979.97,3267.58,0
2025-12-02,East,Laptop Pro,11,15922.54,11244.01,1
2025-12-02,East,Laptop Air,10,9381.15,7016.47,0
2025-12-02,East,Tablet,31,17375.13,12647.77,0
2025-12-02,East,Smartwatch,33,9834.38,5905.84,0
2025-12-02,East,Headphones,37,5280.67,2829.76,2
2025-12-02,West,Laptop Pro,11,15314.04,11381.39,0
2025-12-02,West,Laptop Air,21,20618.54,14987.23,1
2025-12-02,West,Tablet,23,13416.52,9142.49,1
2025-12-02,West,Smartwatch,31,9006.23,5665.37,0
2025-12-02,West,Headphones,55,7989.61,4318.23,0
2025-12-03,North,Laptop Pro,16,22921.52,17114.34,0
2025-12-03,North,Laptop Air,24,23883.25,17378.54,0
2025-12-03,North,Tablet,28,15752.77,10911.81,1
2025-12-03,North,Smartwatch,25,7426.27,4471.25,0
2025-12-03,North,Headphones,57,7993.69,4605.11,2
2025-12-03,South,Laptop Pro,4,5686.88,4203.32,1
2025-12-03,South,Laptop Air,21,19677.8,15234.6,2
2025-12-03,South,Tablet,26,15156.63,10277.82,0
2025-12-03,South,Smartwatch,30,8527.78,5459.91,1
2025-12-03,South,Headphones,56,8279.6,4444.3,0
2025-12-03,East,Laptop Pro,7,10048.91,7724.29,0
2025-12-03,East,Laptop Air,13,12688.92,9113.0,0
2025-12-03,East,Tablet,21,12596.04,8853.26,0
2025-12-03,East,Smartwatch,34,9608.28,6003.58,1
2025-12-03,East,Headphones,54,8015.0,4429.83,2
2025-12-03,West,Laptop Pro,18,24970.24,19212.77,0
2025-12-03,West,Laptop Air,22,21043.04,15551.85,2
2025-12-03,West,Tablet,27,16197.83,10929.49,0
2025-12-03,West,Smartwatch,36,9983.59,6415.74,3
2025-12-03,West,Headphones,50,7420.33,4021.99,1
2025-12-04,North,Laptop Pro,14,19598.98,14743.47,0
2025-12-04,North,Laptop Air,24,23367.79,17159.28,0
2025-12-04,North,Tablet,33,18900.19,13085.84,0
2025-12-04,North,Smartwatch,35,9797.99,6342.95,2
2025-12-04,North,Headphones,59,8814.49,4634.68,0
2025-12-04,South,Laptop Pro,5,6708.36,5159.06,1
2025-12-04,South,Laptop Air,18,17786.04,13207.53,0
2025-12-04,South,Tablet,32,18099.62,12909.67,4
2025-12-04,South,Smartwatch,26,7699.72,4557.7,0
2025-12-04,South,Headphones,47,7037.62,3684.55,1
2025-12-04,East,Laptop Pro,9,13332.13,9046.2,1
2025-12-04,East,Laptop Air,19,18048.88,13928.89,0
2025-12-04,East,Tablet,21,11606.39,8515.68,0
2025-12-04,East,Smartwatch,29,8024.8,5106.33,1
2025-12-04,East,Headphones,37,5218.91,2998.46,1
2025-12-04,West,Laptop Pro,19,26619.96,20742.21,1
2025-12-04,West,Laptop Air,22,20461.82,15352.34,0
2025-12-04,West,Tablet,22,12642.06,8691.74,2
2025-12-04,West,Smartwatch,27,7951.87,4708.25,2
2025-12-04,West,Headphones,52,7387.48,4238.92,2
2025-12-05,North,Laptop Pro,16,23728.14,16767.72,0
2025-12-05,North,Laptop Air,23,21468.46,16428.15,0
2025-12-05,North,Tablet,33,19147.25,13260.04,5
2025-12-05,North,Smartwatch,39,11450.56,6941.81,1
2025-12-05,North,Headphones,53,7413.56,4205.94,1
2025-12-05,South,Laptop Pro,5,7047.22,5278.85,2
2025-12-05,South,Laptop Air,21,19362.29,14935.51,0
2025-12-05,South,Tablet,15,8315.7,5943.72,1
2025-12-05,South,Smartwatch,39,11130.17,6998.02,1
2025-12-05,South,Headphones,36,5092.36,2885.26,2
2025-12-05,East,Laptop Pro,13,19442.05,13814.25,1
2025-12-05,East,Laptop Air,14,13510.47,10197.58,0
2025-12-05,East,Tablet,14,7805.54,5432.05,0
2025-12-05,East,Smartwatch,38,11389.49,7032.61,2
2025-12-05,East,Headphones,51,7472.14,4084.82,2
2025-12-05,West,Laptop Pro,11,16032.93,11473.39,0
2025-12-05,West,Laptop Air,19,17973.88,13432.79,3
2025-12-05,West,Tablet,34,19249.7,14141.05,0
2025-12-05,West,Smartwatch,47,14026.47,8859.29,1
2025-12-05,West,Headphones,39,5748.2,3236.45,3
2025-12-06,North,Laptop Pro,20,28018.81,21050.99,1
2025-12-06,North,Laptop Air,23,22647.06,16673.97,2
2025-12-06,North,Tablet,30,17587.39,12357.85,2
2025-12-06,North,Smartwatch,34,10067.61,6090.53,1
2025-12-06,North,Headphones,60,8456.89,4851.97,0
2025-12-06,South,Laptop Pro,6,8514.25,6328.63,2
2025-12-06,South,Laptop Air,23,22444.48,17195.5,1
2025-12-06,South,Tablet,30,17233.47,12344.72,1
2025-12-06,South,Smartwatch,37,11094.65,6641.62,1
2025-12-06,South,Headphones,47,6511.95,3874.68,0
2025-12-06,East,Laptop Pro,6,8374.11,6299.52,0
2025-12-06,East,Laptop Air,16,15171.44,11394.25,1
2025-12-06,East,Tablet,29,16788.73,11533.8,2
2025-12-06,East,Smartwatch,29,8591.91,5235.39,0
2025-12-06,East,Headphones,51,7311.17,4015.94,0
2025-12-06,West,Laptop Pro,17,25012.02,17665.21,0
2025-12-06,West,Laptop Air,23,21826.05,16081.95,1
2025-12-06,West,Tablet,24,14232.28,9442.08,0
2025-12-06,West,Smartwatch,35,9897.62,6329.55,1
2025-12-06,West,Headphones,59,8621.38,4818.38,2
2025-12-07,North,Laptop Pro,16,23036.2,17107.11,0
2025-12-07,North,Laptop Air,23,22702.24,16702.36,1
2025-12-07,North,Tablet,37,21744.85,14347.33,2
2025-12-07,North,Smartwatch,39,11278.6,6899.12,0
2025-12-07,North,Headphones,54,7803.1,4302.94,0
2025-12-07,South,Laptop Pro,2,2603.66,2140.44,0
2025-12-07,South,Laptop Air,19,18490.16,13527.64,1
2025-12-07,South,Tablet,22,13110.9,8585.32,2
2025-12-07,South,Smartwatch,37,10634.49,6852.91,1
2025-12-07,South,Headphones,42,6137.8,3310.61,3
2025-12-07,East,Laptop Pro,18,25104.0,18473.66,1
2025-12-07,East,Laptop Air,21,20646.7,15188.75,0
2025-12-07,East,Tablet,31,17326.77,12387.58,0
2025-12-07,East,Smartwatch,48,13635.56,8553.58,2
2025-12-07,East,Headphones,55,8125.93,4400.03,1
2025-12-07,West,Laptop Pro,15,21770.56,15458.33,0
2025-12-07,West,Laptop Air,19,18251.5,13540.03,1
2025-12-07,West,Tablet,31,17823.56,12391.04,1
2025-12-07,West,Smartwatch,42,12199.73,7252.18,1
2025-12-07,West,Headphones,52,7435.19,4239.46,1
2025-12-08,North,Laptop Pro,13,18381.88,13275.2,1
2025-12-08,North,Laptop Air,26,24947.14,18368.49,2
2025-12-08,North,Tablet,20,11421.66,8160.02,0
2025-12-08,North,Smartwatch,36,10057.31,6553.78,2
2025-12-08,North,Headphones,47,6769.27,3766.57,0
2025-12-08,South,Laptop Pro,9,12342.2,9127.15,1
2025-12-08,South,Laptop Air,27,26464.86,19204.51,2
2025-12-08,South,Tablet,20,11873.89,7965.41,2
2025-12-08,South,Smartwatch,27,7910.62,4846.05,2
2025-12-08,South,Headphones,39,5659.92,3191.22,0
2025-12-08,East,Laptop Pro,14,19716.05,15286.32,0
2025-12-08,East,Laptop Air,27,26530.35,19679.06,2
2025-12-08,East,Tablet,17,9627.05,6727.32,1
2025-12-08,East,Smartwatch,30,8943.1,5531.16,1
2025-12-08,East,Headphones,42,6220.17,3320.38,0
2025-12-08,West,Laptop Pro,20,29216.81,19898.05,1
2025-12-08,West,Laptop Air,23,22135.53,16146.15,0
2025-12-08,West,Tablet,30,17739.46,11430.74,0
2025-12-08,West,Smartwatch,36,10703.21,6430.26,1
2025-12-08,West,Headphones,39,5585.19,3108.88,0
2025-12-09,North,Laptop Pro,14,20307.86,14231.75,1
2025-12-09,North,Laptop Air,20,19334.57,14154.01,1
2025-12-09,North,Tablet,33,19312.21,12823.44,1
2025-12-09,North,Smartwatch,45,13099.05,8079.43,1
2025-12-09,North,Headphones,50,7389.56,3931.72,2
2025-12-09,South,Laptop Pro,6,8330.1,6427.25,1
2025-12-09,South,Laptop Air,22,21045.6,15893.76,2
2025-12-09,South,Tablet,25,14373.25,10320.96,0
2025-12-09,South,Smartwatch,36,10017.28,6421.06,1
2025-12-09,South,Headphones,50,7000.48,4171.55,3
2025-12-09,East,Laptop Pro,17,25485.51,17850.9,0
2025-12-09,East,Laptop Air,18,17669.14,12823.02,0
2025-12-09,East,Tablet,24,13377.38,10062.48,2
2025-12-09,East,Smartwatch,27,7896.04,4682.27,0
2025-12-09,East,Headphones,45,6492.04,3560.21,0
2025-12-09,West,Laptop Pro,10,14190.02,10150.34,3
2025-12-09,West,Laptop Air,26,24869.82,18031.75,0
2025-12-09,West,Tablet,33,19792.29,12654.28,1
2025-12-09,West,Smartwatch,34,10031.44,6195.49,1
2025-12-09,West,Headphones,50,7439.74,3893.68,2
2025-12-10,North,Laptop Pro,10,14798.83,10446.5,0
2025-12-10,North,Laptop Air,16,15811.37,11725.5,0
2025-12-10,North,Tablet,32,18243.41,12918.62,2
2025-12-10,North,Smartwatch,36,10448.73,6533.64,2
2025-12-10,North,Headphones,60,8952.08,4916.53,0
2025-12-10,South,Laptop Pro,7,9873.17,7586.59,1
2025-12-10,South,Laptop Air,18,16631.49,12635.55,0
2025-12-10,South,Tablet,24,14221.71,9692.77,0
2025-12-10,South,Smartwatch,25,7347.7,4475.5,1
2025-12-10,South,Headphones,40,5724.34,3190.61,2
2025-12-10,East,Laptop Pro,14,20685.66,14255.63,0
2025-12-10,East,Laptop Air,23,22636.55,16383.82,2
2025-12-10,East,Tablet,24,14316.38,9518.83,1
2025-12-10,East,Smartwatch,33,9123.19,6109.91,1
2025-12-10,East,Headphones,40,5709.1,3126.06,3
2025-12-10,West,Laptop Pro,20,28728.61,19998.11,0
2025-12-10,West,Laptop Air,22,20435.94,15838.07,2
2025-12-10,West,Tablet,17,9714.95,6629.08,0
2025-12-10,West,Smartwatch,45,13215.87,8077.39,1
2025-12-10,West,Headphones,52,7505.31,4214.97,1
2025-12-11,North,Laptop Pro,12,17312.29,12574.85,0
2025-12-11,North,Laptop Air,22,21299.38,15703.38,1
2025-12-11,North,Tablet,25,14095.64,9968.69,1
2025-12-11,North,Smartwatch,35,10407.87,6406.77,1
2025-12-11,North,Headphones,48,7108.29,3751.32,1
2025-12-11,South,Laptop Pro,8,11001.38,8522.38,0
2025-12-11,South,Laptop Air,21,20880.43,14816.26,0
2025-12-11,South,Tablet,23,12709.92,9310.78,0
2025-12-11,South,Smartwatch,34,9795.43,5931.13,3
2025-12-11,South,Headphones,44,6573.54,3558.19,1
2025-12-11,East,Laptop Pro,13,18551.68,13622.19,0
2025-12-11,East,Laptop Air,20,18750.23,14427.81,1
2025-12-11,East,Tablet,32,18573.75,13045.49,1
2025-12-11,East,Smartwatch,46,13269.49,8144.03,0
2025-12-11,East,Headphones,45,6371.68,3598.2,0
2025-12-11,West,Laptop Pro,15,22079.13,15845.54,1
2025-12-11,West,Laptop Air,20,19043.74,14313.88,0
2025-12-11,West,Tablet,21,11964.01,8520.42,2
2025-12-11,West,Smartwatch,26,7297.9,4710.87,0
2025-12-11,West,Headphones,50,6965.36,3953.61,1
2025-12-12,North,Laptop Pro,15,20806.4,16147.13,0
2025-12-12,North,Laptop Air,25,24747.35,18202.28,1
2025-12-12,North,Tablet,24,13459.66,9438.23,2
2025-12-12,North,Smartwatch,27,7662.32,4777.13,0
2025-12-12,North,Headphones,61,8878.63,4858.58,0
2025-12-12,South,Laptop Pro,9,11777.46,9534.57,2
2025-12-12,South,Laptop Air,22,20486.19,15138.78,0
2025-12-12,South,Tablet,18,10130.95,7084.73,0
2025-12-12,South,Smartwatch,37,11048.95,6583.08,1
2025-12-12,South,Headphones,56,8281.05,4351.19,0
2025-12-12,East,Laptop Pro,14,19457.21,14399.6,0
2025-12-12,East,Laptop Air,21,19349.84,15161.52,0
2025-12-12,East,Tablet,26,15253.92,10298.31,0
2025-12-12,East,Smartwatch,24,7040.23,4284.55,2
2025-12-12,East,Headphones,50,7133.82,3889.71,0
2025-12-12,West,Laptop Pro,19,28326.31,19864.81,0
2025-12-12,West,Laptop Air,15,14285.62,10475.12,1
2025-12-12,West,Tablet,32,17712.09,13173.51,2
2025-12-12,West,Smartwatch,44,12886.42,8196.14,1
2025-12-12,West,Headphones,41,5784.57,3248.96,1
2025-12-13,North,Laptop Pro,15,21555.18,15396.43,1
2025-12-13,North,Laptop Air,15,14655.23,10984.59,0
2025-12-13,North,Tablet,39,22627.84,15784.82,0
2025-12-13,North,Smartwatch,43,12331.28,8030.21,1
2025-12-13,North,Headphones,71,10001.12,5923.23,1
2025-12-13,South,Laptop Pro,8,10831.66,8059.5,1
2025-12-13,South,Laptop Air,34,31483.62,25047.28,1
2025-12-13,South,Tablet,32,19020.37,12743.04,0
2025-12-13,South,Smartwatch,35,9695.53,6369.19,0
2025-12-13,South,Headphones,50,7169.61,4062.23,1
2025-12-13,East,Laptop Pro,21,30512.63,22374.54,2
2025-12-13,East,Laptop Air,14,13914.82,10281.67,1
2025-12-13,East,Tablet,26,15230.28,10283.46,0
2025-12-13,East,Smartwatch,35,10132.14,6179.94,0
2025-12-13,East,Headphones,44,6105.23,3603.56,3
2025-12-13,West,Laptop Pro,15,21138.43,15475.41,1
2025-12-13,West,Laptop Air,28,27867.74,20910.52,1
2025-12-13,West,Tablet,26,15190.79,10241.01,0
2025-12-13,West,Smartwatch,43,12392.84,7681.05,0
2025-12-13,West,Headphones,58,8108.34,4622.33,0
2025-12-14,North,Laptop Pro,13,18288.77,13229.29,1
2025-12-14,North,Laptop Air,36,35377.52,25122.61,3
2025-12-14,North,Tablet,28,16732.18,11404.3,0
2025-12-14,North,Smartwatch,46,13653.86,7995.16,2
2025-12-14,North,Headphones,60,8637.63,5041.89,2
2025-12-14,South,Laptop Pro,11,15483.33,11528.26,3
2025-12-14,South,Laptop Air,21,20580.41,14808.73,0
2025-12-14,South,Tablet,22,12332.66,8873.96,0
2025-12-14,South,Smartwatch,25,7258.83,4278.43,2
2025-12-14,South,Headphones,49,6764.27,3893.85,0
2025-12-14,East,Laptop Pro,13,18320.67,13593.94,0
2025-12-14,East,Laptop Air,23,22512.55,16140.63,0
2025-12-14,East,Tablet,24,14391.28,9478.7,1
2025-12-14,East,Smartwatch,37,10631.84,6863.27,0
2025-12-14,East,Headphones,51,7218.02,4094.95,1
2025-12-14,West,Laptop Pro,23,33203.67,24342.94,3
2025-12-14,West,Laptop Air,21,19477.07,14882.06,1
2025-12-14,West,Tablet,17,9573.35,6620.02,2
2025-12-14,West,Smartwatch,30,8625.41,5373.97,2
2025-12-14,West,Headphones,62,9285.92,4716.2,2
2025-12-15,North,Laptop Pro,12,17512.92,12323.6,0
2025-12-15,North,Laptop Air,18,17288.05,12635.35,2
2025-12-15,North,Tablet,27,15875.7,10359.63,1
2025-12-15,North,Smartwatch,37,10356.17,6746.48,0
2025-12-15,North,Headphones,47,6810.6,3750.19,2
2025-12-15,South,Laptop Pro,8,11147.3,8295.9,1
2025-12-15,South,Laptop Air,21,19691.11,15322.92,2
2025-12-15,South,Tablet,11,6278.83,4255.3,0
2025-12-15,South,Smartwatch,29,8562.83,5079.73,0
2025-12-15,South,Headphones,49,7036.75,4007.6,2
2025-12-15,East,Laptop Pro,23,32583.12,25251.92,1
2025-12-15,East,Laptop Air,16,15426.01,11677.65,0
2025-12-15,East,Tablet,27,15808.11,10901.86,2
2025-12-15,East,Smartwatch,29,8219.99,5159.25,1
2025-12-15,East,Headphones,45,6378.88,3559.76,0
2025-12-15,West,Laptop Pro,14,20971.55,14766.82,1
2025-12-15,West,Laptop Air,23,22569.21,17014.7,0
2025-12-15,West,Tablet,23,13086.47,9278.48,0
2025-12-15,West,Smartwatch,35,10311.72,6420.7,0
2025-12-15,West,Headphones,66,9137.58,5183.25,0
2025-12-16,North,Laptop Pro,11,16285.12,11692.51,2
2025-12-16,North,Laptop Air,19,17862.71,13496.32,0
2025-12-16,North,Tablet,14,7729.13,5615.7,1
2025-12-16,North,Smartwatch,43,12542.33,7835.33,1
2025-12-16,North,Headphones,63,8994.04,4986.45,0
2025-12-16,South,Laptop Pro,2,2809.38,2057.28,1
2025-12-16,South,Laptop Air,16,15204.07,11603.54,0
2025-12-16,South,Tablet,30,16577.97,11967.65,1
2025-12-16,South,Smartwatch,34,9406.15,6136.66,1
2025-12-16,South,Headphones,53,7688.11,4295.73,2
2025-12-16,East,Laptop Pro,8,11212.2,8619.62,0
2025-12-16,East,Laptop Air,15,14008.08,10943.27,1
2025-12-16,East,Tablet,27,15775.86,10914.9,3
2025-12-16,East,Smartwatch,40,11210.16,7127.95,1
2025-12-16,East,Headphones,54,7994.76,4290.03,1
2025-12-16,West,Laptop Pro,12,16590.41,12714.53,0
2025-12-16,West,Laptop Air,24,22340.79,17154.46,0
2025-12-16,West,Tablet,23,13236.31,9282.87,0
2025-12-16,West,Smartwatch,39,11339.34,6905.49,0
2025-12-16,West,Headphones,56,7764.32,4652.87,1
2025-12-17,North,Laptop Pro,16,23863.44,16865.08,0
2025-12-17,North,Laptop Air,11,10561.42,7940.28,0
2025-12-17,North,Tablet,26,14992.29,10299.62,0
2025-12-17,North,Smartwatch,42,12215.62,7849.25,0
2025-12-17,North,Headphones,56,8324.31,4367.71,1
2025-12-17,South,Laptop Pro,4,5546.88,4140.95,1
2025-12-17,South,Laptop Air,23,21191.06,16842.71,0
2025-12-17,South,Tablet,21,11785.59,8440.26,0
2025-12-17,South,Smartwatch,26,7276.91,4626.01,0
2025-12-17,South,Headphones,48,6906.51,3797.91,1
2025-12-17,East,Laptop Pro,14,19888.13,14614.48,0
2025-12-17,East,Laptop Air,18,17272.79,12986.47,1
2025-12-17,East,Tablet,21,11917.22,8661.01,1
2025-12-17,East,Smartwatch,25,6981.92,4554.46,0
2025-12-17,East,Headphones,39,5736.47,3183.86,0
2025-12-17,West,Laptop Pro,11,15244.82,11449.68,0
2025-12-17,West,Laptop Air,18,16684.4,13093.68,0
2025-12-17,West,Tablet,20,11597.48,7751.23,0
2025-12-17,West,Smartwatch,26,7190.47,4697.05,2
2025-12-17,West,Headphones,67,9340.45,5372.65,0
2025-12-18,North,Laptop Pro,18,26913.43,19588.5,0
2025-12-18,North,Laptop Air,21,20929.25,15591.01,1
2025-12-18,North,Tablet,26,14717.31,10346.24,2
2025-12-18,North,Smartwatch,46,12934.83,8144.68,1
2025-12-18,North,Headphones,49,7203.77,3858.09,1
2025-12-18,South,Laptop Pro,4,5426.18,4175.25,0
2025-12-18,South,Laptop Air,18,17223.48,13297.41,1
2025-12-18,South,Tablet,25,14465.29,10082.98,1
2025-12-18,South,Smartwatch,26,7756.87,4728.49,0
2025-12-18,South,Headphones,39,5747.56,3170.62,0
2025-12-18,East,Laptop Pro,11,15424.85,11320.35,0
2025-12-18,East,Laptop Air,15,14912.3,10646.84,1
2025-12-18,East,Tablet,26,14823.57,10508.21,0
2025-12-18,East,Smartwatch,33,9397.75,5847.46,1
2025-12-18,East,Headphones,46,6372.02,3567.66,0
2025-12-18,West,Laptop Pro,16,22104.09,16436.25,1
2025-12-18,West,Laptop Air,22,20336.73,16174.02,0
2025-12-18,West,Tablet,23,13202.38,9131.17,2
2025-12-18,West,Smartwatch,40,11959.9,7232.52,1
2025-12-18,West,Headphones,52,7626.96,4074.09,1
2025-12-19,North,Laptop Pro,14,20201.17,14811.54,0
2025-12-19,North,Laptop Air,25,24921.76,17902.95,1
2025-12-19,North,Tablet,28,16750.14,11299.95,0
2025-12-19,North,Smartwatch,32,9351.15,5704.95,0
2025-12-19,North,Headphones,60,8721.11,4848.41,0
2025-12-19,South,Laptop Pro,6,8077.2,6233.6,0
2025-12-19,South,Laptop Air,12,11104.46,8626.12,1
2025-12-19,South,Tablet,23,13368.14,9150.01,0
2025-12-19,South,Smartwatch,23,6873.45,4142.17,1
2025-12-19,South,Headphones,47,6745.42,3780.99,2
2025-12-19,East,Laptop Pro,22,32054.98,22871.35,1
2025-12-19,East,Laptop Air,21,19486.15,15083.83,0
2025-12-19,East,Tablet,17,9847.9,6825.36,0
2025-12-19,East,Smartwatch,28,8183.75,5091.17,1
2025-12-19,East,Headphones,49,6924.36,3914.03,0
2025-12-19,West,Laptop Pro,22,31697.81,22690.18,0
2025-12-19,West,Laptop Air,14,13378.29,10097.43,0
2025-12-19,West,Tablet,23,13632.12,9323.34,0
2025-12-19,West,Smartwatch,34,9893.84,5956.82,0
2025-12-19,West,Headphones,63,9414.9,4906.8,0
2025-12-20,North,Laptop Pro,19,26778.88,19685.78,1
2025-12-20,North,Laptop Air,17,16666.01,12192.92,0
2025-12-20,North,Tablet,24,14261.17,9178.19,0
2025-12-20,North,Smartwatch,38,10862.37,6918.54,2
2025-12-20,North,Headphones,48,6866.25,3825.98,0
2025-12-20,South,Laptop Pro,4,5510.06,4002.51,0
2025-12-20,South,Laptop Air,19,17537.23,13375.44,0
2025-12-20,South,Tablet,26,14806.87,10337.48,0
2025-12-20,South,Smartwatch,24,6666.4,4166.85,0
2025-12-20,South,Headphones,46,6734.07,3751.43,0
2025-12-20,East,Laptop Pro,21,30109.46,22132.39,2
2025-12-20,East,Laptop Air,21,20305.29,15325.08,2
2025-12-20,East,Tablet,27,15664.38,10577.73,0
2025-12-20,East,Smartwatch,36,10758.73,6533.31,2
2025-12-20,East,Headphones,54,7957.68,4262.92,1
2025-12-20,West,Laptop Pro,22,30704.98,23011.08,2
2025-12-20,West,Laptop Air,18,16776.21,13051.45,0
2025-12-20,West,Tablet,29,17253.7,11583.74,1
2025-12-20,West,Smartwatch,26,7788.68,4755.67,0
2025-12-20,West,Headphones,43,6397.34,3449.57,0
2025-12-21,North,Laptop Pro,14,19926.81,14563.84,1
2025-12-21,North,Laptop Air,33,32366.87,24160.54,0
2025-12-21,North,Tablet,39,21972.37,15928.74,1
2025-12-21,North,Smartwatch,36,10794.96,6491.35,0
2025-12-21,North,Headphones,60,8484.64,4928.27,2
2025-12-21,South,Laptop Pro,6,7851.31,6270.33,1
2025-12-21,South,Laptop Air,25,24910.39,17953.94,0
2025-12-21,South,Tablet,23,12842.4,9200.81,1
2025-12-21,South,Smartwatch,39,10840.87,7001.78,0
2025-12-21,South,Headphones,51,7322.07,4054.66,0
2025-12-21,East,Laptop Pro,21,30782.99,21734.75,1
2025-12-21,East,Laptop Air,24,22919.4,16936.43,3
2025-12-21,East,Tablet,27,15797.48,10823.92,1
2025-12-21,East,Smartwatch,34,9438.5,6266.68,0
2025-12-21,East,Headphones,59,8465.11,4796.86,1
2025-12-21,West,Laptop Pro,21,29487.26,22221.15,2
2025-12-21,West,Laptop Air,24,22828.86,17711.71,0
2025-12-21,West,Tablet,25,14653.91,10003.85,1
2025-12-21,West,Smartwatch,35,10079.89,6175.41,1
2025-12-21,West,Headphones,45,6274.86,3574.84,2
2025-12-22,North,Laptop Pro,21,30535.16,22023.25,0
2025-12-22,North,Laptop Air,20,19453.87,14252.42,2
2025-12-22,North,Tablet,30,16622.74,12146.42,1
2025-12-22,North,Smartwatch,39,11387.32,7151.35,1
2025-12-22,North,Headphones,60,8381.16,4633.72,0
2025-12-22,South,Laptop Pro,10,13930.33,10469.45,2
2025-12-22,South,Laptop Air,15,14049.93,10172.93,0
2025-12-22,South,Tablet,15,8556.98,5989.01,0
2025-12-22,South,Smartwatch,28,8319.23,5029.64,0
2025-12-22,South,Headphones,40,5969.31,3313.68,0
2025-12-22,East,Laptop Pro,18,26355.66,19458.03,2
2025-12-22,East,Laptop Air,25,23685.09,18335.65,2
2025-12-22,East,Tablet,14,8158.0,5492.51,1
2025-12-22,East,Smartwatch,37,10859.22,6524.47,1
2025-12-22,East,Headphones,41,5863.72,3208.1,0
2025-12-22,West,Laptop Pro,16,22171.09,17312.94,0
2025-12-22,West,Laptop Air,21,20795.29,14844.68,0
2025-12-22,West,Tablet,28,15933.68,11113.63,1
2025-12-22,West,Smartwatch,41,11402.2,7247.19,2
2025-12-22,West,Headphones,57,8179.89,4445.25,0
2025-12-23,North,Laptop Pro,13,17995.87,13740.8,0
2025-12-23,North,Laptop Air,27,25708.55,19499.62,0
2025-12-23,North,Tablet,22,12489.73,8408.48,0
2025-12-23,North,Smartwatch,41,11521.38,7187.83,0
2025-12-23,North,Headphones,60,8856.2,4824.5,1
2025-12-23,South,Laptop Pro,1,1346.71,1048.48,0
2025-12-23,South,Laptop Air,19,18066.32,13570.31,0
2025-12-23,South,Tablet,18,10696.19,7287.22,1
2025-12-23,South,Smartwatch,29,8382.96,5069.35,5
2025-12-23,South,Headphones,46,6474.59,3636.21,0
2025-12-23,East,Laptop Pro,15,22426.73,15913.18,0
2025-12-23,East,Laptop Air,19,18371.49,13502.35,0
2025-12-23,East,Tablet,21,12453.12,8452.51,1
2025-12-23,East,Smartwatch,36,10648.15,6331.45,1
2025-12-23,East,Headphones,43,6185.51,3383.32,1
2025-12-23,West,Laptop Pro,5,7482.31,5062.87,0
2025-12-23,West,Laptop Air,18,17388.06,12426.79,2
2025-12-23,West,Tablet,21,12574.09,8320.04,0
2025-12-23,West,Smartwatch,24,6666.88,4358.88,0
2025-12-23,West,Headphones,48,6691.42,3831.18,1
2025-12-24,North,Laptop Pro,13,19169.84,13966.76,0
2025-12-24,North,Laptop Air,18,17905.24,12858.19,0
2025-12-24,North,Tablet,29,17051.12,11108.13,2
2025-12-24,North,Smartwatch,48,14367.29,8699.48,2
2025-12-24,North,Headphones,59,8329.77,4618.19,3
2025-12-24,South,Laptop Pro,3,4033.73,3157.93,2
2025-12-24,South,Laptop Air,19,18173.36,13054.69,1
2025-12-24,South,Tablet,26,14536.74,10342.79,2
2025-12-24,South,Smartwatch,35,9820.18,6388.54,1
2025-12-24,South,Headphones,46,6674.3,3722.72,0
2025-12-24,East,Laptop Pro,11,15694.36,11492.08,1
2025-12-24,East,Laptop Air,15,14469.83,10788.91,2
2025-12-24,East,Tablet,28,15961.33,11088.63,1
2025-12-24,East,Smartwatch,36,10669.08,6441.34,1
2025-12-24,East,Headphones,54,7905.55,4374.15,0
2025-12-24,West,Laptop Pro,11,16167.51,11376.78,1
2025-12-24,West,Laptop Air,19,18745.45,13501.64,0
2025-12-24,West,Tablet,33,19144.48,12783.0,1
2025-12-24,West,Smartwatch,29,8194.36,5287.52,1
2025-12-24,West,Headphones,46,6681.38,3656.46,1
2025-12-25,North,Laptop Pro,16,22113.34,16375.65,0
2025-12-25,North,Laptop Air,13,12685.83,9513.94,1
2025-12-25,North,Tablet,27,14971.22,10778.17,0
2025-12-25,North,Smartwatch,27,7974.58,4782.55,0
2025-12-25,North,Headphones,58,8476.74,4717.78,0
2025-12-25,South,Laptop Pro,10,13932.61,10416.85,2
2025-12-25,South,Laptop Air,19,18638.38,13235.71,0
2025-12-25,South,Tablet,26,15403.92,10588.03,0
2025-12-25,South,Smartwatch,40,11400.17,7071.19,2
2025-12-25,South,Headphones,54,7970.0,4576.24,1
2025-12-25,East,Laptop Pro,7,10428.49,7276.47,1
2025-12-25,East,Laptop Air,19,18595.04,13113.66,0
2025-12-25,East,Tablet,20,11348.74,8271.99,0
2025-12-25,East,Smartwatch,34,9850.24,6106.44,1
2025-12-25,East,Headphones,47,6961.93,3775.15,0
2025-12-25,West,Laptop Pro,11,16416.25,11625.62,2
2025-12-25,West,Laptop Air,19,17891.38,13292.85,0
2025-12-25,West,Tablet,26,14721.27,9938.02,2
2025-12-25,West,Smartwatch,47,13579.4,8781.37,1
2025-12-25,West,Headphones,41,5890.35,3173.88,2
2025-12-26,North,Laptop Pro,15,22067.11,16248.85,0
2025-12-26,North,Laptop Air,22,21145.81,15989.57,1
2025-12-26,North,Tablet,28,15820.75,11227.08,0
2025-12-26,North,Smartwatch,36,10133.4,6412.29,2
2025-12-26,North,Headphones,47,6857.96,3929.55,0
2025-12-26,South,Laptop Pro,8,10647.98,8274.5,1
2025-12-26,South,Laptop Air,20,19221.62,14192.91,1
2025-12-26,South,Tablet,31,17499.87,12553.47,1
2025-12-26,South,Smartwatch,38,10770.01,6740.54,2
2025-12-26,South,Headphones,41,5780.82,3210.1,1
2025-12-26,East,Laptop Pro,11,16282.35,11524.28,0
2025-12-26,East,Laptop Air,21,20458.83,15311.87,1
2025-12-26,East,Tablet,20,11745.62,8292.24,0
2025-12-26,East,Smartwatch,26,7521.03,4870.05,1
2025-12-26,East,Headphones,43,6210.11,3313.16,0
2025-12-26,West,Laptop Pro,14,19878.92,14990.99,0
2025-12-26,West,Laptop Air,27,25769.65,19036.93,2
2025-12-26,West,Tablet,32,18309.31,12547.37,2
2025-12-26,West,Smartwatch,34,9683.48,6047.54,2
2025-12-26,West,Headphones,53,7776.44,4184.4,1
2025-12-27,North,Laptop Pro,15,22092.96,15396.53,0
2025-12-27,North,Laptop Air,21,20638.48,14400.98,0
2025-12-27,North,Tablet,26,14627.25,10690.12,0
2025-12-27,North,Smartwatch,55,16371.61,10067.68,2
2025-12-27,North,Headphones,44,6433.1,3515.23,0
2025-12-27,South,Laptop Pro,2,2756.67,2057.21,2
2025-12-27,South,Laptop Air,19,18100.27,14003.93,0
2025-12-27,South,Tablet,18,10001.5,7183.49,0
2025-12-27,South,Smartwatch,43,11993.29,7643.05,2
2025-12-27,South,Headphones,42,6246.88,3246.08,0
2025-12-27,East,Laptop Pro,9,12916.57,9542.08,0
2025-12-27,East,Laptop Air,20,19940.48,14289.01,1
2025-12-27,East,Tablet,31,17420.9,12452.12,3
2025-12-27,East,Smartwatch,41,11931.28,7397.37,0
2025-12-27,East,Headphones,58,8550.45,4694.27,1
2025-12-27,West,Laptop Pro,21,30280.06,22123.48,0
2025-12-27,West,Laptop Air,24,23164.6,17157.12,1
2025-12-27,West,Tablet,32,17751.35,12929.05,0
2025-12-27,West,Smartwatch,40,11968.14,7329.66,1
2025-12-27,West,Headphones,52,7207.21,4284.47,1
2025-12-28,North,Laptop Pro,21,30909.38,21533.63,2
2025-12-28,North,Laptop Air,19,18779.55,13970.52,1
2025-12-28,North,Tablet,31,17496.17,11993.73,1
2025-12-28,North,Smartwatch,43,12360.7,7889.28,1
2025-12-28,North,Headphones,71,9886.91,5607.22,1
2025-12-28,South,Laptop Pro,5,6731.79,5333.11,0
2025-12-28,South,Laptop Air,10,9595.63,7407.74,0
2025-12-28,South,Tablet,26,15342.71,10437.3,0
2025-12-28,South,Smartwatch,31,8593.37,5574.72,0
2025-12-28,South,Headphones,44,6249.15,3513.07,0
2025-12-28,East,Laptop Pro,22,31411.86,22882.59,0
2025-12-28,East,Laptop Air,18,16862.32,13251.45,0
2025-12-28,East,Tablet,27,16068.75,10776.72,1
2025-12-28,East,Smartwatch,40,11168.24,6886.76,2
2025-12-28,East,Headphones,53,7631.69,4314.98,0
2025-12-28,West,Laptop Pro,12,16844.81,12809.57,1
2025-12-28,West,Laptop Air,26,24517.73,18736.14,0
2025-12-28,West,Tablet,33,19085.2,12991.91,4
2025-12-28,West,Smartwatch,30,8445.81,5274.7,1
2025-12-28,West,Headphones,46,6502.18,3622.2,1
2025-12-29,North,Laptop Pro,13,19494.19,13704.28,1
2025-12-29,North,Laptop Air,25,23581.51,17336.33,1
2025-12-29,North,Tablet,18,10360.41,7261.12,0
2025-12-29,North,Smartwatch,24,6716.46,4326.27,0
2025-12-29,North,Headphones,54,7575.35,4431.22,4
2025-12-29,South,Laptop Pro,7,9733.54,7453.08,2
2025-12-29,South,Laptop Air,20,19965.19,14191.76,1
2025-12-29,South,Tablet,13,7677.49,5024.15,1
2025-12-29,South,Smartwatch,34,9595.24,6019.48,0
2025-12-29,South,Headphones,54,7535.36,4439.34,1
2025-12-29,East,Laptop Pro,15,21238.97,15842.72,0
2025-12-29,East,Laptop Air,16,14949.65,11657.63,0
2025-12-29,East,Tablet,22,12579.87,8689.26,2
2025-12-29,East,Smartwatch,19,5469.03,3453.16,1
2025-12-29,East,Headphones,40,5534.23,3102.71,2
2025-12-29,West,Laptop Pro,7,10432.3,7487.47,0
2025-12-29,West,Laptop Air,25,24157.29,17584.05,0
2025-12-29,West,Tablet,23,13493.02,8836.71,1
2025-12-29,West,Smartwatch,46,13665.26,8654.64,0
2025-12-29,West,Headphones,64,9134.92,5133.81,2
2025-12-30,North,Laptop Pro,11,16152.51,11574.77,0
2025-12-30,North,Laptop Air,31,29851.85,21485.25,2
2025-12-30,North,Tablet,31,18396.76,12554.39,1
2025-12-30,North,Smartwatch,44,12788.17,8060.35,0
2025-12-30,North,Headphones,57,8413.03,4541.82,0
2025-12-30,South,Laptop Pro,7,9120.02,7480.82,1
2025-12-30,South,Laptop Air,15,14373.12,11052.83,0
2025-12-30,South,Tablet,20,11232.44,8084.12,1
2025-12-30,South,Smartwatch,32,9226.96,5510.45,0
2025-12-30,South,Headphones,44,6577.62,3438.93,1
2025-12-30,East,Laptop Pro,18,25499.76,19537.65,0
2025-12-30,East,Laptop Air,27,26896.7,19472.03,0
2025-12-30,East,Tablet,26,15106.99,10418.07,0
2025-12-30,East,Smartwatch,30,8606.2,5310.18,2
2025-12-30,East,Headphones,51,7172.75,4027.98,1
2025-12-30,West,Laptop Pro,9,12529.51,9675.41,1
2025-12-30,West,Laptop Air,25,24590.37,18539.45,0
2025-12-30,West,Tablet,30,17044.46,12191.33,0
2025-12-30,West,Smartwatch,35,10105.01,6369.5,0
2025-12-30,West,Headphones,51,7180.28,4131.13,1
2025-12-31,North,Laptop Pro,8,11097.75,8388.18,0
2025-12-31,North,Laptop Air,23,22019.34,16161.35,0
2025-12-31,North,Tablet,20,11724.7,7772.83,1
2025-12-31,North,Smartwatch,35,9829.25,6465.66,0
2025-12-31,North,Headphones,28,4023.02,2238.52,0
2025-12-31,South,Laptop Pro,4,5216.51,4240.07,1
2025-12-31,South,Laptop Air,12,11456.57,8676.42,1
2025-12-31,South,Tablet,22,12210.4,8846.02,0
2025-12-31,South,Smartwatch,35,10485.27,6343.46,1
2025-12-31,South,Headphones,53,7480.02,4299.14,1
2025-12-31,East,Laptop Pro,12,17500.99,12406.58,0
2025-12-31,East,Laptop Air,20,18930.21,14740.53,0
2025-12-31,East,Tablet,20,11095.35,7881.96,0
2025-12-31,East,Smartwatch,33,9382.1,5968.45,1
2025-12-31,East,Headphones,51,7194.07,3983.47,2
2025-12-31,West,Laptop Pro,16,23696.54,16744.01,1
2025-12-31,West,Laptop Air,23,22686.25,16341.46,0
2025-12-31,West,Tablet,25,14311.89,10004.84,0
2025-12-31,West,Smartwatch,31,8979.63,5662.07,0
2025-12-31,West,Headphones,46,6838.64,3685.6,3
